Domain,Kingdom,Phylum,Class,Order,Family,Genus,Species,OTU,Total,Percent,Prevalence
d__Bacteria,k__norank_d__Bacteria,p__Patescibacteria,c__Saccharimonadia,o__Saccharimonadales,f__norank_o__Saccharimonadales,g__norank_o__Saccharimonadales,s__wastewater_metagenome_g__norank_o__Saccharimonadales,OTU10,11,2.0E-5,23.529411764706%
d__Bacteria,k__norank_d__Bacteria,p__Patescibacteria,c__Saccharimonadia,o__Saccharimonadales,f__norank_o__Saccharimonadales,g__norank_o__Saccharimonadales,s__uncultured_bacterium_g__norank_o__Saccharimonadales,OTU21,4,5.53547e-6,5.8823529411765%
d__Bacteria,k__norank_d__Bacteria,p__Dependentiae,c__Babeliae,o__Babeliales,f__unclassified_o__Babeliales,g__unclassified_o__Babeliales,s__unclassified_o__Babeliales,OTU33,2,2.76774e-6,11.764705882353%
d__Bacteria,k__norank_d__Bacteria,p__Gemmatimonadetes,c__Gemmatimonadetes,o__Gemmatimonadales,f__Gemmatimonadaceae,g__Gemmatimonas,s__unclassified_g__Gemmatimonas,OTU40,7,9.68708e-6,17.647058823529%
d__Bacteria,k__norank_d__Bacteria,p__Proteobacteria,c__Gammaproteobacteria,o__Gammaproteobacteria_Incertae_Sedis,f__unclassified_o__Gammaproteobacteria_Incertae_Sedis,g__norank_f__unclassified_o__Gammaproteobacteria_Incertae_Sedis,s__unclassified_g__norank_f__unclassified_o__Gammaproteobacteria_Incertae_Sedis,OTU41,5,6.91934e-6,11.764705882353%
d__Bacteria,k__norank_d__Bacteria,p__Cyanobacteria,c__Oxyphotobacteria,o__Chloroplast,f__norank_o__Chloroplast,g__norank_o__Chloroplast,s__uncultured_Cyanobacterium_sp._g__norank,OTU46,6,8.30321e-6,17.647058823529%
d__Bacteria,k__norank_d__Bacteria,p__Deinococcus-Thermus,c__Deinococci,o__Deinococcales,f__Deinococcaceae,g__Deinococcus,s__Deinococcus_grandis,OTU84,23,3.0E-5,11.764705882353%
d__Bacteria,k__norank_d__Bacteria,p__Firmicutes,c__Bacilli,o__Lactobacillales,f__Lactobacillaceae,g__Lactobacillus,s__Lactobacillus_fermentum,OTU101,2,2.76774e-6,11.764705882353%
d__Bacteria,k__norank_d__Bacteria,p__Proteobacteria,c__Gammaproteobacteria,o__Legionellales,f__Legionellaceae,g__Legionella,s__unclassified_g__Legionella,OTU117,4,5.53547e-6,11.764705882353%
d__Bacteria,k__norank_d__Bacteria,p__Proteobacteria,c__Gammaproteobacteria,o__Betaproteobacteriales,f__Methylophilaceae,g__Methylotenera,s__uncultured_bacterium_g__Methylotenera,OTU130,5,6.91934e-6,17.647058823529%
d__Bacteria,k__norank_d__Bacteria,p__Chloroflexi,c__Anaerolineae,o__Anaerolineales,f__Anaerolineaceae,g__RBG-16-58-14,s__uncultured_bacterium_g__RBG-16-58-14,OTU138,7,9.68708e-6,17.647058823529%
d__Bacteria,k__norank_d__Bacteria,p__Proteobacteria,c__Gammaproteobacteria,o__Xanthomonadales,f__Xanthomonadaceae,g__Arenimonas,s__unclassified_g__Arenimonas,OTU152,405,0.00056,17.647058823529%
d__Bacteria,k__norank_d__Bacteria,p__Patescibacteria,c__Saccharimonadia,o__Saccharimonadales,f__norank_o__Saccharimonadales,g__norank_o__Saccharimonadales,s__unclassified_g__norank_o__Saccharimonadales,OTU176,2,2.76774e-6,11.764705882353%
d__Bacteria,k__norank_d__Bacteria,p__Bacteroidetes,c__Bacteroidia,o__Chitinophagales,f__Chitinophagaceae,g__Flavisolibacter,s__unclassified_g__Flavisolibacter,OTU203,5,6.91934e-6,5.8823529411765%
d__Bacteria,k__norank_d__Bacteria,p__Proteobacteria,c__Gammaproteobacteria,o__Xanthomonadales,f__Xanthomonadaceae,g__Lysobacter,s__unclassified_g__Lysobacter,OTU218,25,3.0E-5,29.411764705882%
d__Bacteria,k__norank_d__Bacteria,p__Verrucomicrobia,c__Verrucomicrobiae,o__Verrucomicrobiales,f__Verrucomicrobiaceae,g__norank_f__Verrucomicrobiaceae,s__unclassified_g__norank_f__Verrucomicrobiaceae,OTU226,106,0.00015,17.647058823529%
d__Bacteria,k__norank_d__Bacteria,p__Armatimonadetes,c__norank_p__Armatimonadetes,o__norank_p__Armatimonadetes,f__norank_p__Armatimonadetes,g__norank_p__Armatimonadetes,s__uncultured_soil_bacterium_g__norank_p__Armatimonadetes,OTU231,2,2.76774e-6,5.8823529411765%
d__Bacteria,k__norank_d__Bacteria,p__Bacteroidetes,c__Bacteroidia,o__Chitinophagales,f__Chitinophagaceae,g__norank_f__Chitinophagaceae,s__metagenome_g__norank_f__Chitinophagaceae,OTU274,7,9.68708e-6,17.647058823529%
d__Bacteria,k__norank_d__Bacteria,p__Proteobacteria,c__Gammaproteobacteria,o__norank_c__Gammaproteobacteria,f__norank_c__Gammaproteobacteria,g__norank_c__Gammaproteobacteria,s__metagenome_g__norank_c__Gammaproteobacteria,OTU23,6,8.30321e-6,5.8823529411765%
d__Bacteria,k__norank_d__Bacteria,p__Bacteroidetes,c__Bacteroidia,o__Sphingobacteriales,f__env.OPS_17,g__norank_f__env.OPS_17,s__uncultured_bacterium_g__norank_f__env.OPS_17,OTU276,6,8.30321e-6,11.764705882353%
d__Bacteria,k__norank_d__Bacteria,p__Proteobacteria,c__Alphaproteobacteria,o__Sphingomonadales,f__Sphingomonadaceae,g__Sphingorhabdus,s__uncultured_bacterium_g__Sphingorhabdus,OTU55,28871,0.03995,52.941176470588%
d__Bacteria,k__norank_d__Bacteria,p__Proteobacteria,c__Alphaproteobacteria,o__Acetobacterales,f__Acetobacteraceae,g__unclassified_f__Acetobacteraceae,s__unclassified_f__Acetobacteraceae,OTU48,18,2.0E-5,29.411764705882%
d__Bacteria,k__norank_d__Bacteria,p__Verrucomicrobia,c__Verrucomicrobiae,o__norank_c__Verrucomicrobiae,f__norank_c__Verrucomicrobiae,g__norank_c__Verrucomicrobiae,s__uncultured_bacterium_g__norank_c__Verrucomicrobiae,OTU302,136,0.00019,11.764705882353%
d__Bacteria,k__norank_d__Bacteria,p__Patescibacteria,c__unclassified_p__Patescibacteria,o__unclassified_p__Patescibacteria,f__unclassified_p__Patescibacteria,g__unclassified_p__Patescibacteria,s__unclassified_p__Patescibacteria,OTU81,2,2.76774e-6,11.764705882353%
d__Bacteria,k__norank_d__Bacteria,p__Dependentiae,c__Babeliae,o__Babeliales,f__Vermiphilaceae,g__norank_f__Vermiphilaceae,s__uncultured_bacterium_g__norank_f__Vermiphilaceae,OTU54,2,2.76774e-6,11.764705882353%
d__Bacteria,k__norank_d__Bacteria,p__Proteobacteria,c__Gammaproteobacteria,o__Methylococcales,f__Methylococcaceae,g__Methyloparacoccus,s__unclassified_g__Methyloparacoccus,OTU306,9,1.0E-5,11.764705882353%
d__Bacteria,k__norank_d__Bacteria,p__Acidobacteria,c__Blastocatellia_Subgroup_4,o__Blastocatellales,f__Blastocatellaceae,g__JGI_0001001-H03,s__unclassified_g__JGI_0001001-H03,OTU83,5,6.91934e-6,11.764705882353%
d__Bacteria,k__norank_d__Bacteria,p__Zixibacteria,c__norank_p__Zixibacteria,o__norank_p__Zixibacteria,f__norank_p__Zixibacteria,g__norank_p__Zixibacteria,s__bacterium_enrichment_culture_clone_Anammox_55,OTU314,2,2.76774e-6,5.8823529411765%
d__Bacteria,k__norank_d__Bacteria,p__Acidobacteria,c__Thermoanaerobaculia,o__Thermoanaerobaculales,f__Thermoanaerobaculaceae,g__Subgroup_10,s__unclassified_g__Subgroup_10,OTU5,11,2.0E-5,17.647058823529%
d__Bacteria,k__norank_d__Bacteria,p__Bacteroidetes,c__Bacteroidia,o__Cytophagales,f__Microscillaceae,g__OLB12,s__uncultured_bacterium_g__OLB12,OTU355,14,2.0E-5,17.647058823529%
d__Bacteria,k__norank_d__Bacteria,p__Proteobacteria,c__Alphaproteobacteria,o__Rhizobiales,f__Rhodomicrobiaceae,g__Rhodomicrobium,s__uncultured_Rhodomicrobium_sp._g__Rhodomicrobium,OTU103,3,4.15161e-6,11.764705882353%
d__Bacteria,k__norank_d__Bacteria,p__Actinobacteria,c__Actinobacteria,o__Streptomycetales,f__Streptomycetaceae,g__Streptomyces,s__unclassified_g__Streptomyces,OTU375,85,0.00012,70.588235294118%
d__Bacteria,k__norank_d__Bacteria,p__Acidobacteria,c__Holophagae,o__Subgroup_7,f__norank_o__Subgroup_7,g__norank_o__Subgroup_7,s__uncultured_Acidobacterium_sp._g__norank_o__Subgroup_7,OTU88,10,1.0E-5,17.647058823529%
d__Bacteria,k__norank_d__Bacteria,p__Bacteroidetes,c__Bacteroidia,o__Cytophagales,f__Microscillaceae,g__Ohtaekwangia,s__uncultured_bacterium_g__Ohtaekwangia,OTU137,4,5.53547e-6,5.8823529411765%
d__Bacteria,k__norank_d__Bacteria,p__Proteobacteria,c__Gammaproteobacteria,o__Pseudomonadales,f__Moraxellaceae,g__Permianibacter,s__uncultured_bacterium_g__Permianibacter,OTU402,6,8.30321e-6,11.764705882353%
d__Bacteria,k__norank_d__Bacteria,p__Patescibacteria,c__Parcubacteria,o__norank_c__Parcubacteria,f__norank_c__Parcubacteria,g__norank_c__Parcubacteria,s__uncultured_bacterium_g__norank_c__Parcubacteria,OTU97,3,4.15161e-6,17.647058823529%
d__Bacteria,k__norank_d__Bacteria,p__Chlamydiae,c__Chlamydiae,o__Chlamydiales,f__unclassified_o__Chlamydiales,g__unclassified_o__Chlamydiales,s__unclassified_o__Chlamydiales,OTU42,3,4.15161e-6,11.764705882353%
d__Bacteria,k__norank_d__Bacteria,p__Dependentiae,c__Babeliae,o__Babeliales,f__UBA12409,g__norank_f__UBA12409,s__uncultured_bacterium_g__norank_f__UBA12409,OTU153,4,5.53547e-6,17.647058823529%
d__Bacteria,k__norank_d__Bacteria,p__Rokubacteria,c__NC10,o__Rokubacteriales,f__norank_o__Rokubacteriales,g__norank_o__Rokubacteriales,s__bacterium_WX65,OTU413,14,2.0E-5,17.647058823529%
d__Bacteria,k__norank_d__Bacteria,p__Proteobacteria,c__Alphaproteobacteria,o__Rhizobiales,f__Beijerinckiaceae,g__Microvirga,s__metagenome_g__Microvirga,OTU100,29,4.0E-5,35.294117647059%
d__Bacteria,k__norank_d__Bacteria,p__Firmicutes,c__Bacilli,o__Bacillales,f__Paenibacillaceae,g__Paenibacillus,s__Paenibacillus_turicensis,OTU68,3,4.15161e-6,17.647058823529%
d__Bacteria,k__norank_d__Bacteria,p__Acidobacteria,c__Subgroup_6,o__norank_c__Subgroup_6,f__norank_c__Subgroup_6,g__norank_c__Subgroup_6,s__uncultured_Acidobacterium_sp._g__norank_c__Subgroup_6,OTU30,2,2.76774e-6,5.8823529411765%
d__Bacteria,k__norank_d__Bacteria,p__Verrucomicrobia,c__Verrucomicrobiae,o__Verrucomicrobiales,f__Verrucomicrobiaceae,g__norank_f__Verrucomicrobiaceae,s__uncultured_bacterium_g__norank_f__Verrucomicrobiaceae,OTU154,31,4.0E-5,17.647058823529%
d__Bacteria,k__norank_d__Bacteria,p__Patescibacteria,c__Saccharimonadia,o__Saccharimonadales,f__norank_o__Saccharimonadales,g__norank_o__Saccharimonadales,s__uncultured_bacterium_g__norank_o__Saccharimonadales,OTU3,6,8.30321e-6,11.764705882353%
d__Bacteria,k__norank_d__Bacteria,p__Proteobacteria,c__Gammaproteobacteria,o__Betaproteobacteriales,f__Burkholderiaceae,g__Rhodoferax,s__unclassified_g__Rhodoferax,OTU448,129,0.00018,47.058823529412%
d__Bacteria,k__norank_d__Bacteria,p__Proteobacteria,c__Gammaproteobacteria,o__Betaproteobacteriales,f__SC-I-84,g__norank_f__SC-I-84,s__uncultured_bacterium_g__norank_f__SC-I-84,OTU115,279,0.00039,88.235294117647%
d__Bacteria,k__norank_d__Bacteria,p__unclassified_k__norank_d__Bacteria,c__unclassified_k__norank_d__Bacteria,o__unclassified_k__norank_d__Bacteria,f__unclassified_k__norank_d__Bacteria,g__unclassified_k__norank_d__Bacteria,s__unclassified_k__norank_d__Bacteria,OTU87,2,2.76774e-6,5.8823529411765%
d__Bacteria,k__norank_d__Bacteria,p__Bacteroidetes,c__Bacteroidia,o__Chitinophagales,f__Chitinophagaceae,g__Flavisolibacter,s__unclassified_g__Flavisolibacter,OTU169,7,9.68708e-6,11.764705882353%
d__Bacteria,k__norank_d__Bacteria,p__Proteobacteria,c__Gammaproteobacteria,o__Pseudomonadales,f__Moraxellaceae,g__Cavicella,s__uncultured_bacterium_g__Cavicella,OTU121,43,6.0E-5,29.411764705882%
d__Bacteria,k__norank_d__Bacteria,p__Proteobacteria,c__Gammaproteobacteria,o__Betaproteobacteriales,f__Nitrosomonadaceae,g__Ellin6067,s__unclassified_g__Ellin6067,OTU471,58,8.0E-5,58.823529411765%
d__Bacteria,k__norank_d__Bacteria,p__Chloroflexi,c__Dehalococcoidia,o__S085,f__norank_o__S085,g__norank_o__S085,s__uncultured_bacterium_g__norank_o__S085,OTU90,4,5.53547e-6,11.764705882353%
d__Bacteria,k__norank_d__Bacteria,p__Acidobacteria,c__Subgroup_25,o__norank_c__Subgroup_25,f__norank_c__Subgroup_25,g__norank_c__Subgroup_25,s__uncultured_bacterium_g__norank_c__Subgroup_25,OTU35,5,6.91934e-6,5.8823529411765%
d__Bacteria,k__norank_d__Bacteria,p__Proteobacteria,c__Gammaproteobacteria,o__Xanthomonadales,f__Xanthomonadaceae,g__Thermomonas,s__uncultured_bacterium_g__Thermomonas,OTU13,1482,0.00205,64.705882352941%
d__Bacteria,k__norank_d__Bacteria,p__Proteobacteria,c__Gammaproteobacteria,o__Coxiellales,f__Coxiellaceae,g__Coxiella,s__unclassified_g__Coxiella,OTU180,14,2.0E-5,17.647058823529%
d__Bacteria,k__norank_d__Bacteria,p__Proteobacteria,c__Gammaproteobacteria,o__Xanthomonadales,f__Xanthomonadaceae,g__Arenimonas,s__unclassified_g__Arenimonas,OTU139,38,5.0E-5,17.647058823529%
d__Bacteria,k__norank_d__Bacteria,p__Bacteroidetes,c__Bacteroidia,o__Flavobacteriales,f__Weeksellaceae,g__Chryseobacterium,s__Chryseobacterium_hominis,OTU501,40,6.0E-5,29.411764705882%
d__Bacteria,k__norank_d__Bacteria,p__Proteobacteria,c__Alphaproteobacteria,o__Paracaedibacterales,f__Paracaedibacteraceae,g__Candidatus_Paracaedibacter,s__unclassified_g__Candidatus_Paracaedibacter,OTU91,12,2.0E-5,17.647058823529%
d__Bacteria,k__norank_d__Bacteria,p__Nitrospirae,c__Thermodesulfovibrionia,o__norank_c__Thermodesulfovibrionia,f__norank_c__Thermodesulfovibrionia,g__norank_c__Thermodesulfovibrionia,s__uncultured_Sphingobacteriales_bacterium_g__norank,OTU45,9,1.0E-5,17.647058823529%
d__Bacteria,k__norank_d__Bacteria,p__Actinobacteria,c__Actinobacteria,o__Propionibacteriales,f__Nocardioidaceae,g__Nocardioides,s__Nocardioides_sp._N372010,OTU17,24,3.0E-5,5.8823529411765%
d__Bacteria,k__norank_d__Bacteria,p__Proteobacteria,c__Gammaproteobacteria,o__Pseudomonadales,f__Moraxellaceae,g__Acinetobacter,s__Acinetobacter_albensis,OTU161,24,3.0E-5,29.411764705882%
d__Bacteria,k__norank_d__Bacteria,p__Proteobacteria,c__Alphaproteobacteria,o__Rhizobiales,f__Rhizobiaceae,g__Brucella,s__Brucella_melitensis_g__Brucella,OTU504,23,3.0E-5,35.294117647059%
d__Bacteria,k__norank_d__Bacteria,p__Proteobacteria,c__Gammaproteobacteria,o__Betaproteobacteriales,f__Burkholderiaceae,g__Tibeticola,s__uncultured_bacterium_g__Tibeticola,OTU147,281,0.00039,17.647058823529%
d__Bacteria,k__norank_d__Bacteria,p__Actinobacteria,c__Actinobacteria,o__Solirubrobacterales,f__67-14,g__norank_f__67-14,s__unclassified_g__norank_f__67-14,OTU52,37,5.0E-5,52.941176470588%
d__Bacteria,k__norank_d__Bacteria,p__Planctomycetes,c__OM190,o__norank_c__OM190,f__norank_c__OM190,g__norank_c__OM190,s__uncultured_bacterium_g__norank_c__OM190,OTU212,2,2.76774e-6,5.8823529411765%
d__Bacteria,k__norank_d__Bacteria,p__Chloroflexi,c__Anaerolineae,o__SBR1031,f__A4b,g__norank_f__A4b,s__wastewater_metagenome_g__norank_f__A4b,OTU28,49,7.0E-5,52.941176470588%
d__Bacteria,k__norank_d__Bacteria,p__Cyanobacteria,c__Oxyphotobacteria,o__Chloroplast,f__norank_o__Chloroplast,g__norank_o__Chloroplast,s__unclassified_g__norank_o__Chloroplast,OTU184,4,5.53547e-6,5.8823529411765%
d__Bacteria,k__norank_d__Bacteria,p__Actinobacteria,c__Actinobacteria,o__Micrococcales,f__Microbacteriaceae,g__Agromyces,s__unclassified_g__Agromyces,OTU29,42,6.0E-5,17.647058823529%
d__Bacteria,k__norank_d__Bacteria,p__Dependentiae,c__Babeliae,o__Babeliales,f__UBA12409,g__norank_f__UBA12409,s__unclassified_g__norank_f__UBA12409,OTU529,3,4.15161e-6,5.8823529411765%
d__Bacteria,k__norank_d__Bacteria,p__Proteobacteria,c__Deltaproteobacteria,o__unclassified_c__Deltaproteobacteria,f__unclassified_c__Deltaproteobacteria,g__unclassified_c__Deltaproteobacteria,s__unclassified_c__Deltaproteobacteria,OTU1,4,5.53547e-6,5.8823529411765%
d__Bacteria,k__norank_d__Bacteria,p__Proteobacteria,c__Gammaproteobacteria,o__Steroidobacterales,f__Woeseiaceae,g__Woeseia,s__uncultured_bacterium_g__Woeseia,OTU148,11,2.0E-5,11.764705882353%
d__Bacteria,k__norank_d__Bacteria,p__Proteobacteria,c__Gammaproteobacteria,o__Diplorickettsiales,f__Diplorickettsiaceae,g__Rickettsiella,s__unclassified_g__Rickettsiella,OTU213,19,3.0E-5,17.647058823529%
d__Bacteria,k__norank_d__Bacteria,p__Bacteroidetes,c__Bacteroidia,o__Chitinophagales,f__Chitinophagaceae,g__Dinghuibacter,s__uncultured_bacterium_g__Dinghuibacter,OTU59,5,6.91934e-6,17.647058823529%
d__Bacteria,k__norank_d__Bacteria,p__Proteobacteria,c__Alphaproteobacteria,o__Rhizobiales,f__Xanthobacteraceae,g__norank_f__Xanthobacteraceae,s__unclassified_g__norank_f__Xanthobacteraceae,OTU188,395,0.00055,100%
d__Bacteria,k__norank_d__Bacteria,p__Proteobacteria,c__Alphaproteobacteria,o__Rhodospirillales,f__Rhodopirillaceae,g__Defluviicoccus,s__unclassified_g__Defluviicoccus,OTU47,8,1.0E-5,29.411764705882%
d__Bacteria,k__norank_d__Bacteria,p__Proteobacteria,c__Alphaproteobacteria,o__Paracaedibacterales,f__Paracaedibacteraceae,g__Candidatus_Paracaedibacter,s__uncultured_bacterium_g__Candidatus_Paracaedibacter,OTU89,8,1.0E-5,17.647058823529%
d__Bacteria,k__norank_d__Bacteria,p__Actinobacteria,c__Actinobacteria,o__Microtrichales,f__Ilumatobacteraceae,g__CL500-29_marine_group,s__uncultured_actinobacterium_g__CL500-29_marine_group,OTU531,734,0.00102,52.941176470588%
d__Bacteria,k__norank_d__Bacteria,p__Actinobacteria,c__Actinobacteria,o__IMCC26256,f__norank_o__IMCC26256,g__norank_o__IMCC26256,s__Actinobacteria_bacterium_IMCC26256,OTU172,333,0.00046,64.705882352941%
d__Bacteria,k__norank_d__Bacteria,p__Proteobacteria,c__Gammaproteobacteria,o__Xanthomonadales,f__Xanthomonadaceae,g__Arenimonas,s__uncultured_prokaryote_g__Arenimonas,OTU219,519,0.00072,17.647058823529%
d__Bacteria,k__norank_d__Bacteria,p__Proteobacteria,c__Gammaproteobacteria,o__Betaproteobacteriales,f__Burkholderiaceae,g__GKS98_freshwater_group,s__metagenome_g__GKS98_freshwater_group,OTU190,137,0.00019,17.647058823529%
d__Bacteria,k__norank_d__Bacteria,p__Actinobacteria,c__Actinobacteria,o__Micrococcales,f__Micrococcaceae,g__Arthrobacter,s__unclassified_g__Arthrobacter,OTU4,9119,0.01262,82.352941176471%
d__Bacteria,k__norank_d__Bacteria,p__Cyanobacteria,c__Oxyphotobacteria,o__Chloroplast,f__norank_o__Chloroplast,g__norank_o__Chloroplast,s__Lepocinclis_tripteris,OTU70,3,4.15161e-6,5.8823529411765%
d__Bacteria,k__norank_d__Bacteria,p__Actinobacteria,c__Actinobacteria,o__Solirubrobacterales,f__Solirubrobacteraceae,g__Patulibacter,s__Patulibacter_minatonensis,OTU181,10,1.0E-5,5.8823529411765%
d__Bacteria,k__norank_d__Bacteria,p__Bacteroidetes,c__Bacteroidia,o__Cytophagales,f__Hymenobacteraceae,g__Hymenobacter,s__unclassified_g__Hymenobacter,OTU220,31,4.0E-5,29.411764705882%
d__Bacteria,k__norank_d__Bacteria,p__Proteobacteria,c__Alphaproteobacteria,o__Rickettsiales,f__AB1,g__norank_f__AB1,s__uncultured_proteobacterium_g__norank_f__AB1,OTU547,16,2.0E-5,17.647058823529%
d__Bacteria,k__norank_d__Bacteria,p__Acidobacteria,c__Acidobacteriia,o__Acidobacteriales,f__Koribacteraceae,g__Candidatus_Koribacter,s__uncultured_bacterium_g__Candidatus_Koribacter,OTU109,4,5.53547e-6,11.764705882353%
d__Bacteria,k__norank_d__Bacteria,p__Proteobacteria,c__Gammaproteobacteria,o__Betaproteobacteriales,f__Burkholderiaceae,g__Ralstonia,s__Ralstonia_pickettii,OTU204,7,9.68708e-6,11.764705882353%
d__Bacteria,k__norank_d__Bacteria,p__Patescibacteria,c__Saccharimonadia,o__Saccharimonadales,f__norank_o__Saccharimonadales,g__norank_o__Saccharimonadales,s__unclassified_g__norank_o__Saccharimonadales,OTU12,7,9.68708e-6,11.764705882353%
d__Bacteria,k__norank_d__Bacteria,p__Acidobacteria,c__Subgroup_6,o__norank_c__Subgroup_6,f__norank_c__Subgroup_6,g__norank_c__Subgroup_6,s__metagenome_g__norank_c__Subgroup_6,OTU85,12,2.0E-5,17.647058823529%
d__Bacteria,k__norank_d__Bacteria,p__Patescibacteria,c__Saccharimonadia,o__Saccharimonadales,f__norank_o__Saccharimonadales,g__norank_o__Saccharimonadales,s__uncultured_candidate_division_WS5_bacterium,OTU6,20,3.0E-5,58.823529411765%
d__Bacteria,k__norank_d__Bacteria,p__Actinobacteria,c__Actinobacteria,o__norank_c__Actinobacteria,f__norank_c__Actinobacteria,g__norank_c__Actinobacteria,s__uncultured_bacterium_g__norank_c__Actinobacteria,OTU261,4,5.53547e-6,11.764705882353%
d__Bacteria,k__norank_d__Bacteria,p__Proteobacteria,c__Gammaproteobacteria,o__Betaproteobacteriales,f__Burkholderiaceae,g__Cupriavidus,s__Cupriavidus_pauculus,OTU234,21,3.0E-5,35.294117647059%
d__Bacteria,k__norank_d__Bacteria,p__Actinobacteria,c__Actinobacteria,o__Micrococcales,f__Micrococcaceae,g__Paenarthrobacter,s__unclassified_g__Paenarthrobacter,OTU7,128,0.00018,17.647058823529%
d__Bacteria,k__norank_d__Bacteria,p__Proteobacteria,c__Gammaproteobacteria,o__Diplorickettsiales,f__Diplorickettsiaceae,g__Diplorickettsia,s__unclassified_g__Diplorickettsia,OTU110,44,6.0E-5,17.647058823529%
d__Bacteria,k__norank_d__Bacteria,p__Proteobacteria,c__Gammaproteobacteria,o__Xanthomonadales,f__Xanthomonadaceae,g__Arenimonas,s__unclassified_g__Arenimonas,OTU238,47,7.0E-5,23.529411764706%
d__Bacteria,k__norank_d__Bacteria,p__Chloroflexi,c__Anaerolineae,o__SJA-15,f__norank_o__SJA-15,g__norank_o__SJA-15,s__uncultured_soil_bacterium_g__norank_o__SJA-15,OTU34,5,6.91934e-6,17.647058823529%
d__Bacteria,k__norank_d__Bacteria,p__Patescibacteria,c__Saccharimonadia,o__Saccharimonadales,f__norank_o__Saccharimonadales,g__norank_o__Saccharimonadales,s__uncultured_bacterium_g__norank_o__Saccharimonadales,OTU105,12,2.0E-5,11.764705882353%
d__Bacteria,k__norank_d__Bacteria,p__Proteobacteria,c__Gammaproteobacteria,o__Xanthomonadales,f__Rhodanobacteraceae,g__norank_f__Rhodanobacteraceae,s__uncultured_actinobacterium_g__norank_f__Rhodanobacteraceae,OTU126,4,5.53547e-6,17.647058823529%
d__Bacteria,k__norank_d__Bacteria,p__Acidobacteria,c__AT-s3-28,o__norank_c__AT-s3-28,f__norank_c__AT-s3-28,g__norank_c__AT-s3-28,s__unclassified_g__norank_c__AT-s3-28,OTU267,4,5.53547e-6,17.647058823529%
d__Bacteria,k__norank_d__Bacteria,p__Proteobacteria,c__Gammaproteobacteria,o__Betaproteobacteriales,f__Burkholderiaceae,g__Brachymonas,s__uncultured_bacterium_g__Brachymonas,OTU235,22,3.0E-5,29.411764705882%
d__Bacteria,k__norank_d__Bacteria,p__Chloroflexi,c__Anaerolineae,o__Anaerolineales,f__Anaerolineaceae,g__norank_f__Anaerolineaceae,s__uncultured_prokaryote_g__norank_f__Anaerolineaceae,OTU11,5,6.91934e-6,11.764705882353%
d__Bacteria,k__norank_d__Bacteria,p__Chloroflexi,c__Anaerolineae,o__1-20,f__norank_o__1-20,g__norank_o__1-20,s__uncultured_Chloroflexia_bacterium_g__norank_o__1-20,OTU25,3,4.15161e-6,17.647058823529%
d__Bacteria,k__norank_d__Bacteria,p__Cyanobacteria,c__Melainabacteria,o__Vampirovibrionales,f__norank_o__Vampirovibrionales,g__norank_o__Vampirovibrionales,s__uncultured_bacterium_g__norank_o__Vampirovibrionales,OTU24,3,4.15161e-6,5.8823529411765%
d__Bacteria,k__norank_d__Bacteria,p__Patescibacteria,c__WS6_Dojkabacteria,o__norank_c__WS6_Dojkabacteria,f__norank_c__WS6_Dojkabacteria,g__norank_c__WS6_Dojkabacteria,s__metagenome_g__norank_c__WS6_Dojkabacteria,OTU240,12,2.0E-5,17.647058823529%
d__Bacteria,k__norank_d__Bacteria,p__Proteobacteria,c__Alphaproteobacteria,o__Rhizobiales,f__Devosiaceae,g__unclassified_f__Devosiaceae,s__unclassified_f__Devosiaceae,OTU559,12,2.0E-5,11.764705882353%
d__Bacteria,k__norank_d__Bacteria,p__Proteobacteria,c__Gammaproteobacteria,o__Gammaproteobacteria_Incertae_Sedis,f__unclassified_o__Gammaproteobacteria_Incertae_Sedis,g__unclassified_o__Gammaproteobacteria_Incertae_Sedis,s__unclassified_o__Gammaproteobacteria_Incertae_Sedis,OTU112,2,2.76774e-6,11.764705882353%
d__Bacteria,k__norank_d__Bacteria,p__Bacteroidetes,c__Bacteroidia,o__Chitinophagales,f__Chitinophagaceae,g__Ferruginibacter,s__unclassified_g__Ferruginibacter,OTU118,10,1.0E-5,29.411764705882%
d__Bacteria,k__norank_d__Bacteria,p__Bacteroidetes,c__Bacteroidia,o__Chitinophagales,f__Chitinophagaceae,g__norank_f__Chitinophagaceae,s__unclassified_g__norank_f__Chitinophagaceae,OTU283,3,4.15161e-6,11.764705882353%
d__Bacteria,k__norank_d__Bacteria,p__Patescibacteria,c__Saccharimonadia,o__Saccharimonadales,f__norank_o__Saccharimonadales,g__norank_o__Saccharimonadales,s__uncultured_bacterium_g__norank_o__Saccharimonadales,OTU49,6,8.30321e-6,5.8823529411765%
d__Bacteria,k__norank_d__Bacteria,p__Actinobacteria,c__Actinobacteria,o__Propionibacteriales,f__Propionibacteriaceae,g__norank_f__Propionibacteriaceae,s__uncultured_Actinomycetales_bacterium_g__norank_f__Propionibacteriaceae,OTU254,17,2.0E-5,29.411764705882%
d__Bacteria,k__norank_d__Bacteria,p__Bacteroidetes,c__Bacteroidia,o__Chitinophagales,f__Chitinophagaceae,g__Parasegetibacter,s__Parasegetibacter_luojiensis,OTU2,10,1.0E-5,29.411764705882%
d__Bacteria,k__norank_d__Bacteria,p__Deinococcus-Thermus,c__Deinococci,o__Deinococcales,f__Deinococcaceae,g__Deinococcus,s__Deinococcus_sp.,OTU144,5,6.91934e-6,5.8823529411765%
d__Bacteria,k__norank_d__Bacteria,p__Acidobacteria,c__Blastocatellia_Subgroup_4,o__Blastocatellales,f__Blastocatellaceae,g__Blastocatella,s__unclassified_g__Blastocatella,OTU65,17,2.0E-5,17.647058823529%
d__Bacteria,k__norank_d__Bacteria,p__Firmicutes,c__Bacilli,o__Lactobacillales,f__Lactobacillaceae,g__Lactobacillus,s__Lactobacillus_delbrueckii_subsp._bulgaricus,OTU122,2,2.76774e-6,11.764705882353%
d__Bacteria,k__norank_d__Bacteria,p__Patescibacteria,c__Saccharimonadia,o__Saccharimonadales,f__norank_o__Saccharimonadales,g__norank_o__Saccharimonadales,s__uncultured_Candidatus_Saccharibacteria_bacterium_g__norank_o__Saccharimonadales,OTU19,3,4.15161e-6,11.764705882353%
d__Bacteria,k__norank_d__Bacteria,p__Verrucomicrobia,c__Verrucomicrobiae,o__Chthoniobacterales,f__Chthoniobacteraceae,g__Chthoniobacter,s__uncultured_bacterium_g__Chthoniobacter,OTU312,9,1.0E-5,11.764705882353%
d__Bacteria,k__norank_d__Bacteria,p__Actinobacteria,c__Actinobacteria,o__Microtrichales,f__Ilumatobacteraceae,g__CL500-29_marine_group,s__metagenome_g__CL500-29_marine_group,OTU588,121,0.00017,41.176470588235%
d__Bacteria,k__norank_d__Bacteria,p__Proteobacteria,c__Alphaproteobacteria,o__Sphingomonadales,f__Sphingomonadaceae,g__Sphingomonas,s__unidentified_marine_bacterioplankton_g__Sphingomonas,OTU264,4899,0.00678,82.352941176471%
d__Bacteria,k__norank_d__Bacteria,p__Bacteroidetes,c__Bacteroidia,o__Cytophagales,f__Hymenobacteraceae,g__Hymenobacter,s__unclassified_g__Hymenobacter,OTU76,14,2.0E-5,17.647058823529%
d__Bacteria,k__norank_d__Bacteria,p__Verrucomicrobia,c__Verrucomicrobiae,o__Chthoniobacterales,f__Chthoniobacteraceae,g__Chthoniobacter,s__metagenome_g__Chthoniobacter,OTU242,6,8.30321e-6,11.764705882353%
d__Bacteria,k__norank_d__Bacteria,p__Proteobacteria,c__Alphaproteobacteria,o__Sphingomonadales,f__Sphingomonadaceae,g__Sandarakinorhabdus,s__metagenome_g__Sandarakinorhabdus,OTU50,6,8.30321e-6,23.529411764706%
d__Bacteria,k__norank_d__Bacteria,p__Bacteroidetes,c__Ignavibacteria,o__Kryptoniales,f__BSV26,g__norank_f__BSV26,s__uncultured_bacterium_g__norank_f__BSV26,OTU8,12,2.0E-5,17.647058823529%
d__Bacteria,k__norank_d__Bacteria,p__Proteobacteria,c__Alphaproteobacteria,o__Sphingomonadales,f__Sphingomonadaceae,g__Sphingoaurantiacus,s__uncultured_bacterium_g__Sphingoaurantiacus,OTU94,16,2.0E-5,17.647058823529%
d__Bacteria,k__norank_d__Bacteria,p__Actinobacteria,c__Actinobacteria,o__Solirubrobacterales,f__Solirubrobacteraceae,g__Conexibacter,s__uncultured_bacterium_g__Conexibacter,OTU192,58,8.0E-5,35.294117647059%
d__Bacteria,k__norank_d__Bacteria,p__Acidobacteria,c__Subgroup_6,o__norank_c__Subgroup_6,f__norank_c__Subgroup_6,g__norank_c__Subgroup_6,s__unclassified_g__norank_c__Subgroup_6,OTU132,16,2.0E-5,23.529411764706%
d__Bacteria,k__norank_d__Bacteria,p__Patescibacteria,c__Parcubacteria,o__Candidatus_Moranbacteria,f__norank_o__Candidatus_Moranbacteria,g__norank_o__Candidatus_Moranbacteria,s__uncultured_bacterium_g__norank_o__Candidatus_Moranbacteria,OTU119,3,4.15161e-6,17.647058823529%
d__Bacteria,k__norank_d__Bacteria,p__Bacteroidetes,c__Bacteroidia,o__Sphingobacteriales,f__Sphingobacteriaceae,g__Pedobacter,s__Pedobacter_sp._JJ3205,OTU591,18,2.0E-5,5.8823529411765%
d__Bacteria,k__norank_d__Bacteria,p__Proteobacteria,c__Gammaproteobacteria,o__Betaproteobacteriales,f__Burkholderiaceae,g__Limnohabitans,s__Limnohabitans_curvus,OTU316,1066,0.00148,17.647058823529%
d__Bacteria,k__norank_d__Bacteria,p__Bacteroidetes,c__Bacteroidia,o__Chitinophagales,f__Chitinophagaceae,g__Dinghuibacter,s__uncultured_bacterium_g__Dinghuibacter,OTU259,15,2.0E-5,17.647058823529%
d__Bacteria,k__norank_d__Bacteria,p__Proteobacteria,c__Deltaproteobacteria,o__Oligoflexales,f__Oligoflexaceae,g__Oligoflexus,s__unclassified_g__Oligoflexus,OTU124,6,8.30321e-6,17.647058823529%
d__Bacteria,k__norank_d__Bacteria,p__Firmicutes,c__Clostridia,o__Clostridiales,f__Peptostreptococcaceae,g__Proteocatella,s__uncultured_bacterium_g__Proteocatella,OTU289,4,5.53547e-6,17.647058823529%
d__Bacteria,k__norank_d__Bacteria,p__Firmicutes,c__Bacilli,o__Bacillales,f__Bacillaceae,g__Fictibacillus,s__Fictibacillus_rigui,OTU79,13,2.0E-5,17.647058823529%
d__Bacteria,k__norank_d__Bacteria,p__Proteobacteria,c__Alphaproteobacteria,o__Sphingomonadales,f__Sphingomonadaceae,g__Altererythrobacter,s__alpha_proteobacterium_USH5,OTU104,18,2.0E-5,11.764705882353%
d__Bacteria,k__norank_d__Bacteria,p__Actinobacteria,c__Actinobacteria,o__norank_c__Actinobacteria,f__norank_c__Actinobacteria,g__norank_c__Actinobacteria,s__uncultured_actinobacterium_g__norank_c__Actinobacteria,OTU18,2,2.76774e-6,5.8823529411765%
d__Bacteria,k__norank_d__Bacteria,p__Actinobacteria,c__Actinobacteria,o__Microtrichales,f__norank_o__Microtrichales,g__norank_o__Microtrichales,s__metagenome_g__norank_o__Microtrichales,OTU607,2074,0.00287,64.705882352941%
d__Bacteria,k__norank_d__Bacteria,p__Proteobacteria,c__Gammaproteobacteria,o__Betaproteobacteriales,f__SC-I-84,g__norank_f__SC-I-84,s__uncultured_bacterium_g__norank_f__SC-I-84,OTU202,194,0.00027,70.588235294118%
d__Bacteria,k__norank_d__Bacteria,p__Proteobacteria,c__Gammaproteobacteria,o__KI89A_clade,f__norank_o__KI89A_clade,g__norank_o__KI89A_clade,s__unclassified_g__norank_o__KI89A_clade,OTU146,3,4.15161e-6,11.764705882353%
d__Bacteria,k__norank_d__Bacteria,p__Actinobacteria,c__Actinobacteria,o__PeM15,f__norank_o__PeM15,g__norank_o__PeM15,s__unclassified_g__norank_o__PeM15,OTU323,6,8.30321e-6,11.764705882353%
d__Bacteria,k__norank_d__Bacteria,p__Proteobacteria,c__Deltaproteobacteria,o__NB1-j,f__norank_o__NB1-j,g__norank_o__NB1-j,s__uncultured_bacterium_g__norank_o__NB1-j,OTU298,19,3.0E-5,17.647058823529%
d__Bacteria,k__norank_d__Bacteria,p__Proteobacteria,c__Gammaproteobacteria,o__Diplorickettsiales,f__Diplorickettsiaceae,g__Aquicella,s__unclassified_g__Aquicella,OTU133,6,8.30321e-6,11.764705882353%
d__Bacteria,k__norank_d__Bacteria,p__Chloroflexi,c__OLB14,o__norank_c__OLB14,f__norank_c__OLB14,g__norank_c__OLB14,s__uncultured_bacterium_g__norank_c__OLB14,OTU57,9,1.0E-5,23.529411764706%
d__Bacteria,k__norank_d__Bacteria,p__Acidobacteria,c__Holophagae,o__Holophagales,f__Holophagaceae,g__norank_f__Holophagaceae,s__unclassified_g__norank_f__Holophagaceae,OTU304,2,2.76774e-6,11.764705882353%
d__Bacteria,k__norank_d__Bacteria,p__Proteobacteria,c__Deltaproteobacteria,o__SAR324_cladeMarine_group_B,f__norank_o__SAR324_cladeMarine_group_B,g__norank_o__SAR324_cladeMarine_group_B,s__metagenome_g__norank_o__SAR324_cladeMarine_group_B,OTU134,2,2.76774e-6,11.764705882353%
d__Bacteria,k__norank_d__Bacteria,p__Firmicutes,c__Bacilli,o__Bacillales,f__Bacillaceae,g__Bacillus,s__unclassified_g__Bacillus,OTU31,7,9.68708e-6,17.647058823529%
d__Bacteria,k__norank_d__Bacteria,p__Actinobacteria,c__Actinobacteria,o__Microtrichales,f__Ilumatobacteraceae,g__CL500-29_marine_group,s__uncultured_Acidimicrobiales_bacterium_g__CL500-29_marine_group,OTU610,58,8.0E-5,11.764705882353%
d__Bacteria,k__norank_d__Bacteria,p__Bacteroidetes,c__Bacteroidia,o__Chitinophagales,f__Saprospiraceae,g__norank_f__Saprospiraceae,s__uncultured_soil_bacterium_g__norank_f__Saprospiraceae,OTU86,5,6.91934e-6,17.647058823529%
d__Bacteria,k__norank_d__Bacteria,p__Proteobacteria,c__Gammaproteobacteria,o__Xanthomonadales,f__Xanthomonadaceae,g__Pseudoxanthomonas,s__Pseudoxanthomonas_ginsengisoli,OTU222,217,0.0003,23.529411764706%
d__Bacteria,k__norank_d__Bacteria,p__Bacteroidetes,c__Bacteroidia,o__Chitinophagales,f__Chitinophagaceae,g__norank_f__Chitinophagaceae,s__unclassified_g__norank_f__Chitinophagaceae,OTU299,3,4.15161e-6,5.8823529411765%
d__Bacteria,k__norank_d__Bacteria,p__Bacteroidetes,c__Bacteroidia,o__Chitinophagales,f__Chitinophagaceae,g__Dinghuibacter,s__metagenome_g__Dinghuibacter,OTU182,34,5.0E-5,17.647058823529%
d__Bacteria,k__norank_d__Bacteria,p__Proteobacteria,c__Alphaproteobacteria,o__Tistrellales,f__Geminicoccaceae,g__Candidatus_Alysiosphaera,s__unclassified_g__Candidatus_Alysiosphaera,OTU168,4,5.53547e-6,17.647058823529%
d__Bacteria,k__norank_d__Bacteria,p__Dependentiae,c__Babeliae,o__Babeliales,f__UBA12409,g__norank_f__UBA12409,s__uncultured_bacterium_g__norank_f__UBA12409,OTU350,2,2.76774e-6,5.8823529411765%
d__Bacteria,k__norank_d__Bacteria,p__Proteobacteria,c__Gammaproteobacteria,o__Betaproteobacteriales,f__SC-I-84,g__norank_f__SC-I-84,s__uncultured_bacterium_g__norank_f__SC-I-84,OTU140,18,2.0E-5,17.647058823529%
d__Bacteria,k__norank_d__Bacteria,p__Acidobacteria,c__Subgroup_17,o__norank_c__Subgroup_17,f__norank_c__Subgroup_17,g__norank_c__Subgroup_17,s__unclassified_g__norank_c__Subgroup_17,OTU22,13,2.0E-5,41.176470588235%
d__Bacteria,k__norank_d__Bacteria,p__Planctomycetes,c__Planctomycetacia,o__Gemmatales,f__Gemmataceae,g__norank_f__Gemmataceae,s__uncultured_Crater_Lake_bacterium_CL500-52,OTU37,36,5.0E-5,23.529411764706%
d__Bacteria,k__norank_d__Bacteria,p__Chloroflexi,c__Anaerolineae,o__SBR1031,f__norank_o__SBR1031,g__norank_o__SBR1031,s__unclassified_g__norank_o__SBR1031,OTU628,2,2.76774e-6,5.8823529411765%
d__Bacteria,k__norank_d__Bacteria,p__Bacteroidetes,c__Ignavibacteria,o__Kryptoniales,f__BSV26,g__norank_f__BSV26,s__uncultured_prokaryote_g__norank_f__BSV26,OTU73,5,6.91934e-6,11.764705882353%
d__Bacteria,k__norank_d__Bacteria,p__Proteobacteria,c__Deltaproteobacteria,o__Syntrophobacterales,f__Syntrophobacteraceae,g__norank_f__Syntrophobacteraceae,s__unclassified_g__norank_f__Syntrophobacteraceae,OTU297,14,2.0E-5,23.529411764706%
d__Bacteria,k__norank_d__Bacteria,p__Proteobacteria,c__Alphaproteobacteria,o__Sphingomonadales,f__Sphingomonadaceae,g__Altererythrobacter,s__uncultured_alpha_proteobacterium_g__Altererythrobacter,OTU92,9,1.0E-5,11.764705882353%
d__Bacteria,k__norank_d__Bacteria,p__Actinobacteria,c__Actinobacteria,o__OPB41,f__norank_o__OPB41,g__norank_o__OPB41,s__unclassified_g__norank_o__OPB41,OTU135,16,2.0E-5,47.058823529412%
d__Bacteria,k__norank_d__Bacteria,p__Actinobacteria,c__Actinobacteria,o__Frankiales,f__Sporichthyaceae,g__Sporichthya,s__uncultured_bacterium_g__Sporichthya,OTU308,27,4.0E-5,17.647058823529%
d__Bacteria,k__norank_d__Bacteria,p__Firmicutes,c__Clostridia,o__Clostridiales,f__Family_XI_o__Clostridiales,g__Gottschalkia,s__unclassified_g__Gottschalkia,OTU247,5,6.91934e-6,23.529411764706%
d__Bacteria,k__norank_d__Bacteria,p__Patescibacteria,c__Saccharimonadia,o__Saccharimonadales,f__Saccharimonadaceae,g__norank_f__Saccharimonadaceae,s__uncultured_bacterium_g__norank_f__Saccharimonadaceae,OTU158,4,5.53547e-6,17.647058823529%
d__Bacteria,k__norank_d__Bacteria,p__Proteobacteria,c__Gammaproteobacteria,o__CCM19a,f__norank_o__CCM19a,g__norank_o__CCM19a,s__uncultured_bacterium_g__norank_o__CCM19a,OTU217,35,5.0E-5,29.411764705882%
d__Bacteria,k__norank_d__Bacteria,p__Bacteroidetes,c__Ignavibacteria,o__OPB56,f__norank_o__OPB56,g__norank_o__OPB56,s__metagenome_g__norank_o__OPB56,OTU357,33,5.0E-5,29.411764705882%
d__Bacteria,k__norank_d__Bacteria,p__Deinococcus-Thermus,c__Deinococci,o__Deinococcales,f__Trueperaceae,g__Truepera,s__uncultured_Deinococcales_bacterium,OTU9,28,4.0E-5,23.529411764706%
d__Bacteria,k__norank_d__Bacteria,p__Actinobacteria,c__Actinobacteria,o__Corynebacteriales,f__Mycobacteriaceae,g__Mycobacterium,s__unclassified_g__Mycobacterium,OTU38,369,0.00051,82.352941176471%
d__Bacteria,k__norank_d__Bacteria,p__Actinobacteria,c__Actinobacteria,o__norank_c__Actinobacteria,f__norank_c__Actinobacteria,g__norank_c__Actinobacteria,s__unclassified_g__norank_c__Actinobacteria,OTU61,19,3.0E-5,29.411764705882%
d__Bacteria,k__norank_d__Bacteria,p__Cyanobacteria,c__Oxyphotobacteria,o__Nostocales,f__Nostocaceae,g__Ancylothrix_8PC,s__unclassified_g__Ancylothrix_8PC,OTU679,12,2.0E-5,5.8823529411765%
d__Bacteria,k__norank_d__Bacteria,p__Bacteroidetes,c__Bacteroidia,o__Bacteroidales,f__Bacteroidetes_vadinHA17,g__norank_f__Bacteroidetes_vadinHA17,s__unclassified_g__norank_f__Bacteroidetes_vadinHA17,OTU106,6,8.30321e-6,23.529411764706%
d__Bacteria,k__norank_d__Bacteria,p__Proteobacteria,c__Alphaproteobacteria,o__Caulobacterales,f__Caulobacteraceae,g__unclassified_f__Caulobacteraceae,s__unclassified_f__Caulobacteraceae,OTU95,109,0.00015,76.470588235294%
d__Bacteria,k__norank_d__Bacteria,p__Bacteroidetes,c__Bacteroidia,o__Chitinophagales,f__Chitinophagaceae,g__Dinghuibacter,s__unclassified_g__Dinghuibacter,OTU301,337,0.00047,35.294117647059%
d__Bacteria,k__norank_d__Bacteria,p__Fusobacteria,c__Fusobacteriia,o__Fusobacteriales,f__Fusobacteriaceae,g__Cetobacterium,s__unclassified_g__Cetobacterium,OTU363,5,6.91934e-6,17.647058823529%
d__Bacteria,k__norank_d__Bacteria,p__Firmicutes,c__Clostridia,o__Clostridiales,f__Ruminococcaceae,g__unclassified_f__Ruminococcaceae,s__unclassified_f__Ruminococcaceae,OTU309,2,2.76774e-6,11.764705882353%
d__Bacteria,k__norank_d__Bacteria,p__Nitrospirae,c__Thermodesulfovibrionia,o__norank_c__Thermodesulfovibrionia,f__norank_c__Thermodesulfovibrionia,g__norank_c__Thermodesulfovibrionia,s__uncultured_bacterium_g__norank_c__Thermodesulfovibrionia,OTU43,4,5.53547e-6,11.764705882353%
d__Bacteria,k__norank_d__Bacteria,p__Proteobacteria,c__Gammaproteobacteria,o__Betaproteobacteriales,f__SC-I-84,g__norank_f__SC-I-84,s__uncultured_bacterium_g__norank_f__SC-I-84,OTU221,142,0.0002,52.941176470588%
d__Bacteria,k__norank_d__Bacteria,p__Dependentiae,c__Babeliae,o__Babeliales,f__Vermiphilaceae,g__norank_f__Vermiphilaceae,s__unclassified_g__norank_f__Vermiphilaceae,OTU318,9,1.0E-5,11.764705882353%
d__Bacteria,k__norank_d__Bacteria,p__Actinobacteria,c__Actinobacteria,o__Corynebacteriales,f__Nocardiaceae,g__Rhodococcus,s__Rhodococcus_erythropolis,OTU159,85,0.00012,70.588235294118%
d__Bacteria,k__norank_d__Bacteria,p__Patescibacteria,c__Saccharimonadia,o__Saccharimonadales,f__norank_o__Saccharimonadales,g__norank_o__Saccharimonadales,s__uncultured_bacterium_g__norank_o__Saccharimonadales,OTU16,16,2.0E-5,17.647058823529%
d__Bacteria,k__norank_d__Bacteria,p__Proteobacteria,c__Gammaproteobacteria,o__Diplorickettsiales,f__Diplorickettsiaceae,g__norank_f__Diplorickettsiaceae,s__metagenome_g__norank_f__Diplorickettsiaceae,OTU151,6,8.30321e-6,17.647058823529%
d__Bacteria,k__norank_d__Bacteria,p__Firmicutes,c__Bacilli,o__Bacillales,f__Planococcaceae,g__Paenisporosarcina,s__uncultured_bacterium_g__Paenisporosarcina,OTU113,29,4.0E-5,11.764705882353%
d__Bacteria,k__norank_d__Bacteria,p__Acidobacteria,c__Subgroup_6,o__norank_c__Subgroup_6,f__norank_c__Subgroup_6,g__norank_c__Subgroup_6,s__uncultured_bacterium_g__norank_c__Subgroup_6,OTU98,6,8.30321e-6,5.8823529411765%
d__Bacteria,k__norank_d__Bacteria,p__Actinobacteria,c__Actinobacteria,o__norank_c__Actinobacteria,f__norank_c__Actinobacteria,g__norank_c__Actinobacteria,s__unclassified_g__norank_c__Actinobacteria,OTU340,5,6.91934e-6,11.764705882353%
d__Bacteria,k__norank_d__Bacteria,p__Chloroflexi,c__Anaerolineae,o__Caldilineales,f__Caldilineaceae,g__norank_f__Caldilineaceae,s__unclassified_g__norank_f__Caldilineaceae,OTU376,8,1.0E-5,29.411764705882%
d__Bacteria,k__norank_d__Bacteria,p__Actinobacteria,c__Actinobacteria,o__Microtrichales,f__norank_o__Microtrichales,g__norank_o__Microtrichales,s__uncultured_Acidimicrobidae_bacterium_g__norank_o__Microtrichales,OTU704,2,2.76774e-6,5.8823529411765%
d__Bacteria,k__norank_d__Bacteria,p__Proteobacteria,c__Gammaproteobacteria,o__Pseudomonadales,f__Moraxellaceae,g__Alkanindiges,s__unclassified_g__Alkanindiges,OTU251,3,4.15161e-6,5.8823529411765%
d__Bacteria,k__norank_d__Bacteria,p__Verrucomicrobia,c__Verrucomicrobiae,o__Pedosphaerales,f__Pedosphaeraceae,g__norank_f__Pedosphaeraceae,s__metagenome_g__norank_f__Pedosphaeraceae,OTU324,10,1.0E-5,11.764705882353%
d__Bacteria,k__norank_d__Bacteria,p__Cyanobacteria,c__Oxyphotobacteria,o__Chloroplast,f__norank_o__Chloroplast,g__norank_o__Chloroplast,s__unclassified_g__norank_o__Chloroplast,OTU44,4,5.53547e-6,17.647058823529%
d__Bacteria,k__norank_d__Bacteria,p__Verrucomicrobia,c__Verrucomicrobiae,o__Verrucomicrobiales,f__Rubritaleaceae,g__Luteolibacter,s__uncultured_Verrucomicrobiales_bacterium_g__Luteolibacter,OTU229,7,9.68708e-6,17.647058823529%
d__Bacteria,k__norank_d__Bacteria,p__Patescibacteria,c__Parcubacteria,o__Candidatus_Kaiserbacteria,f__norank_o__Candidatus_Kaiserbacteria,g__norank_o__Candidatus_Kaiserbacteria,s__unclassified_g__norank_o__Candidatus_Kaiserbacteria,OTU320,10,1.0E-5,11.764705882353%
d__Bacteria,k__norank_d__Bacteria,p__Actinobacteria,c__Actinobacteria,o__PeM15,f__norank_o__PeM15,g__norank_o__PeM15,s__metagenome_g__norank_o__PeM15,OTU160,868,0.0012,70.588235294118%
d__Bacteria,k__norank_d__Bacteria,p__Verrucomicrobia,c__Verrucomicrobiae,o__Verrucomicrobiales,f__Verrucomicrobiaceae,g__unclassified_f__Verrucomicrobiaceae,s__unclassified_f__Verrucomicrobiaceae,OTU167,15,2.0E-5,11.764705882353%
d__Bacteria,k__norank_d__Bacteria,p__Chloroflexi,c__Anaerolineae,o__SBR1031,f__norank_o__SBR1031,g__norank_o__SBR1031,s__unclassified_g__norank_o__SBR1031,OTU128,4,5.53547e-6,5.8823529411765%
d__Bacteria,k__norank_d__Bacteria,p__Proteobacteria,c__Gammaproteobacteria,o__Betaproteobacteriales,f__Burkholderiaceae,g__Duganella,s__unclassified_g__Duganella,OTU72,14,2.0E-5,29.411764705882%
d__Bacteria,k__norank_d__Bacteria,p__Gemmatimonadetes,c__Gemmatimonadetes,o__Gemmatimonadales,f__Gemmatimonadaceae,g__Gemmatirosa,s__uncultured_bacterium_g__Gemmatirosa,OTU20,2,2.76774e-6,11.764705882353%
d__Bacteria,k__norank_d__Bacteria,p__Actinobacteria,c__Actinobacteria,o__Corynebacteriales,f__Nocardiaceae,g__Nocardia,s__Nocardia_niigatensis,OTU352,4,5.53547e-6,5.8823529411765%
d__Bacteria,k__norank_d__Bacteria,p__Proteobacteria,c__Alphaproteobacteria,o__Sphingomonadales,f__Sphingomonadaceae,g__Novosphingobium,s__unclassified_g__Novosphingobium,OTU407,4401,0.00609,100%
d__Bacteria,k__norank_d__Bacteria,p__Verrucomicrobia,c__Verrucomicrobiae,o__Verrucomicrobiales,f__DEV007,g__norank_f__DEV007,s__uncultured_Verrucomicrobiales_bacterium_g__norank_f__DEV007,OTU272,3,4.15161e-6,11.764705882353%
d__Bacteria,k__norank_d__Bacteria,p__Proteobacteria,c__Alphaproteobacteria,o__Sphingomonadales,f__Sphingomonadaceae,g__Novosphingobium,s__unclassified_g__Novosphingobium,OTU116,3152,0.00436,100%
d__Bacteria,k__norank_d__Bacteria,p__Verrucomicrobia,c__Verrucomicrobiae,o__Verrucomicrobiales,f__Rubritaleaceae,g__Luteolibacter,s__Verrucomicrobium_sp._IMCC25902,OTU239,11,2.0E-5,17.647058823529%
d__Bacteria,k__norank_d__Bacteria,p__Patescibacteria,c__Parcubacteria,o__Candidatus_Kaiserbacteria,f__norank_o__Candidatus_Kaiserbacteria,g__norank_o__Candidatus_Kaiserbacteria,s__unclassified_g__norank_o__Candidatus_Kaiserbacteria,OTU706,37,5.0E-5,11.764705882353%
d__Bacteria,k__norank_d__Bacteria,p__Actinobacteria,c__Actinobacteria,o__norank_c__Actinobacteria,f__norank_c__Actinobacteria,g__norank_c__Actinobacteria,s__unclassified_g__norank_c__Actinobacteria,OTU51,4,5.53547e-6,11.764705882353%
d__Bacteria,k__norank_d__Bacteria,p__Chloroflexi,c__Anaerolineae,o__Caldilineales,f__Caldilineaceae,g__unclassified_f__Caldilineaceae,s__unclassified_f__Caldilineaceae,OTU360,3,4.15161e-6,5.8823529411765%
d__Bacteria,k__norank_d__Bacteria,p__Patescibacteria,c__Parcubacteria,o__norank_c__Parcubacteria,f__norank_c__Parcubacteria,g__norank_c__Parcubacteria,s__uncultured_bacterium_g__norank_c__Parcubacteria,OTU331,5,6.91934e-6,11.764705882353%
d__Bacteria,k__norank_d__Bacteria,p__Proteobacteria,c__Gammaproteobacteria,o__Gammaproteobacteria_Incertae_Sedis,f__unclassified_o__Gammaproteobacteria_Incertae_Sedis,g__norank_f__unclassified_o__Gammaproteobacteria_Incertae_Sedis,s__uncultured_soil_bacterium_g__norank_f__unclassified,OTU170,12,2.0E-5,23.529411764706%
d__Bacteria,k__norank_d__Bacteria,p__Proteobacteria,c__Gammaproteobacteria,o__Pseudomonadales,f__Moraxellaceae,g__Acinetobacter,s__unclassified_g__Acinetobacter,OTU183,18,2.0E-5,23.529411764706%
d__Bacteria,k__norank_d__Bacteria,p__Bacteroidetes,c__Bacteroidia,o__Chitinophagales,f__Chitinophagaceae,g__Ferruginibacter,s__unclassified_g__Ferruginibacter,OTU131,3,4.15161e-6,5.8823529411765%
d__Bacteria,k__norank_d__Bacteria,p__Proteobacteria,c__Gammaproteobacteria,o__Cellvibrionales,f__Spongiibacteraceae,g__BD1-7_clade,s__metagenome_g__BD1-7_clade,OTU410,26,4.0E-5,11.764705882353%
d__Bacteria,k__norank_d__Bacteria,p__Proteobacteria,c__Deltaproteobacteria,o__Desulfobacterales,f__Desulfobulbaceae,g__Desulfoprunum,s__uncultured_bacterium_g__Desulfoprunum,OTU277,4,5.53547e-6,17.647058823529%
d__Bacteria,k__norank_d__Bacteria,p__Proteobacteria,c__Gammaproteobacteria,o__Betaproteobacteriales,f__unclassified_o__Betaproteobacteriales,g__unclassified_o__Betaproteobacteriales,s__unclassified_o__Betaproteobacteriales,OTU127,12,2.0E-5,35.294117647059%
d__Bacteria,k__norank_d__Bacteria,p__Actinobacteria,c__Actinobacteria,o__Micrococcales,f__Intrasporangiaceae,g__Terrabacter,s__uncultured_bacterium_g__Terrabacter,OTU26,462,0.00064,94.117647058824%
d__Bacteria,k__norank_d__Bacteria,p__Bacteroidetes,c__Bacteroidia,o__Chitinophagales,f__Chitinophagaceae,g__norank_f__Chitinophagaceae,s__Chitinophaga_sp._BN130233,OTU60,9,1.0E-5,5.8823529411765%
d__Bacteria,k__norank_d__Bacteria,p__Bacteroidetes,c__Bacteroidia,o__Cytophagales,f__Microscillaceae,g__Chryseolinea,s__uncultured_bacterium_g__Chryseolinea,OTU335,17,2.0E-5,23.529411764706%
d__Bacteria,k__norank_d__Bacteria,p__Proteobacteria,c__Gammaproteobacteria,o__Betaproteobacteriales,f__SC-I-84,g__norank_f__SC-I-84,s__unclassified_g__norank_f__SC-I-84,OTU67,3,4.15161e-6,17.647058823529%
d__Bacteria,k__norank_d__Bacteria,p__Verrucomicrobia,c__Verrucomicrobiae,o__Chthoniobacterales,f__Chthoniobacteraceae,g__Chthoniobacter,s__unclassified_g__Chthoniobacter,OTU199,14,2.0E-5,23.529411764706%
d__Bacteria,k__norank_d__Bacteria,p__Actinobacteria,c__Actinobacteria,o__Micrococcales,f__Microbacteriaceae,g__Aurantimicrobium,s__uncultured_bacterium_g__Aurantimicrobium,OTU77,1507,0.00209,94.117647058824%
d__Bacteria,k__norank_d__Bacteria,p__Proteobacteria,c__Gammaproteobacteria,o__Oceanospirillales,f__Pseudohongiellaceae,g__BIyi10,s__uncultured_bacterium_g__BIyi10,OTU426,4,5.53547e-6,11.764705882353%
d__Bacteria,k__norank_d__Bacteria,p__Proteobacteria,c__Gammaproteobacteria,o__Diplorickettsiales,f__Diplorickettsiaceae,g__norank_f__Diplorickettsiaceae,s__unclassified_g__norank_f__Diplorickettsiaceae,OTU708,10,1.0E-5,5.8823529411765%
d__Bacteria,k__norank_d__Bacteria,p__Acidobacteria,c__Subgroup_6,o__norank_c__Subgroup_6,f__norank_c__Subgroup_6,g__norank_c__Subgroup_6,s__unclassified_g__norank_c__Subgroup_6,OTU173,4,5.53547e-6,5.8823529411765%
d__Bacteria,k__norank_d__Bacteria,p__Actinobacteria,c__Actinobacteria,o__Microtrichales,f__Ilumatobacteraceae,g__CL500-29_marine_group,s__metagenome_g__CL500-29_marine_group,OTU366,710,0.00098,70.588235294118%
d__Bacteria,k__norank_d__Bacteria,p__Proteobacteria,c__Gammaproteobacteria,o__Diplorickettsiales,f__Diplorickettsiaceae,g__Aquicella,s__unclassified_g__Aquicella,OTU373,4,5.53547e-6,11.764705882353%
d__Bacteria,k__norank_d__Bacteria,p__Actinobacteria,c__Actinobacteria,o__Micrococcales,f__Dermabacteraceae,g__Brachybacterium,s__Brachybacterium_paraconglomeratum,OTU143,10,1.0E-5,29.411764705882%
d__Bacteria,k__norank_d__Bacteria,p__Kiritimatiellaeota,c__Kiritimatiellae,o__WCHB1-41,f__norank_o__WCHB1-41,g__norank_o__WCHB1-41,s__unclassified_g__norank_o__WCHB1-41,OTU280,4,5.53547e-6,11.764705882353%
d__Bacteria,k__norank_d__Bacteria,p__Bacteroidetes,c__Bacteroidia,o__Chitinophagales,f__Chitinophagaceae,g__norank_f__Chitinophagaceae,s__Chitinophaga_sp._BN130233,OTU150,5,6.91934e-6,5.8823529411765%
d__Bacteria,k__norank_d__Bacteria,p__Patescibacteria,c__Saccharimonadia,o__Saccharimonadales,f__norank_o__Saccharimonadales,g__norank_o__Saccharimonadales,s__unclassified_g__norank_o__Saccharimonadales,OTU63,8,1.0E-5,17.647058823529%
d__Bacteria,k__norank_d__Bacteria,p__Actinobacteria,c__Actinobacteria,o__Propionibacteriales,f__Nocardioidaceae,g__Marmoricola,s__unclassified_g__Marmoricola,OTU27,105,0.00015,52.941176470588%
d__Bacteria,k__norank_d__Bacteria,p__Proteobacteria,c__Alphaproteobacteria,o__Caulobacterales,f__Caulobacteraceae,g__Brevundimonas,s__Brevundimonas_vesicularis,OTU69,3510,0.00486,58.823529411765%
d__Bacteria,k__norank_d__Bacteria,p__Proteobacteria,c__Gammaproteobacteria,o__Xanthomonadales,f__Xanthomonadaceae,g__Lysobacter,s__unclassified_g__Lysobacter,OTU205,113,0.00016,52.941176470588%
d__Bacteria,k__norank_d__Bacteria,p__Proteobacteria,c__Gammaproteobacteria,o__Methylococcales,f__Methylomonaceae,g__Methyloglobulus,s__uncultured_bacterium_g__Methyloglobulus,OTU717,40,6.0E-5,11.764705882353%
d__Bacteria,k__norank_d__Bacteria,p__Proteobacteria,c__Gammaproteobacteria,o__R7C24,f__norank_o__R7C24,g__norank_o__R7C24,s__uncultured_proteobacterium_g__norank_o__R7C24,OTU416,58,8.0E-5,23.529411764706%
d__Bacteria,k__norank_d__Bacteria,p__Actinobacteria,c__Actinobacteria,o__Propionibacteriales,f__Nocardioidaceae,g__Nocardioides,s__unclassified_g__Nocardioides,OTU162,105,0.00015,41.176470588235%
d__Bacteria,k__norank_d__Bacteria,p__Bacteroidetes,c__Bacteroidia,o__Chitinophagales,f__Chitinophagaceae,g__Parasegetibacter,s__uncultured_bacterium_g__Parasegetibacter,OTU245,34,5.0E-5,11.764705882353%
d__Bacteria,k__norank_d__Bacteria,p__Bacteroidetes,c__Ignavibacteria,o__Kryptoniales,f__BSV26,g__norank_f__BSV26,s__unclassified_g__norank_f__BSV26,OTU343,3,4.15161e-6,11.764705882353%
d__Bacteria,k__norank_d__Bacteria,p__Bacteroidetes,c__Bacteroidia,o__Chitinophagales,f__Chitinophagaceae,g__norank_f__Chitinophagaceae,s__unclassified_g__norank_f__Chitinophagaceae,OTU291,4,5.53547e-6,11.764705882353%
d__Bacteria,k__norank_d__Bacteria,p__Proteobacteria,c__Alphaproteobacteria,o__Rhizobiales,f__Rhizobiales_Incertae_Sedis,g__Phreatobacter,s__unclassified_g__Phreatobacter,OTU436,28,4.0E-5,17.647058823529%
d__Bacteria,k__norank_d__Bacteria,p__Acidobacteria,c__Subgroup_6,o__norank_c__Subgroup_6,f__norank_c__Subgroup_6,g__norank_c__Subgroup_6,s__unclassified_g__norank_c__Subgroup_6,OTU185,18,2.0E-5,29.411764705882%
d__Bacteria,k__norank_d__Bacteria,p__Actinobacteria,c__Actinobacteria,o__Frankiales,f__Sporichthyaceae,g__hgcI_clade,s__uncultured_Frankineae_bacterium_g__hgcI_clade,OTU368,1280,0.00177,64.705882352941%
d__Bacteria,k__norank_d__Bacteria,p__Proteobacteria,c__Gammaproteobacteria,o__Betaproteobacteriales,f__B1-7BS,g__norank_f__B1-7BS,s__uncultured_bacterium_g__norank_f__B1-7BS,OTU71,4,5.53547e-6,11.764705882353%
d__Bacteria,k__norank_d__Bacteria,p__Proteobacteria,c__Gammaproteobacteria,o__Diplorickettsiales,f__Diplorickettsiaceae,g__Aquicella,s__uncultured_bacterium_g__Aquicella,OTU32,6,8.30321e-6,11.764705882353%
d__Bacteria,k__norank_d__Bacteria,p__Proteobacteria,c__Alphaproteobacteria,o__Rhizobiales,f__Kaistiaceae,g__Kaistia,s__unclassified_g__Kaistia,OTU108,18,2.0E-5,29.411764705882%
d__Bacteria,k__norank_d__Bacteria,p__Proteobacteria,c__Gammaproteobacteria,o__Xanthomonadales,f__Xanthomonadaceae,g__Lysobacter,s__unclassified_g__Lysobacter,OTU207,12,2.0E-5,5.8823529411765%
d__Bacteria,k__norank_d__Bacteria,p__Firmicutes,c__Bacilli,o__Bacillales,f__Family_XII_o__Bacillales,g__Exiguobacterium,s__Exiguobacterium_sibiricum_255-15,OTU232,94,0.00013,29.411764705882%
d__Bacteria,k__norank_d__Bacteria,p__Dependentiae,c__Babeliae,o__Babeliales,f__unclassified_o__Babeliales,g__unclassified_o__Babeliales,s__unclassified_o__Babeliales,OTU74,5,6.91934e-6,23.529411764706%
d__Bacteria,k__norank_d__Bacteria,p__Proteobacteria,c__Gammaproteobacteria,o__Betaproteobacteriales,f__Burkholderiaceae,g__Ramlibacter,s__unclassified_g__Ramlibacter,OTU732,67,9.0E-5,41.176470588235%
d__Bacteria,k__norank_d__Bacteria,p__Bacteroidetes,c__Bacteroidia,o__Bacteroidales,f__Bacteroidetes_vadinHA17,g__norank_f__Bacteroidetes_vadinHA17,s__uncultured_soil_bacterium_g__norank_f__Bacteroidetes_vadinHA17,OTU424,19,3.0E-5,29.411764705882%
d__Bacteria,k__norank_d__Bacteria,p__Patescibacteria,c__Kazania,o__norank_c__Kazania,f__norank_c__Kazania,g__norank_c__Kazania,s__candidate_division_Kazan_bacterium_RBG_13_50_9,OTU164,7,9.68708e-6,5.8823529411765%
d__Bacteria,k__norank_d__Bacteria,p__Gemmatimonadetes,c__Gemmatimonadetes,o__Gemmatimonadales,f__Gemmatimonadaceae,g__Gemmatimonas,s__metagenome_g__Gemmatimonas,OTU347,22,3.0E-5,17.647058823529%
d__Bacteria,k__norank_d__Bacteria,p__Proteobacteria,c__Alphaproteobacteria,o__Rhizobiales,f__Hyphomicrobiaceae,g__norank_f__Hyphomicrobiaceae,s__uncultured_alpha_proteobacterium_g__norank_f__Hyphomicrobiaceae,OTU303,6,8.30321e-6,17.647058823529%
d__Bacteria,k__norank_d__Bacteria,p__Bacteroidetes,c__Bacteroidia,o__Flavobacteriales,f__Flavobacteriaceae,g__Flavobacterium,s__Flavobacterium_cauense,OTU248,12,2.0E-5,17.647058823529%
d__Bacteria,k__norank_d__Bacteria,p__Proteobacteria,c__Alphaproteobacteria,o__norank_c__Alphaproteobacteria,f__norank_c__Alphaproteobacteria,g__norank_c__Alphaproteobacteria,s__uncultured_bacterium_g__norank_c__Alphaproteobacteria,OTU463,18,2.0E-5,11.764705882353%
d__Bacteria,k__norank_d__Bacteria,p__Proteobacteria,c__Alphaproteobacteria,o__Caulobacterales,f__Caulobacteraceae,g__norank_f__Caulobacteraceae,s__uncultured_Caulobacter_sp._g__norank,OTU78,40,6.0E-5,35.294117647059%
d__Bacteria,k__norank_d__Bacteria,p__Actinobacteria,c__Actinobacteria,o__norank_c__Actinobacteria,f__norank_c__Actinobacteria,g__norank_c__Actinobacteria,s__uncultured_bacterium_g__norank_c__Actinobacteria,OTU215,5,6.91934e-6,11.764705882353%
d__Bacteria,k__norank_d__Bacteria,p__Bacteroidetes,c__Bacteroidia,o__Cytophagales,f__Hymenobacteraceae,g__Hymenobacter,s__unclassified_g__Hymenobacter,OTU36,5,6.91934e-6,5.8823529411765%
d__Bacteria,k__norank_d__Bacteria,p__Proteobacteria,c__Gammaproteobacteria,o__Betaproteobacteriales,f__B1-7BS,g__norank_f__B1-7BS,s__unclassified_g__norank_f__B1-7BS,OTU194,10,1.0E-5,23.529411764706%
d__Bacteria,k__norank_d__Bacteria,p__Proteobacteria,c__Deltaproteobacteria,o__Myxococcales,f__Archangiaceae,g__Anaeromyxobacter,s__uncultured_bacterium_g__Anaeromyxobacter,OTU385,7,9.68708e-6,17.647058823529%
d__Bacteria,k__norank_d__Bacteria,p__Proteobacteria,c__Gammaproteobacteria,o__Xanthomonadales,f__Rhodanobacteraceae,g__norank_f__Rhodanobacteraceae,s__uncultured_Xanthomonadaceae_bacterium_g__norank_f__Rhodanobacteraceae,OTU75,15,2.0E-5,17.647058823529%
d__Bacteria,k__norank_d__Bacteria,p__Verrucomicrobia,c__Verrucomicrobiae,o__Pedosphaerales,f__Pedosphaeraceae,g__norank_f__Pedosphaeraceae,s__unclassified_g__norank_f__Pedosphaeraceae,OTU739,8,1.0E-5,5.8823529411765%
d__Bacteria,k__norank_d__Bacteria,p__Bacteroidetes,c__Bacteroidia,o__Cytophagales,f__Hymenobacteraceae,g__Hymenobacter,s__unclassified_g__Hymenobacter,OTU243,25,3.0E-5,5.8823529411765%
d__Bacteria,k__norank_d__Bacteria,p__Proteobacteria,c__Gammaproteobacteria,o__Coxiellales,f__Coxiellaceae,g__Coxiella,s__uncultured_bacterium_g__Coxiella,OTU114,2,2.76774e-6,5.8823529411765%
d__Bacteria,k__norank_d__Bacteria,p__Actinobacteria,c__Actinobacteria,o__Micromonosporales,f__Micromonosporaceae,g__Micromonospora,s__Micromonospora_chersina,OTU166,32,4.0E-5,41.176470588235%
d__Bacteria,k__norank_d__Bacteria,p__Proteobacteria,c__Gammaproteobacteria,o__Steroidobacterales,f__Steroidobacteraceae,g__norank_f__Steroidobacteraceae,s__unclassified_g__norank_f__Steroidobacteraceae,OTU441,18,2.0E-5,11.764705882353%
d__Bacteria,k__norank_d__Bacteria,p__Epsilonbacteraeota,c__Campylobacteria,o__Campylobacterales,f__Thiovulaceae,g__Sulfurimonas,s__uncultured_Campylobacterales_bacterium_g__Sulfurimonas,OTU351,9,1.0E-5,29.411764705882%
d__Bacteria,k__norank_d__Bacteria,p__Proteobacteria,c__Gammaproteobacteria,o__Betaproteobacteriales,f__Burkholderiaceae,g__Inhella,s__uncultured_bacterium_g__Inhella,OTU466,52,7.0E-5,11.764705882353%
d__Bacteria,k__norank_d__Bacteria,p__Patescibacteria,c__WWE3,o__norank_c__WWE3,f__norank_c__WWE3,g__norank_c__WWE3,s__unclassified_g__norank_c__WWE3,OTU265,3,4.15161e-6,11.764705882353%
d__Bacteria,k__norank_d__Bacteria,p__Patescibacteria,c__Saccharimonadia,o__Saccharimonadales,f__norank_o__Saccharimonadales,g__norank_o__Saccharimonadales,s__uncultured_bacterium_g__norank_o__Saccharimonadales,OTU99,3,4.15161e-6,17.647058823529%
d__Bacteria,k__norank_d__Bacteria,p__Proteobacteria,c__Gammaproteobacteria,o__unclassified_c__Gammaproteobacteria,f__unclassified_c__Gammaproteobacteria,g__unclassified_c__Gammaproteobacteria,s__unclassified_c__Gammaproteobacteria,OTU237,12,2.0E-5,17.647058823529%
d__Bacteria,k__norank_d__Bacteria,p__Bacteroidetes,c__Bacteroidia,o__Flavobacteriales,f__Flavobacteriaceae,g__Flavobacterium,s__unclassified_g__Flavobacterium,OTU305,83,0.00011,23.529411764706%
d__Bacteria,k__norank_d__Bacteria,p__Verrucomicrobia,c__Verrucomicrobiae,o__Verrucomicrobiales,f__Rubritaleaceae,g__Luteolibacter,s__uncultured_bacterium_g__Luteolibacter,OTU39,10,1.0E-5,11.764705882353%
d__Bacteria,k__norank_d__Bacteria,p__Proteobacteria,c__Gammaproteobacteria,o__Aeromonadales,f__Aeromonadaceae,g__Aeromonas,s__unclassified_g__Aeromonas,OTU404,171,0.00024,29.411764705882%
d__Bacteria,k__norank_d__Bacteria,p__Proteobacteria,c__Alphaproteobacteria,o__Rhodobacterales,f__Rhodobacteraceae,g__Tropicimonas,s__uncultured_bacterium_g__Tropicimonas,OTU225,7,9.68708e-6,17.647058823529%
d__Bacteria,k__norank_d__Bacteria,p__Actinobacteria,c__Actinobacteria,o__norank_c__Actinobacteria,f__norank_c__Actinobacteria,g__norank_c__Actinobacteria,s__uncultured_Methylocystaceae_bacterium_g__norank,OTU80,4,5.53547e-6,17.647058823529%
d__Bacteria,k__norank_d__Bacteria,p__Proteobacteria,c__Gammaproteobacteria,o__norank_c__Gammaproteobacteria,f__norank_c__Gammaproteobacteria,g__norank_c__Gammaproteobacteria,s__metagenome_g__norank_c__Gammaproteobacteria,OTU120,104,0.00014,35.294117647059%
d__Bacteria,k__norank_d__Bacteria,p__Chloroflexi,c__Chloroflexia,o__Chloroflexales,f__Roseiflexaceae,g__norank_f__Roseiflexaceae,s__freshwater_metagenome_g__norank_f__Roseiflexaceae,OTU353,17,2.0E-5,17.647058823529%
d__Bacteria,k__norank_d__Bacteria,p__Bacteroidetes,c__Bacteroidia,o__Bacteroidales,f__Prolixibacteraceae,g__norank_f__Prolixibacteraceae,s__unclassified_g__norank_f__Prolixibacteraceae,OTU285,3,4.15161e-6,11.764705882353%
d__Bacteria,k__norank_d__Bacteria,p__Proteobacteria,c__Alphaproteobacteria,o__Acetobacterales,f__Acetobacteraceae,g__unclassified_f__Acetobacteraceae,s__unclassified_f__Acetobacteraceae,OTU257,2,2.76774e-6,5.8823529411765%
d__Bacteria,k__norank_d__Bacteria,p__Verrucomicrobia,c__Verrucomicrobiae,o__Verrucomicrobiales,f__Verrucomicrobiaceae,g__unclassified_f__Verrucomicrobiaceae,s__unclassified_f__Verrucomicrobiaceae,OTU174,10,1.0E-5,23.529411764706%
d__Bacteria,k__norank_d__Bacteria,p__Proteobacteria,c__Alphaproteobacteria,o__norank_c__Alphaproteobacteria,f__norank_c__Alphaproteobacteria,g__norank_c__Alphaproteobacteria,s__unclassified_g__norank_c__Alphaproteobacteria,OTU745,29,4.0E-5,35.294117647059%
d__Bacteria,k__norank_d__Bacteria,p__Proteobacteria,c__Gammaproteobacteria,o__Betaproteobacteriales,f__Rhodocyclaceae,g__C39,s__uncultured_bacterium_g__C39,OTU474,382,0.00053,64.705882352941%
d__Bacteria,k__norank_d__Bacteria,p__Chloroflexi,c__Chloroflexia,o__Thermomicrobiales,f__JG30-KF-CM45,g__norank_f__JG30-KF-CM45,s__metagenome_g__norank_f__JG30-KF-CM45,OTU107,4,5.53547e-6,11.764705882353%
d__Bacteria,k__norank_d__Bacteria,p__Actinobacteria,c__Actinobacteria,o__Frankiales,f__Sporichthyaceae,g__hgcI_clade,s__uncultured_bacterium_g__hgcI_clade,OTU358,1092,0.00151,64.705882352941%
d__Bacteria,k__norank_d__Bacteria,p__Actinobacteria,c__Actinobacteria,o__Propionibacteriales,f__Nocardioidaceae,g__Nocardioides,s__unclassified_g__Nocardioides,OTU262,57,8.0E-5,47.058823529412%
d__Bacteria,k__norank_d__Bacteria,p__Bacteroidetes,c__Bacteroidia,o__Sphingobacteriales,f__NS11-12_marine_group,g__norank_f__NS11-12_marine_group,s__uncultured_bacterium_g__norank_f__NS11-12_marine_group,OTU442,11,2.0E-5,17.647058823529%
d__Bacteria,k__norank_d__Bacteria,p__Nitrospirae,c__Thermodesulfovibrionia,o__norank_c__Thermodesulfovibrionia,f__norank_c__Thermodesulfovibrionia,g__norank_c__Thermodesulfovibrionia,s__uncultured_bacterium_g__norank_c__Thermodesulfovibrionia,OTU58,6,8.30321e-6,11.764705882353%
d__Bacteria,k__norank_d__Bacteria,p__Bacteroidetes,c__Bacteroidia,o__Chitinophagales,f__Chitinophagaceae,g__Ferruginibacter,s__uncultured_Bacteroidetes_bacterium_g__Ferruginibacter,OTU418,5,6.91934e-6,17.647058823529%
d__Bacteria,k__norank_d__Bacteria,p__Acidobacteria,c__Subgroup_6,o__norank_c__Subgroup_6,f__norank_c__Subgroup_6,g__norank_c__Subgroup_6,s__uncultured_bacterium_g__norank_c__Subgroup_6,OTU233,14,2.0E-5,29.411764705882%
d__Bacteria,k__norank_d__Bacteria,p__Bacteroidetes,c__Bacteroidia,o__Bacteroidales,f__Paludibacteraceae,g__Paludibacter,s__uncultured_bacterium_g__Paludibacter,OTU381,12,2.0E-5,17.647058823529%
d__Bacteria,k__norank_d__Bacteria,p__Verrucomicrobia,c__Verrucomicrobiae,o__Chthoniobacterales,f__Chthoniobacteraceae,g__unclassified_f__Chthoniobacteraceae,s__unclassified_f__Chthoniobacteraceae,OTU268,4,5.53547e-6,11.764705882353%
d__Bacteria,k__norank_d__Bacteria,p__Proteobacteria,c__Gammaproteobacteria,o__Diplorickettsiales,f__Diplorickettsiaceae,g__norank_f__Diplorickettsiaceae,s__unclassified_g__norank_f__Diplorickettsiaceae,OTU763,2,2.76774e-6,11.764705882353%
d__Bacteria,k__norank_d__Bacteria,p__Proteobacteria,c__Gammaproteobacteria,o__Betaproteobacteriales,f__Burkholderiaceae,g__GKS98_freshwater_group,s__unclassified_g__GKS98_freshwater_group,OTU123,201,0.00028,29.411764705882%
d__Bacteria,k__norank_d__Bacteria,p__Proteobacteria,c__Gammaproteobacteria,o__Diplorickettsiales,f__Diplorickettsiaceae,g__Rickettsiella,s__Rickettsiella_sp._GSU,OTU141,14,2.0E-5,17.647058823529%
d__Bacteria,k__norank_d__Bacteria,p__Bacteroidetes,c__Bacteroidia,o__Bacteroidales,f__Rikenellaceae,g__Acetobacteroides,s__uncultured_bacterium_g__Acetobacteroides,OTU294,19,3.0E-5,29.411764705882%
d__Bacteria,k__norank_d__Bacteria,p__Actinobacteria,c__Actinobacteria,o__Solirubrobacterales,f__67-14,g__norank_f__67-14,s__unclassified_g__norank_f__67-14,OTU129,31,4.0E-5,35.294117647059%
d__Bacteria,k__norank_d__Bacteria,p__Acidobacteria,c__Subgroup_6,o__unclassified_c__Subgroup_6,f__unclassified_c__Subgroup_6,g__unclassified_c__Subgroup_6,s__unclassified_c__Subgroup_6,OTU175,5,6.91934e-6,11.764705882353%
d__Bacteria,k__norank_d__Bacteria,p__Patescibacteria,c__Saccharimonadia,o__Saccharimonadales,f__norank_o__Saccharimonadales,g__norank_o__Saccharimonadales,s__unclassified_g__norank_o__Saccharimonadales,OTU361,10,1.0E-5,23.529411764706%
d__Bacteria,k__norank_d__Bacteria,p__Proteobacteria,c__Gammaproteobacteria,o__Betaproteobacteriales,f__Burkholderiaceae,g__Lautropia,s__metagenome_g__Lautropia,OTU64,5,6.91934e-6,17.647058823529%
d__Bacteria,k__norank_d__Bacteria,p__Actinobacteria,c__Actinobacteria,o__Gaiellales,f__norank_o__Gaiellales,g__norank_o__Gaiellales,s__metagenome_g__norank_o__Gaiellales,OTU483,36,5.0E-5,35.294117647059%
d__Bacteria,k__norank_d__Bacteria,p__Proteobacteria,c__Gammaproteobacteria,o__Betaproteobacteriales,f__Burkholderiaceae,g__Sphaerotilus,s__uncultured_bacterium_g__Sphaerotilus,OTU461,14,2.0E-5,23.529411764706%
d__Bacteria,k__norank_d__Bacteria,p__Bacteroidetes,c__Bacteroidia,o__Sphingobacteriales,f__Sphingobacteriaceae,g__Pedobacter,s__uncultured_Bacteroidetes_bacterium_g__Pedobacter,OTU482,16,2.0E-5,11.764705882353%
d__Bacteria,k__norank_d__Bacteria,p__Proteobacteria,c__Alphaproteobacteria,o__Rhizobiales,f__Rhizobiaceae,g__Aminobacter,s__Aminobacter_aminovorans,OTU292,148,0.0002,35.294117647059%
d__Bacteria,k__norank_d__Bacteria,p__Proteobacteria,c__Gammaproteobacteria,o__Betaproteobacteriales,f__SC-I-84,g__norank_f__SC-I-84,s__uncultured_bacterium_g__norank_f__SC-I-84,OTU244,17,2.0E-5,17.647058823529%
d__Bacteria,k__norank_d__Bacteria,p__Chloroflexi,c__Anaerolineae,o__Caldilineales,f__Caldilineaceae,g__unclassified_f__Caldilineaceae,s__unclassified_f__Caldilineaceae,OTU403,17,2.0E-5,17.647058823529%
d__Bacteria,k__norank_d__Bacteria,p__Firmicutes,c__Clostridia,o__Clostridiales,f__Family_XIII,g__Family_XIII_AD3011_group,s__unclassified_g__Family_XIII_AD3011_group,OTU806,3,4.15161e-6,11.764705882353%
d__Bacteria,k__norank_d__Bacteria,p__Proteobacteria,c__Gammaproteobacteria,o__Betaproteobacteriales,f__Burkholderiaceae,g__norank_f__Burkholderiaceae,s__uncultured_prokaryote_g__norank_f__Burkholderiaceae,OTU195,109,0.00015,52.941176470588%
d__Bacteria,k__norank_d__Bacteria,p__Bacteroidetes,c__Bacteroidia,o__Flavobacteriales,f__Flavobacteriaceae,g__Actibacter,s__unclassified_g__Actibacter,OTU145,6,8.30321e-6,11.764705882353%
d__Bacteria,k__norank_d__Bacteria,p__Proteobacteria,c__Gammaproteobacteria,o__Xanthomonadales,f__Xanthomonadaceae,g__Lysobacter,s__uncultured_Thermomonas_sp._g__Lysobacter,OTU270,134,0.00019,35.294117647059%
d__Bacteria,k__norank_d__Bacteria,p__Actinobacteria,c__Actinobacteria,o__unclassified_c__Actinobacteria,f__unclassified_c__Actinobacteria,g__unclassified_c__Actinobacteria,s__unclassified_c__Actinobacteria,OTU321,29,4.0E-5,29.411764705882%
d__Bacteria,k__norank_d__Bacteria,p__Proteobacteria,c__Gammaproteobacteria,o__Coxiellales,f__Coxiellaceae,g__Coxiella,s__uncultured_bacterium_g__Coxiella,OTU187,22,3.0E-5,23.529411764706%
d__Bacteria,k__norank_d__Bacteria,p__Firmicutes,c__Clostridia,o__Clostridiales,f__Clostridiaceae_1,g__Clostridium_sensu_stricto_12,s__unclassified_g__Clostridium_sensu_stricto_12,OTU66,16,2.0E-5,47.058823529412%
d__Bacteria,k__norank_d__Bacteria,p__Bacteroidetes,c__Bacteroidia,o__Cytophagales,f__Microscillaceae,g__norank_f__Microscillaceae,s__unclassified_g__norank_f__Microscillaceae,OTU511,2,2.76774e-6,5.8823529411765%
d__Bacteria,k__norank_d__Bacteria,p__Proteobacteria,c__Gammaproteobacteria,o__Diplorickettsiales,f__Diplorickettsiaceae,g__Aquicella,s__unclassified_g__Aquicella,OTU142,4,5.53547e-6,11.764705882353%
d__Bacteria,k__norank_d__Bacteria,p__Acidobacteria,c__Subgroup_6,o__norank_c__Subgroup_6,f__norank_c__Subgroup_6,g__norank_c__Subgroup_6,s__uncultured_bacterium_g__norank_c__Subgroup_6,OTU390,9,1.0E-5,23.529411764706%
d__Bacteria,k__norank_d__Bacteria,p__Chloroflexi,c__Anaerolineae,o__SJA-15,f__norank_o__SJA-15,g__norank_o__SJA-15,s__uncultured_bacterium_g__norank_o__SJA-15,OTU489,11,2.0E-5,23.529411764706%
d__Bacteria,k__norank_d__Bacteria,p__Proteobacteria,c__Gammaproteobacteria,o__Betaproteobacteriales,f__Burkholderiaceae,g__MWH-UniP1_aquatic_group,s__uncultured_bacterium_g__MWH-UniP1_aquatic_group,OTU311,30,4.0E-5,11.764705882353%
d__Bacteria,k__norank_d__Bacteria,p__Proteobacteria,c__Deltaproteobacteria,o__Myxococcales,f__BIrii41,g__norank_f__BIrii41,s__uncultured_bacterium_g__norank_f__BIrii41,OTU487,4,5.53547e-6,11.764705882353%
d__Bacteria,k__norank_d__Bacteria,p__Acidobacteria,c__Acidobacteriia,o__Acidobacteriales,f__norank_o__Acidobacteriales,g__norank_o__Acidobacteriales,s__uncultured_Acidobacteriaceae_bacterium_g__norank_o__Acidobacteriales,OTU825,11,2.0E-5,17.647058823529%
d__Bacteria,k__norank_d__Bacteria,p__Chloroflexi,c__Chloroflexia,o__Chloroflexales,f__Roseiflexaceae,g__norank_f__Roseiflexaceae,s__unclassified_g__norank_f__Roseiflexaceae,OTU275,197,0.00027,29.411764705882%
d__Bacteria,k__norank_d__Bacteria,p__Proteobacteria,c__Deltaproteobacteria,o__Sva0485,f__norank_o__Sva0485,g__norank_o__Sva0485,s__uncultured_prokaryote_g__norank_o__Sva0485,OTU348,10,1.0E-5,17.647058823529%
d__Bacteria,k__norank_d__Bacteria,p__Proteobacteria,c__Gammaproteobacteria,o__Xanthomonadales,f__Xanthomonadaceae,g__Stenotrophomonas,s__unclassified_g__Stenotrophomonas,OTU14,466,0.00064,17.647058823529%
d__Bacteria,k__norank_d__Bacteria,p__Proteobacteria,c__Alphaproteobacteria,o__Sphingomonadales,f__Sphingomonadaceae,g__Sphingopyxis,s__unclassified_g__Sphingopyxis,OTU246,18356,0.0254,70.588235294118%
d__Bacteria,k__norank_d__Bacteria,p__Actinobacteria,c__Actinobacteria,o__Micrococcales,f__Microbacteriaceae,g__Agromyces,s__Agromyces_indicus,OTU82,23,3.0E-5,23.529411764706%
d__Bacteria,k__norank_d__Bacteria,p__Bacteroidetes,c__Bacteroidia,o__Sphingobacteriales,f__AKYH767,g__norank_f__AKYH767,s__uncultured_bacterium_g__norank_f__AKYH767,OTU411,4,5.53547e-6,17.647058823529%
d__Bacteria,k__norank_d__Bacteria,p__Verrucomicrobia,c__Verrucomicrobiae,o__Chthoniobacterales,f__Chthoniobacteraceae,g__LD29,s__uncultured_bacterium_g__LD29,OTU201,15,2.0E-5,41.176470588235%
d__Bacteria,k__norank_d__Bacteria,p__Bacteroidetes,c__Bacteroidia,o__Chitinophagales,f__Chitinophagaceae,g__norank_f__Chitinophagaceae,s__uncultured_bacterium_g__norank_f__Chitinophagaceae,OTU156,2,2.76774e-6,5.8823529411765%
d__Bacteria,k__norank_d__Bacteria,p__Firmicutes,c__Bacilli,o__Bacillales,f__Planococcaceae,g__Chungangia,s__uncultured_bacterium_g__Chungangia,OTU391,6,8.30321e-6,17.647058823529%
d__Bacteria,k__norank_d__Bacteria,p__Acidobacteria,c__Subgroup_6,o__unclassified,f__unclassified_c__Subgroup_6,g__Luteitalea,s__unclassified_g__Luteitalea,OTU193,33,5.0E-5,17.647058823529%
d__Bacteria,k__norank_d__Bacteria,p__Proteobacteria,c__Deltaproteobacteria,o__MBNT15,f__norank_o__MBNT15,g__norank_o__MBNT15,s__unclassified_g__norank_o__MBNT15,OTU835,3,4.15161e-6,5.8823529411765%
d__Bacteria,k__norank_d__Bacteria,p__Proteobacteria,c__Alphaproteobacteria,o__Rhizobiales,f__Beijerinckiaceae,g__FukuN57,s__uncultured_proteobacterium_g__FukuN57,OTU493,87,0.00012,17.647058823529%
d__Bacteria,k__norank_d__Bacteria,p__Proteobacteria,c__Alphaproteobacteria,o__Rhizobiales,f__Rhizobiales_Incertae_Sedis,g__Phreatobacter,s__Alphaproteobacteria_bacterium_g__Phreatobacter,OTU513,14,2.0E-5,23.529411764706%
d__Bacteria,k__norank_d__Bacteria,p__Bacteroidetes,c__Ignavibacteria,o__Kryptoniales,f__BSV26,g__norank_f__BSV26,s__Ignavibacteria_bacterium_RIFCSPLOWO2_12_FULL_56_21,OTU369,3,4.15161e-6,5.8823529411765%
d__Bacteria,k__norank_d__Bacteria,p__Patescibacteria,c__Parcubacteria,o__Candidatus_Kaiserbacteria,f__norank_o__Candidatus_Kaiserbacteria,g__norank_o__Candidatus_Kaiserbacteria,s__unclassified_g__norank_o__Candidatus_Kaiserbacteria,OTU313,10,1.0E-5,11.764705882353%
d__Bacteria,k__norank_d__Bacteria,p__Proteobacteria,c__Gammaproteobacteria,o__Ga0077536,f__norank_o__Ga0077536,g__norank_o__Ga0077536,s__unclassified_g__norank_o__Ga0077536,OTU315,4,5.53547e-6,11.764705882353%
d__Bacteria,k__norank_d__Bacteria,p__Acidobacteria,c__Subgroup_6,o__norank_c__Subgroup_6,f__norank_c__Subgroup_6,g__norank_c__Subgroup_6,s__unclassified_g__norank_c__Subgroup_6,OTU102,2,2.76774e-6,5.8823529411765%
d__Bacteria,k__norank_d__Bacteria,p__Bacteroidetes,c__Ignavibacteria,o__OPB56,f__norank_o__OPB56,g__norank_o__OPB56,s__uncultured_bacterium_g__norank_o__OPB56,OTU509,2,2.76774e-6,5.8823529411765%
d__Bacteria,k__norank_d__Bacteria,p__Cyanobacteria,c__Oxyphotobacteria,o__Synechococcales,f__Cyanobiaceae,g__Cyanobium_PCC-6307,s__unclassified_g__Cyanobium_PCC-6307,OTU149,22,3.0E-5,35.294117647059%
d__Bacteria,k__norank_d__Bacteria,p__Bacteroidetes,c__Bacteroidia,o__Flavobacteriales,f__NS9_marine_group,g__norank_f__NS9_marine_group,s__unclassified_g__norank_f__NS9_marine_group,OTU440,9,1.0E-5,11.764705882353%
d__Bacteria,k__norank_d__Bacteria,p__Actinobacteria,c__Actinobacteria,o__Microtrichales,f__Microtrichaceae,g__IMCC26207,s__uncultured_bacterium_g__IMCC26207,OTU15,62,9.0E-5,52.941176470588%
d__Bacteria,k__norank_d__Bacteria,p__Proteobacteria,c__Gammaproteobacteria,o__PLTA13,f__norank_o__PLTA13,g__norank_o__PLTA13,s__uncultured_bacterium_g__norank_o__PLTA13,OTU206,150,0.00021,41.176470588235%
d__Bacteria,k__norank_d__Bacteria,p__Patescibacteria,c__Saccharimonadia,o__Saccharimonadales,f__norank_o__Saccharimonadales,g__norank_o__Saccharimonadales,s__uncultured_bacterium_g__norank_o__Saccharimonadales,OTU249,2,2.76774e-6,5.8823529411765%
d__Bacteria,k__norank_d__Bacteria,p__Verrucomicrobia,c__Verrucomicrobiae,o__Verrucomicrobiales,f__Verrucomicrobiaceae,g__norank_f__Verrucomicrobiaceae,s__uncultured_soil_bacterium_g__norank_f__Verrucomicrobiaceae,OTU177,14,2.0E-5,23.529411764706%
d__Bacteria,k__norank_d__Bacteria,p__Actinobacteria,c__Actinobacteria,o__Propionibacteriales,f__Nocardioidaceae,g__Nocardioides,s__Nocardioides_szechwanensis,OTU197,44,6.0E-5,17.647058823529%
d__Bacteria,k__norank_d__Bacteria,p__Proteobacteria,c__Gammaproteobacteria,o__Betaproteobacteriales,f__Rhodocyclaceae,g__Sulfuritalea,s__uncultured_soil_bacterium_g__Sulfuritalea,OTU879,1257,0.00174,94.117647058824%
d__Bacteria,k__norank_d__Bacteria,p__Proteobacteria,c__Alphaproteobacteria,o__Rickettsiales,f__Midichloriaceae,g__Candidatus_Jidaibacter,s__unclassified_g__Candidatus_Jidaibacter,OTU393,3,4.15161e-6,17.647058823529%
d__Bacteria,k__norank_d__Bacteria,p__Planctomycetes,c__Phycisphaerae,o__Phycisphaerales,f__Phycisphaeraceae,g__SM1A02,s__uncultured_bacterium_g__SM1A02,OTU337,3,4.15161e-6,11.764705882353%
d__Bacteria,k__norank_d__Bacteria,p__Actinobacteria,c__Actinobacteria,o__Microtrichales,f__Ilumatobacteraceae,g__CL500-29_marine_group,s__uncultured_bacterium_g__CL500-29_marine_group,OTU386,42,6.0E-5,58.823529411765%
d__Bacteria,k__norank_d__Bacteria,p__Bacteroidetes,c__Bacteroidia,o__Chitinophagales,f__Chitinophagaceae,g__Terrimonas,s__metagenome_g__Terrimonas,OTU111,60,8.0E-5,52.941176470588%
d__Bacteria,k__norank_d__Bacteria,p__Proteobacteria,c__Alphaproteobacteria,o__Rhizobiales,f__Beijerinckiaceae,g__Methylorosula,s__uncultured_bacterium_g__Methylorosula,OTU542,1179,0.00163,70.588235294118%
d__Bacteria,k__norank_d__Bacteria,p__Proteobacteria,c__Alphaproteobacteria,o__Acetobacterales,f__Acetobacterales_Incertae_Sedis,g__norank_f__Acetobacterales_Incertae_Sedis,s__uncultured_alpha_proteobacterium_g__norank_f__Acetobacterales_Incertae_Sedis,OTU515,4,5.53547e-6,5.8823529411765%
d__Bacteria,k__norank_d__Bacteria,p__Actinobacteria,c__Actinobacteria,o__PeM15,f__norank_o__PeM15,g__norank_o__PeM15,s__unclassified_g__norank_o__PeM15,OTU506,41,6.0E-5,29.411764705882%
d__Bacteria,k__norank_d__Bacteria,p__Proteobacteria,c__Alphaproteobacteria,o__Micavibrionales,f__Micavibrionaceae,g__norank_f__Micavibrionaceae,s__uncultured_alpha_proteobacterium_g__norank_f__Micavibrionaceae,OTU327,5,6.91934e-6,17.647058823529%
d__Bacteria,k__norank_d__Bacteria,p__Nitrospinae,c__P9X2b3D02,o__norank_c__P9X2b3D02,f__norank_c__P9X2b3D02,g__norank_c__P9X2b3D02,s__uncultured_prokaryote_g__norank_c__P9X2b3D02,OTU209,3,4.15161e-6,5.8823529411765%
d__Bacteria,k__norank_d__Bacteria,p__Patescibacteria,c__Saccharimonadia,o__Saccharimonadales,f__norank_o__Saccharimonadales,g__norank_o__Saccharimonadales,s__metal-contaminated_soil_clone_K20-12,OTU255,13,2.0E-5,17.647058823529%
d__Bacteria,k__norank_d__Bacteria,p__Proteobacteria,c__Gammaproteobacteria,o__Betaproteobacteriales,f__Burkholderiaceae,g__unclassified_f__Burkholderiaceae,s__unclassified_f__Burkholderiaceae,OTU446,81,0.00011,29.411764705882%
d__Bacteria,k__norank_d__Bacteria,p__Patescibacteria,c__Saccharimonadia,o__Saccharimonadales,f__norank_o__Saccharimonadales,g__norank_o__Saccharimonadales,s__unclassified_g__norank_o__Saccharimonadales,OTU210,2,2.76774e-6,5.8823529411765%
d__Bacteria,k__norank_d__Bacteria,p__Bacteroidetes,c__Bacteroidia,o__Sphingobacteriales,f__env.OPS_17,g__norank_f__env.OPS_17,s__uncultured_bacterium_g__norank_f__env.OPS_17,OTU957,88,0.00012,23.529411764706%
d__Bacteria,k__norank_d__Bacteria,p__Proteobacteria,c__Gammaproteobacteria,o__Cellvibrionales,f__Halieaceae,g__OM60NOR5_clade,s__uncultured_bacterium_g__OM60NOR5_clade,OTU417,6,8.30321e-6,11.764705882353%
d__Bacteria,k__norank_d__Bacteria,p__Dependentiae,c__Babeliae,o__Babeliales,f__Vermiphilaceae,g__norank_f__Vermiphilaceae,s__uncultured_bacterium_g__norank_f__Vermiphilaceae,OTU178,6,8.30321e-6,17.647058823529%
d__Bacteria,k__norank_d__Bacteria,p__Proteobacteria,c__Deltaproteobacteria,o__Bdellovibrionales,f__Bdellovibrionaceae,g__OM27_clade,s__metagenome_g__OM27_clade,OTU354,4,5.53547e-6,5.8823529411765%
d__Bacteria,k__norank_d__Bacteria,p__Bacteroidetes,c__Bacteroidia,o__Flavobacteriales,f__Cryomorphaceae,g__norank_f__Cryomorphaceae,s__uncultured_bacterium_g__norank_f__Cryomorphaceae,OTU394,3,4.15161e-6,11.764705882353%
d__Bacteria,k__norank_d__Bacteria,p__Planctomycetes,c__Planctomycetacia,o__Gemmatales,f__Gemmataceae,g__norank_f__Gemmataceae,s__uncultured_bacterium_g__norank_f__Gemmataceae,OTU53,113,0.00016,52.941176470588%
d__Bacteria,k__norank_d__Bacteria,p__Chloroflexi,c__KD4-96,o__norank_c__KD4-96,f__norank_c__KD4-96,g__norank_c__KD4-96,s__uncultured_bacterium_g__norank_c__KD4-96,OTU208,9,1.0E-5,17.647058823529%
d__Bacteria,k__norank_d__Bacteria,p__Bacteroidetes,c__Bacteroidia,o__Chitinophagales,f__Chitinophagaceae,g__Lacibacter,s__Lacibacter_cauensis,OTU155,31,4.0E-5,47.058823529412%
d__Bacteria,k__norank_d__Bacteria,p__Proteobacteria,c__Alphaproteobacteria,o__Acetobacterales,f__Acetobacteraceae,g__Roseococcus,s__uncultured_bacterium_g__Roseococcus,OTU556,12,2.0E-5,29.411764705882%
d__Bacteria,k__norank_d__Bacteria,p__Chlamydiae,c__Chlamydiae,o__Chlamydiales,f__Parachlamydiaceae,g__unclassified_f__Parachlamydiaceae,s__unclassified_f__Parachlamydiaceae,OTU539,4,5.53547e-6,5.8823529411765%
d__Bacteria,k__norank_d__Bacteria,p__Bacteroidetes,c__Bacteroidia,o__Sphingobacteriales,f__AKYH767,g__norank_f__AKYH767,s__uncultured_bacterium_g__norank_f__AKYH767,OTU514,2,2.76774e-6,11.764705882353%
d__Bacteria,k__norank_d__Bacteria,p__Proteobacteria,c__Alphaproteobacteria,o__Rhizobiales,f__Labraceae,g__Labrys,s__unclassified_g__Labrys,OTU266,9,1.0E-5,29.411764705882%
d__Bacteria,k__norank_d__Bacteria,p__Verrucomicrobia,c__Verrucomicrobiae,o__Chthoniobacterales,f__Chthoniobacteraceae,g__Chthoniobacter,s__uncultured_bacterium_g__Chthoniobacter,OTU328,99,0.00014,11.764705882353%
d__Bacteria,k__norank_d__Bacteria,p__Proteobacteria,c__Gammaproteobacteria,o__Cellvibrionales,f__Spongiibacteraceae,g__BD1-7_clade,s__unclassified_g__BD1-7_clade,OTU468,16,2.0E-5,11.764705882353%
d__Bacteria,k__norank_d__Bacteria,p__Proteobacteria,c__Gammaproteobacteria,o__Betaproteobacteriales,f__Gallionellaceae,g__unclassified_f__Gallionellaceae,s__unclassified_f__Gallionellaceae,OTU970,12,2.0E-5,11.764705882353%
d__Bacteria,k__norank_d__Bacteria,p__Actinobacteria,c__Actinobacteria,o__PeM15,f__norank_o__PeM15,g__norank_o__PeM15,s__metagenome_g__norank_o__PeM15,OTU216,46,6.0E-5,35.294117647059%
d__Bacteria,k__norank_d__Bacteria,p__Proteobacteria,c__Gammaproteobacteria,o__Betaproteobacteriales,f__Burkholderiaceae,g__Piscinibacter,s__uncultured_bacterium_g__Piscinibacter,OTU400,199,0.00028,100%
d__Bacteria,k__norank_d__Bacteria,p__Proteobacteria,c__Gammaproteobacteria,o__Betaproteobacteriales,f__unclassified_o__Betaproteobacteriales,g__unclassified_o__Betaproteobacteriales,s__unclassified_o__Betaproteobacteriales,OTU223,14,2.0E-5,35.294117647059%
d__Bacteria,k__norank_d__Bacteria,p__Actinobacteria,c__Actinobacteria,o__Corynebacteriales,f__Nocardiaceae,g__Rhodococcus,s__Rhodococcus_fascians,OTU165,31,4.0E-5,17.647058823529%
d__Bacteria,k__norank_d__Bacteria,p__Proteobacteria,c__Alphaproteobacteria,o__Rhizobiales,f__Rhizobiales_Incertae_Sedis,g__Alsobacter,s__metagenome_g__Alsobacter,OTU445,937,0.0013,47.058823529412%
d__Bacteria,k__norank_d__Bacteria,p__Bacteroidetes,c__Bacteroidia,o__Chitinophagales,f__Chitinophagaceae,g__norank_f__Chitinophagaceae,s__unclassified_g__norank_f__Chitinophagaceae,OTU585,15,2.0E-5,17.647058823529%
d__Bacteria,k__norank_d__Bacteria,p__Proteobacteria,c__Gammaproteobacteria,o__unclassified_c__Gammaproteobacteria,f__unclassified_c__Gammaproteobacteria,g__unclassified_c__Gammaproteobacteria,s__unclassified_c__Gammaproteobacteria,OTU179,5,6.91934e-6,11.764705882353%
d__Bacteria,k__norank_d__Bacteria,p__Actinobacteria,c__Actinobacteria,o__unclassified_c__Actinobacteria,f__unclassified_c__Actinobacteria,g__unclassified_c__Actinobacteria,s__unclassified_c__Actinobacteria,OTU253,2,2.76774e-6,11.764705882353%
d__Bacteria,k__norank_d__Bacteria,p__Proteobacteria,c__Gammaproteobacteria,o__Betaproteobacteriales,f__Burkholderiaceae,g__unclassified_f__Burkholderiaceae,s__unclassified_f__Burkholderiaceae,OTU367,175,0.00024,76.470588235294%
d__Bacteria,k__norank_d__Bacteria,p__Bacteroidetes,c__Bacteroidia,o__Sphingobacteriales,f__env.OPS_17,g__norank_f__env.OPS_17,s__unclassified_g__norank_f__env.OPS_17,OTU572,251,0.00035,5.8823529411765%
d__Bacteria,k__norank_d__Bacteria,p__Acidobacteria,c__Subgroup_6,o__norank_c__Subgroup_6,f__norank_c__Subgroup_6,g__norank_c__Subgroup_6,s__unclassified_g__norank_c__Subgroup_6,OTU502,4,5.53547e-6,11.764705882353%
d__Bacteria,k__norank_d__Bacteria,p__Chloroflexi,c__Anaerolineae,o__SBR1031,f__A4b,g__norank_f__A4b,s__uncultured_bacterium_g__norank_f__A4b,OTU56,4,5.53547e-6,11.764705882353%
d__Bacteria,k__norank_d__Bacteria,p__Proteobacteria,c__Deltaproteobacteria,o__Bdellovibrionales,f__Bacteriovoracaceae,g__Bacteriovorax,s__uncultured_bacterium_g__Bacteriovorax,OTU533,14,2.0E-5,17.647058823529%
d__Bacteria,k__norank_d__Bacteria,p__Proteobacteria,c__Gammaproteobacteria,o__Diplorickettsiales,f__Diplorickettsiaceae,g__Aquicella,s__uncultured_bacterium_g__Aquicella,OTU979,3,4.15161e-6,17.647058823529%
d__Bacteria,k__norank_d__Bacteria,p__Actinobacteria,c__Actinobacteria,o__Frankiales,f__Sporichthyaceae,g__hgcI_clade,s__unclassified_g__hgcI_clade,OTU295,10790,0.01493,64.705882352941%
d__Bacteria,k__norank_d__Bacteria,p__Proteobacteria,c__Deltaproteobacteria,o__Bdellovibrionales,f__Bdellovibrionaceae,g__OM27_clade,s__uncultured_bacterium_g__OM27_clade,OTU349,12,2.0E-5,17.647058823529%
d__Bacteria,k__norank_d__Bacteria,p__Actinobacteria,c__Actinobacteria,o__OPB41,f__norank_o__OPB41,g__norank_o__OPB41,s__uncultured_bacterium_g__norank_o__OPB41,OTU271,4,5.53547e-6,11.764705882353%
d__Bacteria,k__norank_d__Bacteria,p__Acidobacteria,c__Subgroup_6,o__norank_c__Subgroup_6,f__norank_c__Subgroup_6,g__norank_c__Subgroup_6,s__unclassified_g__norank_c__Subgroup_6,OTU171,3,4.15161e-6,11.764705882353%
d__Bacteria,k__norank_d__Bacteria,p__Proteobacteria,c__Gammaproteobacteria,o__Betaproteobacteriales,f__Burkholderiaceae,g__norank_f__Burkholderiaceae,s__uncultured_prokaryote_g__norank_f__Burkholderiaceae,OTU211,124,0.00017,52.941176470588%
d__Bacteria,k__norank_d__Bacteria,p__Proteobacteria,c__Gammaproteobacteria,o__Oceanospirillales,f__Pseudohongiellaceae,g__BIyi10,s__uncultured_bacterium_g__BIyi10,OTU406,14,2.0E-5,11.764705882353%
d__Bacteria,k__norank_d__Bacteria,p__Verrucomicrobia,c__Verrucomicrobiae,o__Verrucomicrobiales,f__Rubritaleaceae,g__Luteolibacter,s__unclassified_g__Luteolibacter,OTU236,26,4.0E-5,23.529411764706%
d__Bacteria,k__norank_d__Bacteria,p__Bacteroidetes,c__Bacteroidia,o__Cytophagales,f__Microscillaceae,g__OLB12,s__uncultured_bacterium_g__OLB12,OTU380,41,6.0E-5,29.411764705882%
d__Bacteria,k__norank_d__Bacteria,p__Bacteroidetes,c__Bacteroidia,o__Sphingobacteriales,f__env.OPS_17,g__norank_f__env.OPS_17,s__uncultured_bacterium_g__norank_f__env.OPS_17,OTU286,32,4.0E-5,41.176470588235%
d__Bacteria,k__norank_d__Bacteria,p__Verrucomicrobia,c__Verrucomicrobiae,o__Verrucomicrobiales,f__Verrucomicrobiaceae,g__Roseimicrobium,s__unclassified_g__Roseimicrobium,OTU608,5,6.91934e-6,23.529411764706%
d__Bacteria,k__norank_d__Bacteria,p__Patescibacteria,c__Parcubacteria,o__Candidatus_Kaiserbacteria,f__norank_o__Candidatus_Kaiserbacteria,g__norank_o__Candidatus_Kaiserbacteria,s__unclassified_g__norank_o__Candidatus_Kaiserbacteria,OTU452,3,4.15161e-6,11.764705882353%
d__Bacteria,k__norank_d__Bacteria,p__Entotheonellaeota,c__Entotheonellia,o__Entotheonellales,f__Entotheonellaceae,g__norank_f__Entotheonellaceae,s__unclassified_g__norank_f__Entotheonellaceae,OTU605,41,6.0E-5,5.8823529411765%
d__Bacteria,k__norank_d__Bacteria,p__Proteobacteria,c__Gammaproteobacteria,o__unclassified_c__Gammaproteobacteria,f__unclassified_c__Gammaproteobacteria,g__unclassified_c__Gammaproteobacteria,s__unclassified_c__Gammaproteobacteria,OTU999,6,8.30321e-6,5.8823529411765%
d__Bacteria,k__norank_d__Bacteria,p__Bacteroidetes,c__Bacteroidia,o__Sphingobacteriales,f__env.OPS_17,g__norank_f__env.OPS_17,s__uncultured_bacterium_g__norank_f__env.OPS_17,OTU544,5,6.91934e-6,11.764705882353%
d__Bacteria,k__norank_d__Bacteria,p__Actinobacteria,c__Actinobacteria,o__Micrococcales,f__Intrasporangiaceae,g__Oryzihumus,s__Oryzihumus_leptocrescens,OTU319,23,3.0E-5,17.647058823529%
d__Bacteria,k__norank_d__Bacteria,p__Proteobacteria,c__Alphaproteobacteria,o__Rhizobiales,f__Rhizobiales_Incertae_Sedis,g__norank_f__Rhizobiales_Incertae_Sedis,s__uncultured_bacterium_g__norank_f__Rhizobiales_Incertae_Sedis,OTU503,55,8.0E-5,76.470588235294%
d__Bacteria,k__norank_d__Bacteria,p__Proteobacteria,c__Gammaproteobacteria,o__Legionellales,f__Legionellaceae,g__Legionella,s__unclassified_g__Legionella,OTU62,4,5.53547e-6,17.647058823529%
d__Bacteria,k__norank_d__Bacteria,p__Dependentiae,c__Babeliae,o__Babeliales,f__norank_o__Babeliales,g__norank_o__Babeliales,s__unclassified_g__norank_o__Babeliales,OTU186,4,5.53547e-6,17.647058823529%
d__Bacteria,k__norank_d__Bacteria,p__Proteobacteria,c__Alphaproteobacteria,o__Caulobacterales,f__Caulobacteraceae,g__Phenylobacterium,s__metagenome_g__Phenylobacterium,OTU214,21,3.0E-5,41.176470588235%
d__Bacteria,k__norank_d__Bacteria,p__Nitrospirae,c__Nitrospira,o__norank_c__Nitrospira,f__norank_c__Nitrospira,g__Nitrospira,s__metagenome_g__Nitrospira,OTU370,1021,0.00141,82.352941176471%
d__Bacteria,k__norank_d__Bacteria,p__Patescibacteria,c__Saccharimonadia,o__Saccharimonadales,f__norank_o__Saccharimonadales,g__norank_o__Saccharimonadales,s__unclassified_g__norank_o__Saccharimonadales,OTU423,12,2.0E-5,47.058823529412%
d__Bacteria,k__norank_d__Bacteria,p__Actinobacteria,c__Actinobacteria,o__norank_c__Actinobacteria,f__norank_c__Actinobacteria,g__norank_c__Actinobacteria,s__unclassified_g__norank_c__Actinobacteria,OTU288,5,6.91934e-6,11.764705882353%
d__Bacteria,k__norank_d__Bacteria,p__Patescibacteria,c__Saccharimonadia,o__Saccharimonadales,f__norank_o__Saccharimonadales,g__norank_o__Saccharimonadales,s__unclassified_g__norank_o__Saccharimonadales,OTU252,5,6.91934e-6,11.764705882353%
d__Bacteria,k__norank_d__Bacteria,p__Actinobacteria,c__Actinobacteria,o__Micrococcales,f__Microbacteriaceae,g__Agromyces,s__Agromyces_ulmi,OTU287,9,1.0E-5,17.647058823529%
d__Bacteria,k__norank_d__Bacteria,p__Proteobacteria,c__Alphaproteobacteria,o__Rhodobacterales,f__Rhodobacteraceae,g__Pseudorhodobacter,s__uncultured_bacterium_g__Pseudorhodobacter,OTU384,169,0.00023,35.294117647059%
d__Bacteria,k__norank_d__Bacteria,p__Cyanobacteria,c__Melainabacteria,o__Gastranaerophilales,f__norank_o__Gastranaerophilales,g__norank_o__Gastranaerophilales,s__uncultured_bacterium_g__norank_o__Gastranaerophilales,OTU620,11,2.0E-5,29.411764705882%
d__Bacteria,k__norank_d__Bacteria,p__Proteobacteria,c__Deltaproteobacteria,o__SAR324_cladeMarine_group_B,f__norank_o__SAR324_cladeMarine_group_B,g__norank_o__SAR324_cladeMarine_group_B,s__metagenome_g__norank_o__SAR324_cladeMarine_group_B,OTU1004,2,2.76774e-6,5.8823529411765%
d__Bacteria,k__norank_d__Bacteria,p__Proteobacteria,c__Gammaproteobacteria,o__Enterobacteriales,f__Enterobacteriaceae,g__Plesiomonas,s__Plesiomonas_shigelloides,OTU464,6,8.30321e-6,11.764705882353%
d__Bacteria,k__norank_d__Bacteria,p__Proteobacteria,c__Deltaproteobacteria,o__Bdellovibrionales,f__Bdellovibrionaceae,g__Bdellovibrio,s__uncultured_bacterium_g__Bdellovibrio,OTU621,6,8.30321e-6,5.8823529411765%
d__Bacteria,k__norank_d__Bacteria,p__Proteobacteria,c__Alphaproteobacteria,o__Sphingomonadales,f__Sphingomonadaceae,g__unclassified_f__Sphingomonadaceae,s__unclassified_f__Sphingomonadaceae,OTU597,22,3.0E-5,29.411764705882%
d__Bacteria,k__norank_d__Bacteria,p__Acidobacteria,c__Blastocatellia_Subgroup_4,o__Pyrinomonadales,f__Pyrinomonadaceae,g__RB41,s__uncultured_Acidobacteria_bacterium_g__RB41,OTU189,10,1.0E-5,11.764705882353%
d__Bacteria,k__norank_d__Bacteria,p__Proteobacteria,c__Gammaproteobacteria,o__Betaproteobacteriales,f__Burkholderiaceae,g__Comamonas,s__Comamonas_testosteroni_g__Comamonas,OTU228,129,0.00018,41.176470588235%
d__Bacteria,k__norank_d__Bacteria,p__Gemmatimonadetes,c__Gemmatimonadetes,o__Gemmatimonadales,f__Gemmatimonadaceae,g__Gemmatimonas,s__uncultured_bacterium_g__Gemmatimonas,OTU346,3,4.15161e-6,11.764705882353%
d__Bacteria,k__norank_d__Bacteria,p__Bacteroidetes,c__Bacteroidia,o__Flavobacteriales,f__Crocinitomicaceae,g__Fluviicola,s__unclassified_g__Fluviicola,OTU431,4,5.53547e-6,11.764705882353%
d__Bacteria,k__norank_d__Bacteria,p__Proteobacteria,c__Deltaproteobacteria,o__Bdellovibrionales,f__Bdellovibrionaceae,g__OM27_clade,s__metagenome_g__OM27_clade,OTU378,2,2.76774e-6,5.8823529411765%
d__Bacteria,k__norank_d__Bacteria,p__Actinobacteria,c__Actinobacteria,o__Frankiales,f__norank_o__Frankiales,g__norank_o__Frankiales,s__unclassified_g__norank_o__Frankiales,OTU258,16,2.0E-5,17.647058823529%
d__Bacteria,k__norank_d__Bacteria,p__Patescibacteria,c__Gracilibacteria,o__norank_c__Gracilibacteria,f__norank_c__Gracilibacteria,g__norank_c__Gracilibacteria,s__unclassified_g__norank_c__Gracilibacteria,OTU317,4,5.53547e-6,11.764705882353%
d__Bacteria,k__norank_d__Bacteria,p__Patescibacteria,c__Saccharimonadia,o__Saccharimonadales,f__norank_o__Saccharimonadales,g__norank_o__Saccharimonadales,s__unclassified_g__norank_o__Saccharimonadales,OTU93,11,2.0E-5,5.8823529411765%
d__Bacteria,k__norank_d__Bacteria,p__Acidobacteria,c__Subgroup_6,o__norank_c__Subgroup_6,f__norank_c__Subgroup_6,g__norank_c__Subgroup_6,s__unclassified_g__norank_c__Subgroup_6,OTU290,3,4.15161e-6,11.764705882353%
d__Bacteria,k__norank_d__Bacteria,p__Actinobacteria,c__Actinobacteria,o__Frankiales,f__Sporichthyaceae,g__hgcI_clade,s__uncultured_bacterium_g__hgcI_clade,OTU477,890,0.00123,64.705882352941%
d__Bacteria,k__norank_d__Bacteria,p__Actinobacteria,c__Actinobacteria,o__norank_c__Actinobacteria,f__norank_c__Actinobacteria,g__norank_c__Actinobacteria,s__metagenome_g__norank_c__Actinobacteria,OTU637,9,1.0E-5,17.647058823529%
d__Bacteria,k__norank_d__Bacteria,p__Proteobacteria,c__Gammaproteobacteria,o__EV818SWSAP88,f__norank_o__EV818SWSAP88,g__norank_o__EV818SWSAP88,s__unclassified_g__norank_o__EV818SWSAP88,OTU557,2,2.76774e-6,5.8823529411765%
d__Bacteria,k__norank_d__Bacteria,p__Actinobacteria,c__Actinobacteria,o__Gaiellales,f__norank_o__Gaiellales,g__norank_o__Gaiellales,s__metagenome_g__norank_o__Gaiellales,OTU412,535,0.00074,52.941176470588%
d__Bacteria,k__norank_d__Bacteria,p__Proteobacteria,c__Deltaproteobacteria,o__Bdellovibrionales,f__Bdellovibrionaceae,g__Bdellovibrio,s__uncultured_bacterium_g__Bdellovibrio,OTU1052,5,6.91934e-6,17.647058823529%
d__Bacteria,k__norank_d__Bacteria,p__Proteobacteria,c__Alphaproteobacteria,o__Rhizobiales,f__Devosiaceae,g__Devosia,s__uncultured_bacterium_g__Devosia,OTU196,10,1.0E-5,17.647058823529%
d__Bacteria,k__norank_d__Bacteria,p__Firmicutes,c__Clostridia,o__Clostridiales,f__Peptococcaceae,g__Cryptanaerobacter,s__uncultured_bacterium_g__Cryptanaerobacter,OTU263,4,5.53547e-6,23.529411764706%
d__Bacteria,k__norank_d__Bacteria,p__Proteobacteria,c__Gammaproteobacteria,o__Steroidobacterales,f__Steroidobacteraceae,g__norank_f__Steroidobacteraceae,s__uncultured_gamma_proteobacterium_g__norank_f__Steroidobacteraceae,OTU379,1015,0.0014,64.705882352941%
d__Bacteria,k__norank_d__Bacteria,p__Chloroflexi,c__OLB14,o__norank_c__OLB14,f__norank_c__OLB14,g__norank_c__OLB14,s__unclassified_g__norank_c__OLB14,OTU626,57,8.0E-5,82.352941176471%
d__Bacteria,k__norank_d__Bacteria,p__Acidobacteria,c__Subgroup_6,o__norank_c__Subgroup_6,f__norank_c__Subgroup_6,g__norank_c__Subgroup_6,s__unclassified_g__norank_c__Subgroup_6,OTU330,4,5.53547e-6,17.647058823529%
d__Bacteria,k__norank_d__Bacteria,p__Armatimonadetes,c__Fimbriimonadia,o__Fimbriimonadales,f__Fimbriimonadaceae,g__norank_f__Fimbriimonadaceae,s__unclassified_g__norank_f__Fimbriimonadaceae,OTU432,3,4.15161e-6,5.8823529411765%
d__Bacteria,k__norank_d__Bacteria,p__Proteobacteria,c__Alphaproteobacteria,o__Micropepsales,f__Micropepsaceae,g__norank_f__Micropepsaceae,s__unclassified_g__norank_f__Micropepsaceae,OTU356,252,0.00035,100%
d__Bacteria,k__norank_d__Bacteria,p__Bacteroidetes,c__Ignavibacteria,o__OPB56,f__norank_o__OPB56,g__norank_o__OPB56,s__uncultured_bacterium_g__norank_o__OPB56,OTU510,2,2.76774e-6,5.8823529411765%
d__Bacteria,k__norank_d__Bacteria,p__Gemmatimonadetes,c__Gemmatimonadetes,o__Gemmatimonadales,f__Gemmatimonadaceae,g__norank_f__Gemmatimonadaceae,s__uncultured_bacterium_g__norank_f__Gemmatimonadaceae,OTU325,2,2.76774e-6,11.764705882353%
d__Bacteria,k__norank_d__Bacteria,p__Acidobacteria,c__Subgroup_6,o__norank_c__Subgroup_6,f__norank_c__Subgroup_6,g__norank_c__Subgroup_6,s__uncultured_bacterium_g__norank_c__Subgroup_6,OTU260,21,3.0E-5,29.411764705882%
d__Bacteria,k__norank_d__Bacteria,p__Proteobacteria,c__Gammaproteobacteria,o__Legionellales,f__Legionellaceae,g__Legionella,s__unclassified_g__Legionella,OTU1063,27,4.0E-5,23.529411764706%
d__Bacteria,k__norank_d__Bacteria,p__Actinobacteria,c__Actinobacteria,o__Propionibacteriales,f__Nocardioidaceae,g__Nocardioides,s__unclassified_g__Nocardioides,OTU198,6,8.30321e-6,5.8823529411765%
d__Bacteria,k__norank_d__Bacteria,p__Proteobacteria,c__Deltaproteobacteria,o__Oligoflexales,f__0319-6G20,g__norank_f__0319-6G20,s__unclassified_g__norank_f__0319-6G20,OTU428,3,4.15161e-6,5.8823529411765%
d__Bacteria,k__norank_d__Bacteria,p__Armatimonadetes,c__Armatimonadia,o__Armatimonadales,f__Armatimonadaceae,g__Armatimonas,s__uncultured_bacterium_g__Armatimonas,OTU651,26,4.0E-5,29.411764705882%
d__Bacteria,k__norank_d__Bacteria,p__Bacteroidetes,c__Bacteroidia,o__Bacteroidales,f__Bacteroidaceae,g__Bacteroides,s__Bacteroides_luti,OTU273,19,3.0E-5,47.058823529412%
d__Bacteria,k__norank_d__Bacteria,p__Actinobacteria,c__Actinobacteria,o__Frankiales,f__Sporichthyaceae,g__hgcI_clade,s__metagenome_g__hgcI_clade,OTU429,91,0.00013,17.647058823529%
d__Bacteria,k__norank_d__Bacteria,p__Proteobacteria,c__Alphaproteobacteria,o__Rhizobiales,f__unclassified_o__Rhizobiales,g__unclassified_o__Rhizobiales,s__unclassified_o__Rhizobiales,OTU560,2,2.76774e-6,5.8823529411765%
d__Bacteria,k__norank_d__Bacteria,p__Bacteroidetes,c__Bacteroidia,o__Flavobacteriales,f__Weeksellaceae,g__Chryseobacterium,s__Chryseobacterium_haifense,OTU96,124,0.00017,11.764705882353%
d__Bacteria,k__norank_d__Bacteria,p__Dependentiae,c__Babeliae,o__Babeliales,f__Vermiphilaceae,g__norank_f__Vermiphilaceae,s__uncultured_Candidatus_Dependentiae_bacterium_g__norank,OTU645,2,2.76774e-6,5.8823529411765%
d__Bacteria,k__norank_d__Bacteria,p__Proteobacteria,c__Deltaproteobacteria,o__Bdellovibrionales,f__Bacteriovoracaceae,g__Bacteriovorax,s__unclassified_g__Bacteriovorax,OTU382,8,1.0E-5,29.411764705882%
d__Bacteria,k__norank_d__Bacteria,p__Patescibacteria,c__Saccharimonadia,o__Saccharimonadales,f__norank_o__Saccharimonadales,g__norank_o__Saccharimonadales,s__uncultured_bacterium_g__norank_o__Saccharimonadales,OTU518,11,2.0E-5,35.294117647059%
d__Bacteria,k__norank_d__Bacteria,p__Proteobacteria,c__Gammaproteobacteria,o__Betaproteobacteriales,f__Chitinimonadaceae,g__Chitinivorax,s__metagenome_g__Chitinivorax,OTU444,2,2.76774e-6,5.8823529411765%
d__Bacteria,k__norank_d__Bacteria,p__Chloroflexi,c__Anaerolineae,o__SBR1031,f__A4b,g__norank_f__A4b,s__uncultured_bacterium_g__norank_f__A4b,OTU622,3,4.15161e-6,5.8823529411765%
d__Bacteria,k__norank_d__Bacteria,p__Cyanobacteria,c__Melainabacteria,o__Obscuribacterales,f__norank_o__Obscuribacterales,g__norank_o__Obscuribacterales,s__bioreactor_metagenome_g__norank_o__Obscuribacterales,OTU1067,253,0.00035,23.529411764706%
d__Bacteria,k__norank_d__Bacteria,p__Actinobacteria,c__Actinobacteria,o__Frankiales,f__Sporichthyaceae,g__hgcI_clade,s__uncultured_actinobacterium_g__hgcI_clade,OTU334,45,6.0E-5,23.529411764706%
d__Bacteria,k__norank_d__Bacteria,p__Proteobacteria,c__Gammaproteobacteria,o__Betaproteobacteriales,f__Methylophilaceae,g__Methylotenera,s__unclassified_g__Methylotenera,OTU459,212,0.00029,47.058823529412%
d__Bacteria,k__norank_d__Bacteria,p__Dependentiae,c__Babeliae,o__Babeliales,f__unclassified_o__Babeliales,g__unclassified_o__Babeliales,s__unclassified_o__Babeliales,OTU332,3,4.15161e-6,11.764705882353%
d__Bacteria,k__norank_d__Bacteria,p__Proteobacteria,c__Gammaproteobacteria,o__Betaproteobacteriales,f__Burkholderiaceae,g__Polynucleobacter,s__Polynucleobacter_cosmopolitanus,OTU697,494,0.00068,41.176470588235%
d__Bacteria,k__norank_d__Bacteria,p__Proteobacteria,c__Gammaproteobacteria,o__Xanthomonadales,f__Xanthomonadaceae,g__Arenimonas,s__unclassified_g__Arenimonas,OTU224,306,0.00042,23.529411764706%
d__Bacteria,k__norank_d__Bacteria,p__Proteobacteria,c__Alphaproteobacteria,o__Rhodospirillales,f__Terasakiellaceae,g__norank_f__Terasakiellaceae,s__uncultured_alpha_proteobacterium_g__norank_f__Terasakiellaceae,OTU322,9,1.0E-5,11.764705882353%
d__Bacteria,k__norank_d__Bacteria,p__Proteobacteria,c__Deltaproteobacteria,o__Desulfobacterales,f__Desulfobacteraceae,g__norank_f__Desulfobacteraceae,s__uncultured_Desulfobacula_sp._g__norank,OTU575,4,5.53547e-6,17.647058823529%
d__Bacteria,k__norank_d__Bacteria,p__Bacteroidetes,c__Bacteroidia,o__Chitinophagales,f__Chitinophagaceae,g__unclassified_f__Chitinophagaceae,s__unclassified_f__Chitinophagaceae,OTU278,27,4.0E-5,17.647058823529%
d__Bacteria,k__norank_d__Bacteria,p__Actinobacteria,c__Actinobacteria,o__Microtrichales,f__Ilumatobacteraceae,g__CL500-29_marine_group,s__uncultured_bacterium_g__CL500-29_marine_group,OTU647,2208,0.00306,64.705882352941%
d__Bacteria,k__norank_d__Bacteria,p__Actinobacteria,c__Actinobacteria,o__Microtrichales,f__Ilumatobacteraceae,g__CL500-29_marine_group,s__metagenome_g__CL500-29_marine_group,OTU415,297,0.00041,64.705882352941%
d__Bacteria,k__norank_d__Bacteria,p__Bacteroidetes,c__Bacteroidia,o__Flavobacteriales,f__Flavobacteriaceae,g__Flavobacterium,s__unclassified_g__Flavobacterium,OTU526,11,2.0E-5,17.647058823529%
d__Bacteria,k__norank_d__Bacteria,p__Proteobacteria,c__Gammaproteobacteria,o__Betaproteobacteriales,f__Chitinibacteraceae,g__Deefgea,s__Deefgea_chitinilytica,OTU433,6,8.30321e-6,11.764705882353%
d__Bacteria,k__norank_d__Bacteria,p__Proteobacteria,c__Gammaproteobacteria,o__Pseudomonadales,f__Pseudomonadaceae,g__Pseudomonas,s__Pseudomonas_aeruginosa_g__Pseudomonas,OTU453,15,2.0E-5,23.529411764706%
d__Bacteria,k__norank_d__Bacteria,p__Proteobacteria,c__Alphaproteobacteria,o__unclassified_c__Alphaproteobacteria,f__unclassified_c__Alphaproteobacteria,g__unclassified_c__Alphaproteobacteria,s__unclassified_c__Alphaproteobacteria,OTU1099,6,8.30321e-6,5.8823529411765%
d__Bacteria,k__norank_d__Bacteria,p__Acidobacteria,c__Subgroup_6,o__norank_c__Subgroup_6,f__norank_c__Subgroup_6,g__norank_c__Subgroup_6,s__unclassified_g__norank_c__Subgroup_6,OTU125,3,4.15161e-6,5.8823529411765%
d__Bacteria,k__norank_d__Bacteria,p__Bacteroidetes,c__Bacteroidia,o__Sphingobacteriales,f__AKYH767,g__norank_f__AKYH767,s__metagenome_g__norank_f__AKYH767,OTU472,5,6.91934e-6,17.647058823529%
d__Bacteria,k__norank_d__Bacteria,p__Bacteroidetes,c__Bacteroidia,o__Sphingobacteriales,f__Sphingobacteriaceae,g__Solitalea,s__uncultured_Solitalea_sp.,OTU336,9,1.0E-5,11.764705882353%
d__Bacteria,k__norank_d__Bacteria,p__Proteobacteria,c__Deltaproteobacteria,o__unclassified_c__Deltaproteobacteria,f__unclassified_c__Deltaproteobacteria,g__unclassified_c__Deltaproteobacteria,s__unclassified_c__Deltaproteobacteria,OTU700,7,9.68708e-6,35.294117647059%
d__Bacteria,k__norank_d__Bacteria,p__Proteobacteria,c__Alphaproteobacteria,o__Sphingomonadales,f__Sphingomonadaceae,g__Polymorphobacter,s__uncultured_bacterium_g__Polymorphobacter,OTU338,59,8.0E-5,23.529411764706%
d__Bacteria,k__norank_d__Bacteria,p__Proteobacteria,c__Gammaproteobacteria,o__Betaproteobacteriales,f__Nitrosomonadaceae,g__Ellin6067,s__uncultured_beta_proteobacterium_g__Ellin6067,OTU634,7,9.68708e-6,5.8823529411765%
d__Bacteria,k__norank_d__Bacteria,p__Proteobacteria,c__Alphaproteobacteria,o__Sphingomonadales,f__Sphingomonadaceae,g__Novosphingobium,s__metagenome_g__Novosphingobium,OTU296,884,0.00122,64.705882352941%
d__Bacteria,k__norank_d__Bacteria,p__Verrucomicrobia,c__Verrucomicrobiae,o__Chthoniobacterales,f__Terrimicrobiaceae,g__FukuN18_freshwater_group,s__unclassified_g__FukuN18_freshwater_group,OTU230,7,9.68708e-6,17.647058823529%
d__Bacteria,k__norank_d__Bacteria,p__Proteobacteria,c__Gammaproteobacteria,o__Diplorickettsiales,f__Diplorickettsiaceae,g__Rickettsiella,s__uncultured_bacterium_g__Rickettsiella,OTU333,15,2.0E-5,17.647058823529%
d__Bacteria,k__norank_d__Bacteria,p__Bacteroidetes,c__Bacteroidia,o__Cytophagales,f__Cyclobacteriaceae,g__Algoriphagus,s__uncultured_Hongiella_sp.,OTU655,22,3.0E-5,11.764705882353%
d__Bacteria,k__norank_d__Bacteria,p__Actinobacteria,c__Actinobacteria,o__Corynebacteriales,f__Mycobacteriaceae,g__Mycobacterium,s__unclassified_g__Mycobacterium,OTU579,1365,0.00189,100%
d__Bacteria,k__norank_d__Bacteria,p__Proteobacteria,c__unclassified_p__Proteobacteria,o__unclassified_p__Proteobacteria,f__unclassified_p__Proteobacteria,g__unclassified_p__Proteobacteria,s__unclassified_p__Proteobacteria,OTU455,13,2.0E-5,17.647058823529%
d__Bacteria,k__norank_d__Bacteria,p__Proteobacteria,c__Alphaproteobacteria,o__Rickettsiales,f__Mitochondria,g__norank_f__Mitochondria,s__unclassified_g__norank_f__Mitochondria,OTU1117,4,5.53547e-6,5.8823529411765%
d__Bacteria,k__norank_d__Bacteria,p__Planctomycetes,c__Planctomycetacia,o__norank_c__Planctomycetacia,f__norank_c__Planctomycetacia,g__norank_c__Planctomycetacia,s__uncultured_bacterium_g__norank_c__Planctomycetacia,OTU527,4,5.53547e-6,5.8823529411765%
d__Bacteria,k__norank_d__Bacteria,p__Verrucomicrobia,c__Verrucomicrobiae,o__Chthoniobacterales,f__Chthoniobacteraceae,g__Chthoniobacter,s__metagenome_g__Chthoniobacter,OTU434,15,2.0E-5,17.647058823529%
d__Bacteria,k__norank_d__Bacteria,p__Dependentiae,c__Babeliae,o__Babeliales,f__Babeliaceae,g__norank_f__Babeliaceae,s__uncultured_bacterium_g__norank_f__Babeliaceae,OTU435,6,8.30321e-6,17.647058823529%
d__Bacteria,k__norank_d__Bacteria,p__Actinobacteria,c__Actinobacteria,o__OPB41,f__norank_o__OPB41,g__norank_o__OPB41,s__uncultured_Coriobacteriaceae_bacterium_g__norank,OTU339,17,2.0E-5,52.941176470588%
d__Bacteria,k__norank_d__Bacteria,p__Proteobacteria,c__Gammaproteobacteria,o__Betaproteobacteriales,f__Burkholderiaceae,g__AAP99,s__uncultured_bacterium_g__AAP99,OTU639,8,1.0E-5,17.647058823529%
d__Bacteria,k__norank_d__Bacteria,p__Nitrospirae,c__Nitrospira,o__norank_c__Nitrospira,f__norank_c__Nitrospira,g__Nitrospira,s__uncultured_Nitrospiraceae_bacterium_g__Nitrospira,OTU669,177,0.00024,41.176470588235%
d__Bacteria,k__norank_d__Bacteria,p__Proteobacteria,c__Gammaproteobacteria,o__Betaproteobacteriales,f__Burkholderiaceae,g__unclassified_f__Burkholderiaceae,s__unclassified_f__Burkholderiaceae,OTU136,757,0.00105,82.352941176471%
d__Bacteria,k__norank_d__Bacteria,p__Verrucomicrobia,c__Verrucomicrobiae,o__Pedosphaerales,f__Pedosphaeraceae,g__norank_f__Pedosphaeraceae,s__uncultured_Verrucomicrobia_bacterium_g__norank_f__Pedosphaeraceae,OTU532,7,9.68708e-6,11.764705882353%
d__Bacteria,k__norank_d__Bacteria,p__Verrucomicrobia,c__Verrucomicrobiae,o__Chthoniobacterales,f__Chthoniobacteraceae,g__Chthoniobacter,s__uncultured_bacterium_g__Chthoniobacter,OTU703,26,4.0E-5,11.764705882353%
d__Bacteria,k__norank_d__Bacteria,p__Actinobacteria,c__Actinobacteria,o__PeM15,f__norank_o__PeM15,g__norank_o__PeM15,s__uncultured_soil_bacterium_g__norank_o__PeM15,OTU614,66,9.0E-5,52.941176470588%
d__Bacteria,k__norank_d__Bacteria,p__Proteobacteria,c__Alphaproteobacteria,o__Elsterales,f__Elsteraceae,g__norank_f__Elsteraceae,s__uncultured_alpha_proteobacterium_g__norank_f__Elsteraceae,OTU344,3,4.15161e-6,11.764705882353%
d__Bacteria,k__norank_d__Bacteria,p__Chloroflexi,c__Chloroflexia,o__Chloroflexales,f__Roseiflexaceae,g__norank_f__Roseiflexaceae,s__uncultured_Roseiflexus_sp._g__norank,OTU341,16,2.0E-5,11.764705882353%
d__Bacteria,k__norank_d__Bacteria,p__Proteobacteria,c__Gammaproteobacteria,o__Betaproteobacteriales,f__Nitrosomonadaceae,g__unclassified_f__Nitrosomonadaceae,s__unclassified_f__Nitrosomonadaceae,OTU478,73,0.0001,11.764705882353%
d__Bacteria,k__norank_d__Bacteria,p__Proteobacteria,c__Alphaproteobacteria,o__Rhodospirillales,f__Terasakiellaceae,g__norank_f__Terasakiellaceae,s__uncultured_alpha_proteobacterium_g__norank_f__Terasakiellaceae,OTU345,5,6.91934e-6,5.8823529411765%
d__Bacteria,k__norank_d__Bacteria,p__Bacteroidetes,c__Bacteroidia,o__Chitinophagales,f__Chitinophagaceae,g__Terrimonas,s__uncultured_bacterium_g__Terrimonas,OTU561,12,2.0E-5,29.411764705882%
d__Bacteria,k__norank_d__Bacteria,p__Proteobacteria,c__Gammaproteobacteria,o__Methylococcales,f__Methylomonaceae,g__Methylovulum,s__uncultured_gamma_proteobacterium_g__Methylovulum,OTU365,44,6.0E-5,23.529411764706%
d__Bacteria,k__norank_d__Bacteria,p__Bacteroidetes,c__Bacteroidia,o__Chitinophagales,f__Chitinophagaceae,g__Dinghuibacter,s__metagenome_g__Dinghuibacter,OTU439,47,7.0E-5,11.764705882353%
d__Bacteria,k__norank_d__Bacteria,p__Patescibacteria,c__Saccharimonadia,o__Saccharimonadales,f__norank_o__Saccharimonadales,g__norank_o__Saccharimonadales,s__unclassified_g__norank_o__Saccharimonadales,OTU640,2,2.76774e-6,5.8823529411765%
d__Bacteria,k__norank_d__Bacteria,p__Patescibacteria,c__ABY1,o__Candidatus_Magasanikbacteria,f__norank_o__Candidatus_Magasanikbacteria,g__norank_o__Candidatus_Magasanikbacteria,s__Candidatus_Magasanikbacteria_bacterium_RIFOXYD2_FULL_36_9,OTU460,2,2.76774e-6,5.8823529411765%
d__Bacteria,k__norank_d__Bacteria,p__Proteobacteria,c__Deltaproteobacteria,o__Oligoflexales,f__0319-6G20,g__norank_f__0319-6G20,s__unclassified_g__norank_f__0319-6G20,OTU1120,10,1.0E-5,11.764705882353%
d__Bacteria,k__norank_d__Bacteria,p__Cyanobacteria,c__Oxyphotobacteria,o__Synechococcales,f__Synechococcales_Incertae_Sedis,g__Schizothrix_LEGE_07164,s__uncultured_bacterium_g__Schizothrix_LEGE_07164,OTU680,2,2.76774e-6,5.8823529411765%
d__Bacteria,k__norank_d__Bacteria,p__Acidobacteria,c__Subgroup_6,o__norank_c__Subgroup_6,f__norank_c__Subgroup_6,g__norank_c__Subgroup_6,s__uncultured_bacterium_g__norank_c__Subgroup_6,OTU157,25,3.0E-5,23.529411764706%
d__Bacteria,k__norank_d__Bacteria,p__Actinobacteria,c__Actinobacteria,o__Frankiales,f__Sporichthyaceae,g__Candidatus_Planktophila,s__uncultured_Frankineae_bacterium_g__Candidatus_Planktophila,OTU571,22,3.0E-5,11.764705882353%
d__Bacteria,k__norank_d__Bacteria,p__Chloroflexi,c__Chloroflexia,o__Thermomicrobiales,f__JG30-KF-CM45,g__norank_f__JG30-KF-CM45,s__unclassified_g__norank_f__JG30-KF-CM45,OTU709,81,0.00011,58.823529411765%
d__Bacteria,k__norank_d__Bacteria,p__Planctomycetes,c__Planctomycetacia,o__Gemmatales,f__Gemmataceae,g__norank_f__Gemmataceae,s__uncultured_prokaryote_g__norank_f__Gemmataceae,OTU636,30,4.0E-5,41.176470588235%
d__Bacteria,k__norank_d__Bacteria,p__Proteobacteria,c__Gammaproteobacteria,o__Betaproteobacteriales,f__Nitrosomonadaceae,g__MND1,s__metagenome_g__MND1,OTU479,23,3.0E-5,11.764705882353%
d__Bacteria,k__norank_d__Bacteria,p__Proteobacteria,c__Alphaproteobacteria,o__unclassified_c__Alphaproteobacteria,f__unclassified_c__Alphaproteobacteria,g__unclassified_c__Alphaproteobacteria,s__unclassified_c__Alphaproteobacteria,OTU399,3,4.15161e-6,11.764705882353%
d__Bacteria,k__norank_d__Bacteria,p__Chloroflexi,c__Chloroflexia,o__Chloroflexales,f__Roseiflexaceae,g__Kouleothrix,s__uncultured_bacterium_g__Kouleothrix,OTU359,19,3.0E-5,23.529411764706%
d__Bacteria,k__norank_d__Bacteria,p__Cyanobacteria,c__Oxyphotobacteria,o__Nostocales,f__Cyanobacteriaceae,g__Geitlerinema_LD9,s__uncultured_bacterium_g__Geitlerinema_LD9,OTU574,7,9.68708e-6,5.8823529411765%
d__Bacteria,k__norank_d__Bacteria,p__Planctomycetes,c__Phycisphaerae,o__Phycisphaerales,f__Phycisphaeraceae,g__CL500-3,s__uncultured_bacterium_g__CL500-3,OTU650,15,2.0E-5,29.411764705882%
d__Bacteria,k__norank_d__Bacteria,p__Bacteroidetes,c__Bacteroidia,o__Chitinophagales,f__Chitinophagaceae,g__Dinghuibacter,s__metagenome_g__Dinghuibacter,OTU241,14,2.0E-5,11.764705882353%
d__Bacteria,k__norank_d__Bacteria,p__Proteobacteria,c__Gammaproteobacteria,o__Betaproteobacteriales,f__Burkholderiaceae,g__Lautropia,s__metagenome_g__Lautropia,OTU475,11,2.0E-5,11.764705882353%
d__Bacteria,k__norank_d__Bacteria,p__Proteobacteria,c__Deltaproteobacteria,o__Bdellovibrionales,f__Bdellovibrionaceae,g__Bdellovibrio,s__uncultured_soil_bacterium_g__Bdellovibrio,OTU1124,12,2.0E-5,17.647058823529%
d__Bacteria,k__norank_d__Bacteria,p__Bacteroidetes,c__Bacteroidia,o__Chitinophagales,f__Saprospiraceae,g__norank_f__Saprospiraceae,s__metagenome_g__norank_f__Saprospiraceae,OTU387,2,2.76774e-6,11.764705882353%
d__Bacteria,k__norank_d__Bacteria,p__Bacteroidetes,c__Bacteroidia,o__Chitinophagales,f__Saprospiraceae,g__norank_f__Saprospiraceae,s__unclassified_g__norank_f__Saprospiraceae,OTU705,2,2.76774e-6,11.764705882353%
d__Bacteria,k__norank_d__Bacteria,p__unclassified_k__norank_d__Bacteria,c__unclassified_k__norank_d__Bacteria,o__unclassified_k__norank_d__Bacteria,f__unclassified_k__norank_d__Bacteria,g__unclassified_k__norank_d__Bacteria,s__unclassified_k__norank_d__Bacteria,OTU342,3,4.15161e-6,11.764705882353%
d__Bacteria,k__norank_d__Bacteria,p__Proteobacteria,c__Gammaproteobacteria,o__Betaproteobacteriales,f__Burkholderiaceae,g__norank_f__Burkholderiaceae,s__unclassified_g__norank_f__Burkholderiaceae,OTU454,5,6.91934e-6,11.764705882353%
d__Bacteria,k__norank_d__Bacteria,p__Proteobacteria,c__Deltaproteobacteria,o__Myxococcales,f__Archangiaceae,g__Anaeromyxobacter,s__unclassified_g__Anaeromyxobacter,OTU496,7,9.68708e-6,29.411764705882%
d__Bacteria,k__norank_d__Bacteria,p__Proteobacteria,c__Gammaproteobacteria,o__Betaproteobacteriales,f__Leeiaceae,g__Leeia,s__uncultured_bacterium_g__Leeia,OTU420,3,4.15161e-6,11.764705882353%
d__Bacteria,k__norank_d__Bacteria,p__Patescibacteria,c__Saccharimonadia,o__Saccharimonadales,f__norank_o__Saccharimonadales,g__norank_o__Saccharimonadales,s__uncultured_candidate_division_WS5_bacterium,OTU163,2,2.76774e-6,5.8823529411765%
d__Bacteria,k__norank_d__Bacteria,p__Actinobacteria,c__Actinobacteria,o__PeM15,f__norank_o__PeM15,g__norank_o__PeM15,s__unclassified_g__norank_o__PeM15,OTU580,500,0.00069,70.588235294118%
d__Bacteria,k__norank_d__Bacteria,p__Actinobacteria,c__Actinobacteria,o__Frankiales,f__Sporichthyaceae,g__hgcI_clade,s__unclassified_g__hgcI_clade,OTU687,1794,0.00248,64.705882352941%
d__Bacteria,k__norank_d__Bacteria,p__Proteobacteria,c__Alphaproteobacteria,o__Acetobacterales,f__Acetobacteraceae,g__Roseomonas,s__unclassified_g__Roseomonas,OTU753,77,0.00011,17.647058823529%
d__Bacteria,k__norank_d__Bacteria,p__Proteobacteria,c__Gammaproteobacteria,o__Betaproteobacteriales,f__Rhodocyclaceae,g__Dechloromonas,s__unclassified_g__Dechloromonas,OTU584,4,5.53547e-6,11.764705882353%
d__Bacteria,k__norank_d__Bacteria,p__Actinobacteria,c__Actinobacteria,o__Frankiales,f__Sporichthyaceae,g__hgcI_clade,s__unclassified_g__hgcI_clade,OTU374,68,9.0E-5,23.529411764706%
d__Bacteria,k__norank_d__Bacteria,p__Proteobacteria,c__Alphaproteobacteria,o__Holosporales,f__Holosporaceae,g__norank_f__Holosporaceae,s__uncultured_bacterium_g__norank_f__Holosporaceae,OTU652,319,0.00044,100%
d__Bacteria,k__norank_d__Bacteria,p__Bacteroidetes,c__Bacteroidia,o__Sphingobacteriales,f__Sphingobacteriaceae,g__norank_f__Sphingobacteriaceae,s__uncultured_Sphingobacteriaceae_bacterium_g__norank,OTU486,54,7.0E-5,11.764705882353%
d__Bacteria,k__norank_d__Bacteria,p__Elusimicrobia,c__Elusimicrobia,o__Lineage_IV,f__norank_o__Lineage_IV,g__norank_o__Lineage_IV,s__unclassified_g__norank_o__Lineage_IV,OTU1137,40,6.0E-5,23.529411764706%
d__Bacteria,k__norank_d__Bacteria,p__Patescibacteria,c__Saccharimonadia,o__Saccharimonadales,f__norank_o__Saccharimonadales,g__norank_o__Saccharimonadales,s__metagenome_g__norank_o__Saccharimonadales,OTU269,6,8.30321e-6,17.647058823529%
d__Bacteria,k__norank_d__Bacteria,p__Planctomycetes,c__028H05-P-BN-P5,o__norank_c__028H05-P-BN-P5,f__norank_c__028H05-P-BN-P5,g__norank_c__028H05-P-BN-P5,s__uncultured_bacterium_g__norank_c__028H05-P-BN-P5,OTU523,2,2.76774e-6,5.8823529411765%
d__Bacteria,k__norank_d__Bacteria,p__Patescibacteria,c__Saccharimonadia,o__Saccharimonadales,f__norank_o__Saccharimonadales,g__norank_o__Saccharimonadales,s__metal-contaminated_soil_clone_K20-12,OTU422,3,4.15161e-6,11.764705882353%
d__Bacteria,k__norank_d__Bacteria,p__Planctomycetes,c__OM190,o__norank_c__OM190,f__norank_c__OM190,g__norank_c__OM190,s__uncultured_bacterium_g__norank_c__OM190,OTU392,3,4.15161e-6,11.764705882353%
d__Bacteria,k__norank_d__Bacteria,p__Bacteroidetes,c__Bacteroidia,o__Cytophagales,f__Spirosomaceae,g__Pseudarcicella,s__uncultured_bacterium_g__Pseudarcicella,OTU362,285,0.00039,17.647058823529%
d__Bacteria,k__norank_d__Bacteria,p__Proteobacteria,c__Gammaproteobacteria,o__Betaproteobacteriales,f__SC-I-84,g__norank_f__SC-I-84,s__unclassified_g__norank_f__SC-I-84,OTU191,37,5.0E-5,23.529411764706%
d__Bacteria,k__norank_d__Bacteria,p__Proteobacteria,c__Alphaproteobacteria,o__norank_c__Alphaproteobacteria,f__norank_c__Alphaproteobacteria,g__norank_c__Alphaproteobacteria,s__uncultured_Acetobacteraceae_bacterium_g__norank_c__Alphaproteobacteria,OTU768,82,0.00011,35.294117647059%
d__Bacteria,k__norank_d__Bacteria,p__Proteobacteria,c__Gammaproteobacteria,o__Methylococcales,f__Methylomonaceae,g__Methyloglobulus,s__uncultured_bacterium_g__Methyloglobulus,OTU712,3,4.15161e-6,11.764705882353%
d__Bacteria,k__norank_d__Bacteria,p__Bacteroidetes,c__Ignavibacteria,o__Kryptoniales,f__BSV26,g__norank_f__BSV26,s__unclassified_g__norank_f__BSV26,OTU583,2,2.76774e-6,11.764705882353%
d__Bacteria,k__norank_d__Bacteria,p__Proteobacteria,c__Gammaproteobacteria,o__Betaproteobacteriales,f__Rhodocyclaceae,g__C39,s__unclassified_g__C39,OTU458,361,0.0005,58.823529411765%
d__Bacteria,k__norank_d__Bacteria,p__Proteobacteria,c__Gammaproteobacteria,o__Betaproteobacteriales,f__Burkholderiaceae,g__unclassified_f__Burkholderiaceae,s__unclassified_f__Burkholderiaceae,OTU599,12,2.0E-5,5.8823529411765%
d__Bacteria,k__norank_d__Bacteria,p__Proteobacteria,c__Alphaproteobacteria,o__Sphingomonadales,f__Sphingomonadaceae,g__Sphingobium,s__Sphingobium_yanoikuyae,OTU694,41,6.0E-5,35.294117647059%
d__Bacteria,k__norank_d__Bacteria,p__Patescibacteria,c__Parcubacteria,o__Candidatus_Kaiserbacteria,f__norank_o__Candidatus_Kaiserbacteria,g__norank_o__Candidatus_Kaiserbacteria,s__unclassified_g__norank_o__Candidatus_Kaiserbacteria,OTU658,4,5.53547e-6,5.8823529411765%
d__Bacteria,k__norank_d__Bacteria,p__Proteobacteria,c__Deltaproteobacteria,o__Bdellovibrionales,f__Bacteriovoracaceae,g__Peredibacter,s__unclassified_g__Peredibacter,OTU414,4,5.53547e-6,11.764705882353%
d__Bacteria,k__norank_d__Bacteria,p__Nitrospirae,c__Thermodesulfovibrionia,o__norank_c__Thermodesulfovibrionia,f__norank_c__Thermodesulfovibrionia,g__norank_c__Thermodesulfovibrionia,s__uncultured_prokaryote_g__norank_c__Thermodesulfovibrionia,OTU494,15,2.0E-5,17.647058823529%
d__Bacteria,k__norank_d__Bacteria,p__Bacteroidetes,c__Bacteroidia,o__Flavobacteriales,f__NS9_marine_group,g__norank_f__NS9_marine_group,s__unclassified_g__norank_f__NS9_marine_group,OTU281,4,5.53547e-6,11.764705882353%
d__Bacteria,k__norank_d__Bacteria,p__Acidobacteria,c__Subgroup_15,o__norank_c__Subgroup_15,f__norank_c__Subgroup_15,g__norank_c__Subgroup_15,s__unclassified_g__norank_c__Subgroup_15,OTU1157,23,3.0E-5,29.411764705882%
d__Bacteria,k__norank_d__Bacteria,p__Patescibacteria,c__Saccharimonadia,o__Saccharimonadales,f__norank_o__Saccharimonadales,g__norank_o__Saccharimonadales,s__unclassified_g__norank_o__Saccharimonadales,OTU535,3,4.15161e-6,11.764705882353%
d__Bacteria,k__norank_d__Bacteria,p__Patescibacteria,c__CPR2,o__norank_c__CPR2,f__norank_c__CPR2,g__norank_c__CPR2,s__uncultured_Clostridium_sp._g__norank_c__CPR2,OTU438,7,9.68708e-6,23.529411764706%
d__Bacteria,k__norank_d__Bacteria,p__Lentisphaerae,c__Oligosphaeria,o__Oligosphaerales,f__Lenti-02,g__norank_f__Lenti-02,s__uncultured_bacterium_g__norank_f__Lenti-02,OTU457,2,2.76774e-6,5.8823529411765%
d__Bacteria,k__norank_d__Bacteria,p__Deinococcus-Thermus,c__Deinococci,o__Thermales,f__Thermaceae,g__Meiothermus,s__uncultured_bacterium_g__Meiothermus,OTU364,226,0.00031,58.823529411765%
d__Bacteria,k__norank_d__Bacteria,p__Nitrospinae,c__P9X2b3D02,o__norank_c__P9X2b3D02,f__norank_c__P9X2b3D02,g__norank_c__P9X2b3D02,s__uncultured_prokaryote_g__norank_c__P9X2b3D02,OTU200,16,2.0E-5,17.647058823529%
d__Bacteria,k__norank_d__Bacteria,p__Bacteroidetes,c__Bacteroidia,o__Cytophagales,f__Cytophagaceae,g__Cytophaga,s__uncultured_bacterium_g__Cytophaga,OTU784,6,8.30321e-6,11.764705882353%
d__Bacteria,k__norank_d__Bacteria,p__Bacteroidetes,c__Bacteroidia,o__Chitinophagales,f__Chitinophagaceae,g__Ferruginibacter,s__unclassified_g__Ferruginibacter,OTU595,5,6.91934e-6,11.764705882353%
d__Bacteria,k__norank_d__Bacteria,p__Bacteroidetes,c__Bacteroidia,o__Flavobacteriales,f__Flavobacteriaceae,g__Flavobacterium,s__Flavobacterium_columnare_g__Flavobacterium,OTU425,21,3.0E-5,11.764705882353%
d__Bacteria,k__norank_d__Bacteria,p__unclassified_k__norank_d__Bacteria,c__unclassified_k__norank_d__Bacteria,o__unclassified_k__norank_d__Bacteria,f__unclassified_k__norank_d__Bacteria,g__unclassified_k__norank_d__Bacteria,s__unclassified_k__norank_d__Bacteria,OTU307,3,4.15161e-6,11.764705882353%
d__Bacteria,k__norank_d__Bacteria,p__Proteobacteria,c__Alphaproteobacteria,o__Rhodospirillales,f__Rhodospirillaceae,g__norank_f__Rhodospirillaceae,s__unclassified_g__norank_f__Rhodospirillaceae,OTU730,50,7.0E-5,76.470588235294%
d__Bacteria,k__norank_d__Bacteria,p__Bacteroidetes,c__Bacteroidia,o__Flavobacteriales,f__Flavobacteriaceae,g__Flavobacterium,s__unclassified_g__Flavobacterium,OTU702,15,2.0E-5,23.529411764706%
d__Bacteria,k__norank_d__Bacteria,p__Deinococcus-Thermus,c__Deinococci,o__Thermales,f__Thermaceae,g__Meiothermus,s__uncultured_compost_bacterium_g__Meiothermus,OTU538,3,4.15161e-6,11.764705882353%
d__Bacteria,k__norank_d__Bacteria,p__Proteobacteria,c__Gammaproteobacteria,o__Gammaproteobacteria_Incertae_Sedis,f__unclassified_o__Gammaproteobacteria_Incertae_Sedis,g__Acidibacter,s__unclassified_g__Acidibacter,OTU666,304,0.00042,58.823529411765%
d__Bacteria,k__norank_d__Bacteria,p__Acidobacteria,c__Subgroup_22,o__norank_c__Subgroup_22,f__norank_c__Subgroup_22,g__norank_c__Subgroup_22,s__uncultured_bacterium_g__norank_c__Subgroup_22,OTU491,11,2.0E-5,35.294117647059%
d__Bacteria,k__norank_d__Bacteria,p__Chloroflexi,c__Chloroflexia,o__Thermomicrobiales,f__JG30-KF-CM45,g__norank_f__JG30-KF-CM45,s__unclassified_g__norank_f__JG30-KF-CM45,OTU1205,397,0.00055,35.294117647059%
d__Bacteria,k__norank_d__Bacteria,p__Proteobacteria,c__Alphaproteobacteria,o__Rickettsiales,f__Mitochondria,g__norank_f__Mitochondria,s__unclassified_g__norank_f__Mitochondria,OTU500,25,3.0E-5,11.764705882353%
d__Bacteria,k__norank_d__Bacteria,p__Bacteroidetes,c__Bacteroidia,o__Flavobacteriales,f__Crocinitomicaceae,g__Fluviicola,s__unclassified_g__Fluviicola,OTU470,36,5.0E-5,11.764705882353%
d__Bacteria,k__norank_d__Bacteria,p__Proteobacteria,c__Gammaproteobacteria,o__Enterobacteriales,f__Enterobacteriaceae,g__unclassified_f__Enterobacteriaceae,s__unclassified_f__Enterobacteriaceae,OTU604,69,0.0001,41.176470588235%
d__Bacteria,k__norank_d__Bacteria,p__Planctomycetes,c__Phycisphaerae,o__Phycisphaerales,f__Phycisphaeraceae,g__SM1A02,s__uncultured_bacterium_g__SM1A02,OTU372,2,2.76774e-6,11.764705882353%
d__Bacteria,k__norank_d__Bacteria,p__Verrucomicrobia,c__Verrucomicrobiae,o__Verrucomicrobiales,f__Verrucomicrobiaceae,g__norank_f__Verrucomicrobiaceae,s__uncultured_verrucomicrobium_DEV009,OTU227,13,2.0E-5,11.764705882353%
d__Bacteria,k__norank_d__Bacteria,p__Proteobacteria,c__Gammaproteobacteria,o__Betaproteobacteriales,f__Burkholderiaceae,g__Curvibacter,s__uncultured_organism_g__Curvibacter,OTU602,160,0.00022,58.823529411765%
d__Bacteria,k__norank_d__Bacteria,p__Proteobacteria,c__Alphaproteobacteria,o__Rhizobiales,f__Hyphomicrobiaceae,g__Pedomicrobium,s__unclassified_g__Pedomicrobium,OTU797,681,0.00094,82.352941176471%
d__Bacteria,k__norank_d__Bacteria,p__Chloroflexi,c__Chloroflexia,o__Chloroflexales,f__Roseiflexaceae,g__norank_f__Roseiflexaceae,s__freshwater_metagenome_g__norank_f__Roseiflexaceae,OTU449,4,5.53547e-6,5.8823529411765%
d__Bacteria,k__norank_d__Bacteria,p__Bacteroidetes,c__Bacteroidia,o__Flavobacteriales,f__Flavobacteriaceae,g__Flavobacterium,s__Flavobacterium_indicum_GPTSA100-9__DSM_17447,OTU427,23,3.0E-5,11.764705882353%
d__Bacteria,k__norank_d__Bacteria,p__Proteobacteria,c__Gammaproteobacteria,o__Betaproteobacteriales,f__Rhodocyclaceae,g__Sterolibacterium,s__metagenome_g__Sterolibacterium,OTU326,4,5.53547e-6,11.764705882353%
d__Bacteria,k__norank_d__Bacteria,p__Proteobacteria,c__Deltaproteobacteria,o__Myxococcales,f__mle1-27,g__norank_f__mle1-27,s__unclassified_g__norank_f__mle1-27,OTU541,3,4.15161e-6,5.8823529411765%
d__Bacteria,k__norank_d__Bacteria,p__Gemmatimonadetes,c__Gemmatimonadetes,o__Gemmatimonadales,f__Gemmatimonadaceae,g__norank_f__Gemmatimonadaceae,s__unclassified_g__norank_f__Gemmatimonadaceae,OTU1213,29,4.0E-5,23.529411764706%
d__Bacteria,k__norank_d__Bacteria,p__Proteobacteria,c__Deltaproteobacteria,o__SAR324_cladeMarine_group_B,f__norank_o__SAR324_cladeMarine_group_B,g__norank_o__SAR324_cladeMarine_group_B,s__unclassified_g__norank_o__SAR324_cladeMarine_group_B,OTU713,32,4.0E-5,41.176470588235%
d__Bacteria,k__norank_d__Bacteria,p__Proteobacteria,c__Gammaproteobacteria,o__Cellvibrionales,f__Halieaceae,g__OM60NOR5_clade,s__uncultured_soil_bacterium_g__OM60NOR5_clade,OTU250,9,1.0E-5,17.647058823529%
d__Bacteria,k__norank_d__Bacteria,p__Proteobacteria,c__Alphaproteobacteria,o__Rhizobiales,f__Hyphomicrobiaceae,g__Hyphomicrobium,s__unclassified_g__Hyphomicrobium,OTU540,47,7.0E-5,52.941176470588%
d__Bacteria,k__norank_d__Bacteria,p__Cyanobacteria,c__Melainabacteria,o__Gastranaerophilales,f__norank_o__Gastranaerophilales,g__norank_o__Gastranaerophilales,s__uncultured_bacterium_g__norank_o__Gastranaerophilales,OTU738,4,5.53547e-6,17.647058823529%
d__Bacteria,k__norank_d__Bacteria,p__Verrucomicrobia,c__Verrucomicrobiae,o__Pedosphaerales,f__Pedosphaeraceae,g__ADurb.Bin063-1,s__unclassified_g__ADurb.Bin063-1,OTU492,7,9.68708e-6,11.764705882353%
d__Bacteria,k__norank_d__Bacteria,p__Proteobacteria,c__Gammaproteobacteria,o__Betaproteobacteriales,f__Chromobacteriaceae,g__Vogesella,s__Vogesella_indigofera_g__Vogesella,OTU456,12,2.0E-5,11.764705882353%
d__Bacteria,k__norank_d__Bacteria,p__Bacteroidetes,c__Bacteroidia,o__Flavobacteriales,f__Flavobacteriaceae,g__Flavobacterium,s__unclassified_g__Flavobacterium,OTU437,10,1.0E-5,35.294117647059%
d__Bacteria,k__norank_d__Bacteria,p__Actinobacteria,c__Actinobacteria,o__norank_c__Actinobacteria,f__norank_c__Actinobacteria,g__norank_c__Actinobacteria,s__uncultured_actinobacterium_g__norank_c__Actinobacteria,OTU395,6,8.30321e-6,23.529411764706%
d__Bacteria,k__norank_d__Bacteria,p__Proteobacteria,c__Alphaproteobacteria,o__Holosporales,f__Holosporaceae,g__norank_f__Holosporaceae,s__unclassified_g__norank_f__Holosporaceae,OTU695,2,2.76774e-6,5.8823529411765%
d__Bacteria,k__norank_d__Bacteria,p__Gemmatimonadetes,c__Gemmatimonadetes,o__Gemmatimonadales,f__Gemmatimonadaceae,g__norank_f__Gemmatimonadaceae,s__metagenome_g__norank_f__Gemmatimonadaceae,OTU629,12,2.0E-5,23.529411764706%
d__Bacteria,k__norank_d__Bacteria,p__Proteobacteria,c__Deltaproteobacteria,o__Desulfuromonadales,f__Geobacteraceae,g__Geobacter,s__unclassified_g__Geobacter,OTU329,10,1.0E-5,35.294117647059%
d__Bacteria,k__norank_d__Bacteria,p__Proteobacteria,c__Deltaproteobacteria,o__SAR324_cladeMarine_group_B,f__norank_o__SAR324_cladeMarine_group_B,g__norank_o__SAR324_cladeMarine_group_B,s__uncultured_bacterium_g__norank_o__SAR324_cladeMarine_group_B,OTU558,64,9.0E-5,47.058823529412%
d__Bacteria,k__norank_d__Bacteria,p__Actinobacteria,c__Actinobacteria,o__Frankiales,f__Sporichthyaceae,g__hgcI_clade,s__uncultured_actinobacterium_g__hgcI_clade,OTU507,784,0.00108,58.823529411765%
d__Bacteria,k__norank_d__Bacteria,p__Cyanobacteria,c__Melainabacteria,o__Obscuribacterales,f__norank_o__Obscuribacterales,g__norank_o__Obscuribacterales,s__uncultured_bacterium_g__norank_o__Obscuribacterales,OTU613,8,1.0E-5,17.647058823529%
d__Bacteria,k__norank_d__Bacteria,p__Dadabacteria,c__Dadabacteriia,o__Dadabacteriales,f__norank_o__Dadabacteriales,g__norank_o__Dadabacteriales,s__uncultured_candidate_division_SBR1093_bacterium,OTU1219,2178,0.00301,41.176470588235%
d__Bacteria,k__norank_d__Bacteria,p__Planctomycetes,c__Planctomycetacia,o__Gemmatales,f__Gemmataceae,g__norank_f__Gemmataceae,s__uncultured_bacterium_g__norank_f__Gemmataceae,OTU812,5,6.91934e-6,5.8823529411765%
d__Bacteria,k__norank_d__Bacteria,p__Nitrospirae,c__Nitrospira,o__norank_c__Nitrospira,f__norank_c__Nitrospira,g__Nitrospira,s__uncultured_bacterium_g__Nitrospira,OTU715,142,0.0002,23.529411764706%
d__Bacteria,k__norank_d__Bacteria,p__Actinobacteria,c__Actinobacteria,o__Microtrichales,f__Ilumatobacteraceae,g__CL500-29_marine_group,s__uncultured_Acidimicrobidae_bacterium_g__CL500-29_marine_group,OTU543,696,0.00096,64.705882352941%
d__Bacteria,k__norank_d__Bacteria,p__Verrucomicrobia,c__Verrucomicrobiae,o__Verrucomicrobiales,f__Verrucomicrobiaceae,g__Brevifollis,s__uncultured_bacterium_g__Brevifollis,OTU473,4,5.53547e-6,11.764705882353%
d__Bacteria,k__norank_d__Bacteria,p__Proteobacteria,c__Gammaproteobacteria,o__Betaproteobacteriales,f__Methylophilaceae,g__norank_f__Methylophilaceae,s__unclassified_g__norank_f__Methylophilaceae,OTU462,365,0.00051,29.411764705882%
d__Bacteria,k__norank_d__Bacteria,p__Proteobacteria,c__Gammaproteobacteria,o__Pseudomonadales,f__Moraxellaceae,g__Acinetobacter,s__Acinetobacter_bohemicus_ANC_3994,OTU256,18,2.0E-5,23.529411764706%
d__Bacteria,k__norank_d__Bacteria,p__Chloroflexi,c__TK10,o__norank_c__TK10,f__norank_c__TK10,g__norank_c__TK10,s__uncultured_bacterium_g__norank_c__TK10,OTU764,11,2.0E-5,11.764705882353%
d__Bacteria,k__norank_d__Bacteria,p__Proteobacteria,c__Gammaproteobacteria,o__Betaproteobacteriales,f__Nitrosomonadaceae,g__norank_f__Nitrosomonadaceae,s__metagenome_g__norank_f__Nitrosomonadaceae,OTU396,33,5.0E-5,41.176470588235%
d__Bacteria,k__norank_d__Bacteria,p__Dependentiae,c__Babeliae,o__Babeliales,f__Vermiphilaceae,g__norank_f__Vermiphilaceae,s__uncultured_bacterium_g__norank_f__Vermiphilaceae,OTU714,2,2.76774e-6,11.764705882353%
d__Bacteria,k__norank_d__Bacteria,p__Proteobacteria,c__Alphaproteobacteria,o__Rhodobacterales,f__Rhodobacteraceae,g__Rhodobacter,s__unclassified_g__Rhodobacter,OTU497,129,0.00018,58.823529411765%
d__Bacteria,k__norank_d__Bacteria,p__Actinobacteria,c__Actinobacteria,o__Frankiales,f__Sporichthyaceae,g__hgcI_clade,s__uncultured_Actinomycetales_bacterium_g__hgcI_clade,OTU691,634,0.00088,64.705882352941%
d__Bacteria,k__norank_d__Bacteria,p__Proteobacteria,c__Gammaproteobacteria,o__unclassified_c__Gammaproteobacteria,f__unclassified_c__Gammaproteobacteria,g__unclassified_c__Gammaproteobacteria,s__unclassified_c__Gammaproteobacteria,OTU1292,42,6.0E-5,11.764705882353%
d__Bacteria,k__norank_d__Bacteria,p__Bacteroidetes,c__Bacteroidia,o__Chitinophagales,f__Chitinophagaceae,g__Dinghuibacter,s__unclassified_g__Dinghuibacter,OTU564,20,3.0E-5,11.764705882353%
d__Bacteria,k__norank_d__Bacteria,p__Proteobacteria,c__Gammaproteobacteria,o__Legionellales,f__Legionellaceae,g__Legionella,s__uncultured_bacterium_g__Legionella,OTU876,6,8.30321e-6,17.647058823529%
d__Bacteria,k__norank_d__Bacteria,p__Fusobacteria,c__Fusobacteriia,o__Fusobacteriales,f__Fusobacteriaceae,g__Cetobacterium,s__uncultured_bacterium_g__Cetobacterium,OTU371,50,7.0E-5,23.529411764706%
d__Bacteria,k__norank_d__Bacteria,p__Actinobacteria,c__Actinobacteria,o__Microtrichales,f__Ilumatobacteraceae,g__CL500-29_marine_group,s__unclassified_g__CL500-29_marine_group,OTU615,1306,0.00181,52.941176470588%
d__Bacteria,k__norank_d__Bacteria,p__Proteobacteria,c__Alphaproteobacteria,o__norank_c__Alphaproteobacteria,f__norank_c__Alphaproteobacteria,g__norank_c__Alphaproteobacteria,s__uncultured_bacterium_g__norank_c__Alphaproteobacteria,OTU723,69,0.0001,17.647058823529%
d__Bacteria,k__norank_d__Bacteria,p__Bacteroidetes,c__Bacteroidia,o__Chitinophagales,f__Chitinophagaceae,g__Sediminibacterium,s__uncultured_bacterium_g__Sediminibacterium,OTU598,86,0.00012,29.411764705882%
d__Bacteria,k__norank_d__Bacteria,p__Proteobacteria,c__Gammaproteobacteria,o__Betaproteobacteriales,f__Methylophilaceae,g__Candidatus_Methylopumilus,s__Candidatus_Methylopumilus_turicensis,OTU465,145,0.0002,11.764705882353%
d__Bacteria,k__norank_d__Bacteria,p__Proteobacteria,c__Gammaproteobacteria,o__Diplorickettsiales,f__Diplorickettsiaceae,g__unclassified_f__Diplorickettsiaceae,s__unclassified_f__Diplorickettsiaceae,OTU530,2,2.76774e-6,5.8823529411765%
d__Bacteria,k__norank_d__Bacteria,p__Acidobacteria,c__Subgroup_6,o__norank_c__Subgroup_6,f__norank_c__Subgroup_6,g__norank_c__Subgroup_6,s__uncultured_prokaryote_g__norank_c__Subgroup_6,OTU517,271,0.00038,64.705882352941%
d__Bacteria,k__norank_d__Bacteria,p__Proteobacteria,c__Alphaproteobacteria,o__Rhizobiales,f__Rhizobiales_Incertae_Sedis,g__norank_f__Rhizobiales_Incertae_Sedis,s__metagenome_g__norank_f__Rhizobiales_Incertae_Sedis,OTU774,7176,0.00993,100%
d__Bacteria,k__norank_d__Bacteria,p__Proteobacteria,c__Deltaproteobacteria,o__Myxococcales,f__P3OB-42,g__norank_f__P3OB-42,s__metagenome_g__norank_f__P3OB-42,OTU401,29,4.0E-5,70.588235294118%
d__Bacteria,k__norank_d__Bacteria,p__Proteobacteria,c__Gammaproteobacteria,o__Betaproteobacteriales,f__Nitrosomonadaceae,g__Ellin6067,s__uncultured_bacterium_g__Ellin6067,OTU279,6,8.30321e-6,17.647058823529%
d__Bacteria,k__norank_d__Bacteria,p__Bacteroidetes,c__Bacteroidia,o__Sphingobacteriales,f__env.OPS_17,g__norank_f__env.OPS_17,s__unclassified_g__norank_f__env.OPS_17,OTU508,9,1.0E-5,11.764705882353%
d__Bacteria,k__norank_d__Bacteria,p__Actinobacteria,c__Actinobacteria,o__Micromonosporales,f__Micromonosporaceae,g__Micromonospora,s__Micromonospora_carbonacea,OTU743,46,6.0E-5,29.411764705882%
d__Bacteria,k__norank_d__Bacteria,p__Proteobacteria,c__Gammaproteobacteria,o__Acidithiobacillales,f__Acidithiobacillaceae,g__KCM-B-112,s__uncultured_bacterium_g__KCM-B-112,OTU897,117,0.00016,58.823529411765%
d__Bacteria,k__norank_d__Bacteria,p__Acidobacteria,c__Acidobacteriia,o__Solibacterales,f__Solibacteraceae_Subgroup_3,g__Bryobacter,s__uncultured_bacterium_g__Bryobacter,OTU729,21,3.0E-5,17.647058823529%
d__Bacteria,k__norank_d__Bacteria,p__Proteobacteria,c__Alphaproteobacteria,o__Rhodovibrionales,f__Fodinicurvataceae,g__norank_f__Fodinicurvataceae,s__uncultured_bacterium_g__norank_f__Fodinicurvataceae,OTU377,3,4.15161e-6,11.764705882353%
d__Bacteria,k__norank_d__Bacteria,p__Chlamydiae,c__Chlamydiae,o__Chlamydiales,f__unclassified_o__Chlamydiales,g__unclassified_o__Chlamydiales,s__unclassified_o__Chlamydiales,OTU1303,12,2.0E-5,23.529411764706%
d__Bacteria,k__norank_d__Bacteria,p__Actinobacteria,c__Actinobacteria,o__Frankiales,f__Sporichthyaceae,g__hgcI_clade,s__uncultured_actinobacterium_g__hgcI_clade,OTU467,255,0.00035,58.823529411765%
d__Bacteria,k__norank_d__Bacteria,p__Bacteroidetes,c__Bacteroidia,o__Sphingobacteriales,f__env.OPS_17,g__norank_f__env.OPS_17,s__uncultured_Bacteroidetes_bacterium_g__norank_f__env.OPS_17,OTU577,10,1.0E-5,23.529411764706%
d__Bacteria,k__norank_d__Bacteria,p__Bacteroidetes,c__Bacteroidia,o__Sphingobacteriales,f__env.OPS_17,g__norank_f__env.OPS_17,s__uncultured_bacterium_g__norank_f__env.OPS_17,OTU625,13,2.0E-5,11.764705882353%
d__Bacteria,k__norank_d__Bacteria,p__Proteobacteria,c__Gammaproteobacteria,o__Legionellales,f__Legionellaceae,g__Legionella,s__uncultured_bacterium_g__Legionella,OTU555,16,2.0E-5,17.647058823529%
d__Bacteria,k__norank_d__Bacteria,p__Actinobacteria,c__Actinobacteria,o__Microtrichales,f__Ilumatobacteraceae,g__norank_f__Ilumatobacteraceae,s__unclassified_g__norank_f__Ilumatobacteraceae,OTU632,3,4.15161e-6,11.764705882353%
d__Bacteria,k__norank_d__Bacteria,p__Verrucomicrobia,c__Verrucomicrobiae,o__Chthoniobacterales,f__Chthoniobacteraceae,g__Chthoniobacter,s__uncultured_bacterium_g__Chthoniobacter,OTU728,26,4.0E-5,11.764705882353%
d__Bacteria,k__norank_d__Bacteria,p__Verrucomicrobia,c__Verrucomicrobiae,o__Pedosphaerales,f__Pedosphaeraceae,g__norank_f__Pedosphaeraceae,s__metagenome_g__norank_f__Pedosphaeraceae,OTU798,3,4.15161e-6,5.8823529411765%
d__Bacteria,k__norank_d__Bacteria,p__Proteobacteria,c__Gammaproteobacteria,o__Diplorickettsiales,f__Diplorickettsiaceae,g__Aquicella,s__unclassified_g__Aquicella,OTU282,6,8.30321e-6,17.647058823529%
d__Bacteria,k__norank_d__Bacteria,p__Actinobacteria,c__Actinobacteria,o__unclassified_c__Actinobacteria,f__unclassified_c__Actinobacteria,g__unclassified_c__Actinobacteria,s__unclassified_c__Actinobacteria,OTU516,9,1.0E-5,17.647058823529%
d__Bacteria,k__norank_d__Bacteria,p__Planctomycetes,c__Planctomycetacia,o__Gemmatales,f__Gemmataceae,g__norank_f__Gemmataceae,s__uncultured_bacterium_g__norank_f__Gemmataceae,OTU815,6,8.30321e-6,11.764705882353%
d__Bacteria,k__norank_d__Bacteria,p__Proteobacteria,c__Gammaproteobacteria,o__Betaproteobacteriales,f__Burkholderiaceae,g__Achromobacter,s__unclassified_g__Achromobacter,OTU909,9,1.0E-5,17.647058823529%
d__Bacteria,k__norank_d__Bacteria,p__Proteobacteria,c__Gammaproteobacteria,o__Betaproteobacteriales,f__SC-I-84,g__norank_f__SC-I-84,s__unclassified_g__norank_f__SC-I-84,OTU405,11,2.0E-5,17.647058823529%
d__Bacteria,k__norank_d__Bacteria,p__Proteobacteria,c__Alphaproteobacteria,o__norank_c__Alphaproteobacteria,f__norank_c__Alphaproteobacteria,g__norank_c__Alphaproteobacteria,s__uncultured_bacterium_g__norank_c__Alphaproteobacteria,OTU519,8,1.0E-5,5.8823529411765%
d__Bacteria,k__norank_d__Bacteria,p__Bacteroidetes,c__Bacteroidia,o__Chitinophagales,f__Chitinophagaceae,g__Sediminibacterium,s__unclassified_g__Sediminibacterium,OTU755,832,0.00115,35.294117647059%
d__Bacteria,k__norank_d__Bacteria,p__Bacteroidetes,c__Bacteroidia,o__Chitinophagales,f__Saprospiraceae,g__norank_f__Saprospiraceae,s__unclassified_g__norank_f__Saprospiraceae,OTU388,3,4.15161e-6,11.764705882353%
d__Bacteria,k__norank_d__Bacteria,p__Actinobacteria,c__Actinobacteria,o__Microtrichales,f__Ilumatobacteraceae,g__unclassified_f__Ilumatobacteraceae,s__unclassified_f__Ilumatobacteraceae,OTU641,188,0.00026,64.705882352941%
d__Bacteria,k__norank_d__Bacteria,p__Nitrospirae,c__Nitrospira,o__norank_c__Nitrospira,f__norank_c__Nitrospira,g__Nitrospira,s__Nitrospirae_bacterium_RIFCSPLOWO2_01_FULL_62_17,OTU1339,33,5.0E-5,17.647058823529%
d__Bacteria,k__norank_d__Bacteria,p__Proteobacteria,c__Gammaproteobacteria,o__Betaproteobacteriales,f__Burkholderiaceae,g__unclassified_f__Burkholderiaceae,s__unclassified_f__Burkholderiaceae,OTU562,8,1.0E-5,11.764705882353%
d__Bacteria,k__norank_d__Bacteria,p__Proteobacteria,c__Alphaproteobacteria,o__norank_c__Alphaproteobacteria,f__norank_c__Alphaproteobacteria,g__norank_c__Alphaproteobacteria,s__unclassified_g__norank_c__Alphaproteobacteria,OTU284,3,4.15161e-6,11.764705882353%
d__Bacteria,k__norank_d__Bacteria,p__Proteobacteria,c__Gammaproteobacteria,o__Betaproteobacteriales,f__Burkholderiaceae,g__Noviherbaspirillum,s__uncultured_bacterium_g__Noviherbaspirillum,OTU476,578,0.0008,23.529411764706%
d__Bacteria,k__norank_d__Bacteria,p__Bacteroidetes,c__Bacteroidia,o__Flavobacteriales,f__Crocinitomicaceae,g__Fluviicola,s__unclassified_g__Fluviicola,OTU586,19,3.0E-5,11.764705882353%
d__Bacteria,k__norank_d__Bacteria,p__Patescibacteria,c__Saccharimonadia,o__Saccharimonadales,f__norank_o__Saccharimonadales,g__norank_o__Saccharimonadales,s__unclassified_g__norank_o__Saccharimonadales,OTU627,12,2.0E-5,23.529411764706%
d__Bacteria,k__norank_d__Bacteria,p__Proteobacteria,c__Gammaproteobacteria,o__Gammaproteobacteria_Incertae_Sedis,f__unclassified_o__Gammaproteobacteria_Incertae_Sedis,g__norank_f__unclassified_o__Gammaproteobacteria_Incertae_Sedis,s__metagenome_g__norank_f__unclassified,OTU408,3,4.15161e-6,5.8823529411765%
d__Bacteria,k__norank_d__Bacteria,p__Proteobacteria,c__Gammaproteobacteria,o__Coxiellales,f__Coxiellaceae,g__Coxiella,s__uncultured_bacterium_g__Coxiella,OTU810,55,8.0E-5,76.470588235294%
d__Bacteria,k__norank_d__Bacteria,p__Proteobacteria,c__Deltaproteobacteria,o__Oligoflexales,f__0319-6G20,g__norank_f__0319-6G20,s__unclassified_g__norank_f__0319-6G20,OTU546,25,3.0E-5,17.647058823529%
d__Bacteria,k__norank_d__Bacteria,p__Acidobacteria,c__Subgroup_6,o__norank_c__Subgroup_6,f__norank_c__Subgroup_6,g__norank_c__Subgroup_6,s__unclassified_g__norank_c__Subgroup_6,OTU521,20,3.0E-5,23.529411764706%
d__Bacteria,k__norank_d__Bacteria,p__Nitrospirae,c__Thermodesulfovibrionia,o__norank_c__Thermodesulfovibrionia,f__norank_c__Thermodesulfovibrionia,g__norank_c__Thermodesulfovibrionia,s__uncultured_bacterium_g__norank_c__Thermodesulfovibrionia,OTU736,21,3.0E-5,23.529411764706%
d__Bacteria,k__norank_d__Bacteria,p__Proteobacteria,c__unclassified_p__Proteobacteria,o__unclassified_p__Proteobacteria,f__unclassified_p__Proteobacteria,g__unclassified_p__Proteobacteria,s__unclassified_p__Proteobacteria,OTU389,3,4.15161e-6,5.8823529411765%
d__Bacteria,k__norank_d__Bacteria,p__Actinobacteria,c__Actinobacteria,o__Microtrichales,f__Ilumatobacteraceae,g__CL500-29_marine_group,s__uncultured_actinobacterium_g__CL500-29_marine_group,OTU769,5,6.91934e-6,11.764705882353%
d__Bacteria,k__norank_d__Bacteria,p__Cyanobacteria,c__Melainabacteria,o__Obscuribacterales,f__norank_o__Obscuribacterales,g__norank_o__Obscuribacterales,s__uncultured_bacterium_g__norank_o__Obscuribacterales,OTU913,21,3.0E-5,17.647058823529%
d__Bacteria,k__norank_d__Bacteria,p__Actinobacteria,c__Actinobacteria,o__Pseudonocardiales,f__Pseudonocardiaceae,g__Pseudonocardia,s__unclassified_g__Pseudonocardia,OTU826,8,1.0E-5,23.529411764706%
d__Bacteria,k__norank_d__Bacteria,p__Planctomycetes,c__Planctomycetacia,o__Gemmatales,f__Gemmataceae,g__norank_f__Gemmataceae,s__uncultured_bacterium_g__norank_f__Gemmataceae,OTU648,16,2.0E-5,23.529411764706%
d__Bacteria,k__norank_d__Bacteria,p__Planctomycetes,c__Phycisphaerae,o__Phycisphaerales,f__Phycisphaeraceae,g__SM1A02,s__uncultured_bacterium_g__SM1A02,OTU1381,2,2.76774e-6,5.8823529411765%
d__Bacteria,k__norank_d__Bacteria,p__Planctomycetes,c__Planctomycetacia,o__Gemmatales,f__Gemmataceae,g__norank_f__Gemmataceae,s__unclassified_g__norank_f__Gemmataceae,OTU590,21,3.0E-5,35.294117647059%
d__Bacteria,k__norank_d__Bacteria,p__Proteobacteria,c__Gammaproteobacteria,o__Methylococcales,f__Methylococcaceae,g__norank_f__Methylococcaceae,s__uncultured_Methylocaldum_sp._g__norank,OTU563,8,1.0E-5,11.764705882353%
d__Bacteria,k__norank_d__Bacteria,p__Proteobacteria,c__Gammaproteobacteria,o__Betaproteobacteriales,f__Nitrosomonadaceae,g__MND1,s__unclassified_g__MND1,OTU814,41,6.0E-5,35.294117647059%
d__Bacteria,k__norank_d__Bacteria,p__Proteobacteria,c__Gammaproteobacteria,o__Legionellales,f__Legionellaceae,g__Legionella,s__uncultured_bacterium_g__Legionella,OTU293,28,4.0E-5,17.647058823529%
d__Bacteria,k__norank_d__Bacteria,p__Nitrospirae,c__Thermodesulfovibrionia,o__norank_c__Thermodesulfovibrionia,f__norank_c__Thermodesulfovibrionia,g__norank_c__Thermodesulfovibrionia,s__uncultured_bacterium_g__norank_c__Thermodesulfovibrionia,OTU481,12,2.0E-5,11.764705882353%
d__Bacteria,k__norank_d__Bacteria,p__Proteobacteria,c__Gammaproteobacteria,o__Betaproteobacteriales,f__Gallionellaceae,g__Candidatus_Nitrotoga,s__uncultured_bacterium_g__Candidatus_Nitrotoga,OTU409,16,2.0E-5,17.647058823529%
d__Bacteria,k__norank_d__Bacteria,p__Proteobacteria,c__Gammaproteobacteria,o__Betaproteobacteriales,f__Nitrosomonadaceae,g__GOUTA6,s__uncultured_bacterium_g__GOUTA6,OTU582,3,4.15161e-6,11.764705882353%
d__Bacteria,k__norank_d__Bacteria,p__Planctomycetes,c__Planctomycetacia,o__Gemmatales,f__Gemmataceae,g__norank_f__Gemmataceae,s__uncultured_bacterium_g__norank_f__Gemmataceae,OTU829,4,5.53547e-6,5.8823529411765%
d__Bacteria,k__norank_d__Bacteria,p__Actinobacteria,c__Actinobacteria,o__Frankiales,f__Sporichthyaceae,g__hgcI_clade,s__uncultured_actinobacterium_g__hgcI_clade,OTU747,931,0.00129,47.058823529412%
d__Bacteria,k__norank_d__Bacteria,p__Proteobacteria,c__Gammaproteobacteria,o__Betaproteobacteriales,f__Neisseriaceae,g__norank_f__Neisseriaceae,s__metagenome_g__norank_f__Neisseriaceae,OTU581,5,6.91934e-6,5.8823529411765%
d__Bacteria,k__norank_d__Bacteria,p__Firmicutes,c__Clostridia,o__Clostridiales,f__Ruminococcaceae,g__Ruminiclostridium_1,s__unclassified_g__Ruminiclostridium_1,OTU451,6,8.30321e-6,23.529411764706%
d__Bacteria,k__norank_d__Bacteria,p__Proteobacteria,c__Gammaproteobacteria,o__Betaproteobacteriales,f__Burkholderiaceae,g__Undibacterium,s__uncultured_Burkholderiales_bacterium_g__Undibacterium,OTU670,16,2.0E-5,11.764705882353%
d__Bacteria,k__norank_d__Bacteria,p__Actinobacteria,c__Actinobacteria,o__Frankiales,f__Sporichthyaceae,g__hgcI_clade,s__uncultured_Actinomycetales_bacterium_g__hgcI_clade,OTU619,1094,0.00151,64.705882352941%
d__Bacteria,k__norank_d__Bacteria,p__Proteobacteria,c__Gammaproteobacteria,o__Xanthomonadales,f__Xanthomonadaceae,g__Silanimonas,s__uncultured_bacterium_g__Silanimonas,OTU917,17,2.0E-5,5.8823529411765%
d__Bacteria,k__norank_d__Bacteria,p__Acidobacteria,c__Acidobacteriia,o__Solibacterales,f__Solibacteraceae_Subgroup_3,g__Bryobacter,s__uncultured_bacterium_g__Bryobacter,OTU1443,4,5.53547e-6,5.8823529411765%
d__Bacteria,k__norank_d__Bacteria,p__Planctomycetes,c__Planctomycetacia,o__Isosphaerales,f__Isosphaeraceae,g__unclassified_f__Isosphaeraceae,s__unclassified_f__Isosphaeraceae,OTU822,7,9.68708e-6,17.647058823529%
d__Bacteria,k__norank_d__Bacteria,p__Proteobacteria,c__Gammaproteobacteria,o__norank_c__Gammaproteobacteria,f__norank_c__Gammaproteobacteria,g__norank_c__Gammaproteobacteria,s__unclassified_g__norank_c__Gammaproteobacteria,OTU787,16,2.0E-5,35.294117647059%
d__Bacteria,k__norank_d__Bacteria,p__Proteobacteria,c__Gammaproteobacteria,o__Betaproteobacteriales,f__Burkholderiaceae,g__Polynucleobacter,s__Polynucleobacter_asymbioticus,OTU300,2022,0.0028,52.941176470588%
d__Bacteria,k__norank_d__Bacteria,p__Verrucomicrobia,c__Verrucomicrobiae,o__Chthoniobacterales,f__Chthoniobacteraceae,g__Chthoniobacter,s__uncultured_bacterium_g__Chthoniobacter,OTU443,3,4.15161e-6,11.764705882353%
d__Bacteria,k__norank_d__Bacteria,p__Bacteroidetes,c__Bacteroidia,o__Chitinophagales,f__Chitinophagaceae,g__norank_f__Chitinophagaceae,s__unclassified_g__norank_f__Chitinophagaceae,OTU566,2,2.76774e-6,5.8823529411765%
d__Bacteria,k__norank_d__Bacteria,p__Proteobacteria,c__Alphaproteobacteria,o__Rickettsiales,f__Rickettsiaceae,g__unclassified_f__Rickettsiaceae,s__unclassified_f__Rickettsiaceae,OTU505,2,2.76774e-6,11.764705882353%
d__Bacteria,k__norank_d__Bacteria,p__Bacteroidetes,c__Bacteroidia,o__Flavobacteriales,f__Flavobacteriaceae,g__Flavobacterium,s__unclassified_g__Flavobacterium,OTU592,19,3.0E-5,17.647058823529%
d__Bacteria,k__norank_d__Bacteria,p__Proteobacteria,c__Gammaproteobacteria,o__Betaproteobacteriales,f__Burkholderiaceae,g__Polaromonas,s__metagenome_g__Polaromonas,OTU756,34,5.0E-5,29.411764705882%
d__Bacteria,k__norank_d__Bacteria,p__Proteobacteria,c__Gammaproteobacteria,o__Betaproteobacteriales,f__Chitinibacteraceae,g__Chitinibacter,s__unclassified_g__Chitinibacter,OTU469,15,2.0E-5,17.647058823529%
d__Bacteria,k__norank_d__Bacteria,p__Bacteroidetes,c__Bacteroidia,o__Cytophagales,f__Spirosomaceae,g__Emticicia,s__uncultured_Bacteroidetes_bacterium_g__Emticicia,OTU635,9,1.0E-5,11.764705882353%
d__Bacteria,k__norank_d__Bacteria,p__Chloroflexi,c__Chloroflexia,o__Thermomicrobiales,f__JG30-KF-CM45,g__norank_f__JG30-KF-CM45,s__unclassified_g__norank_f__JG30-KF-CM45,OTU846,10,1.0E-5,47.058823529412%
d__Bacteria,k__norank_d__Bacteria,p__Proteobacteria,c__Alphaproteobacteria,o__Rickettsiales,f__SM2D12,g__norank_f__SM2D12,s__metagenome_g__norank_f__SM2D12,OTU1507,31,4.0E-5,5.8823529411765%
d__Bacteria,k__norank_d__Bacteria,p__Proteobacteria,c__Gammaproteobacteria,o__Diplorickettsiales,f__Diplorickettsiaceae,g__Aquicella,s__unclassified_g__Aquicella,OTU945,22,3.0E-5,5.8823529411765%
d__Bacteria,k__norank_d__Bacteria,p__Proteobacteria,c__Gammaproteobacteria,o__Betaproteobacteriales,f__Burkholderiaceae,g__unclassified_f__Burkholderiaceae,s__unclassified_f__Burkholderiaceae,OTU673,3,4.15161e-6,11.764705882353%
d__Bacteria,k__norank_d__Bacteria,p__Proteobacteria,c__Gammaproteobacteria,o__Betaproteobacteriales,f__Nitrosomonadaceae,g__MND1,s__metagenome_g__MND1,OTU589,56,8.0E-5,70.588235294118%
d__Bacteria,k__norank_d__Bacteria,p__Cyanobacteria,c__Oxyphotobacteria,o__Nostocales,f__unclassified_o__Nostocales,g__unclassified_o__Nostocales,s__unclassified_o__Nostocales,OTU674,10,1.0E-5,5.8823529411765%
d__Bacteria,k__norank_d__Bacteria,p__Verrucomicrobia,c__Verrucomicrobiae,o__Opitutales,f__Opitutaceae,g__Lacunisphaera,s__unclassified_g__Lacunisphaera,OTU828,8,1.0E-5,11.764705882353%
d__Bacteria,k__norank_d__Bacteria,p__Verrucomicrobia,c__Verrucomicrobiae,o__Verrucomicrobiales,f__Verrucomicrobiaceae,g__unclassified_f__Verrucomicrobiaceae,s__unclassified_f__Verrucomicrobiaceae,OTU310,3,4.15161e-6,5.8823529411765%
d__Bacteria,k__norank_d__Bacteria,p__Actinobacteria,c__Actinobacteria,o__Propionibacteriales,f__Nocardioidaceae,g__Nocardioides,s__uncultured_bacterium_g__Nocardioides,OTU803,4,5.53547e-6,17.647058823529%
d__Bacteria,k__norank_d__Bacteria,p__Tenericutes,c__Mollicutes,o__unclassified_c__Mollicutes,f__unclassified_c__Mollicutes,g__unclassified_c__Mollicutes,s__unclassified_c__Mollicutes,OTU450,4,5.53547e-6,17.647058823529%
d__Bacteria,k__norank_d__Bacteria,p__Bacteroidetes,c__Bacteroidia,o__Sphingobacteriales,f__env.OPS_17,g__norank_f__env.OPS_17,s__uncultured_bacterium_g__norank_f__env.OPS_17,OTU512,7,9.68708e-6,23.529411764706%
d__Bacteria,k__norank_d__Bacteria,p__Verrucomicrobia,c__Verrucomicrobiae,o__Pedosphaerales,f__Pedosphaeraceae,g__norank_f__Pedosphaeraceae,s__unclassified_g__norank_f__Pedosphaeraceae,OTU594,2,2.76774e-6,11.764705882353%
d__Bacteria,k__norank_d__Bacteria,p__Proteobacteria,c__Alphaproteobacteria,o__unclassified_c__Alphaproteobacteria,f__unclassified_c__Alphaproteobacteria,g__unclassified_c__Alphaproteobacteria,s__unclassified_c__Alphaproteobacteria,OTU772,5,6.91934e-6,5.8823529411765%
d__Bacteria,k__norank_d__Bacteria,p__Proteobacteria,c__Gammaproteobacteria,o__unclassified_c__Gammaproteobacteria,f__unclassified_c__Gammaproteobacteria,g__unclassified_c__Gammaproteobacteria,s__unclassified_c__Gammaproteobacteria,OTU570,6,8.30321e-6,11.764705882353%
d__Bacteria,k__norank_d__Bacteria,p__Actinobacteria,c__Actinobacteria,o__Frankiales,f__Sporichthyaceae,g__Candidatus_Planktophila,s__uncultured_bacterium_g__Candidatus_Planktophila,OTU480,212,0.00029,23.529411764706%
d__Bacteria,k__norank_d__Bacteria,p__Bacteroidetes,c__Bacteroidia,o__Sphingobacteriales,f__NS11-12_marine_group,g__norank_f__NS11-12_marine_group,s__uncultured_Bacteroidetes_bacterium_g__norank_f__NS11-12_marine_group,OTU661,25,3.0E-5,17.647058823529%
d__Bacteria,k__norank_d__Bacteria,p__Dependentiae,c__Babeliae,o__Babeliales,f__unclassified_o__Babeliales,g__unclassified_o__Babeliales,s__unclassified_o__Babeliales,OTU1515,5,6.91934e-6,5.8823529411765%
d__Bacteria,k__norank_d__Bacteria,p__Proteobacteria,c__Gammaproteobacteria,o__Alteromonadales,f__Alteromonadaceae,g__Rheinheimera,s__unclassified_g__Rheinheimera,OTU748,2,2.76774e-6,5.8823529411765%
d__Bacteria,k__norank_d__Bacteria,p__Planctomycetes,c__Planctomycetacia,o__norank_c__Planctomycetacia,f__norank_c__Planctomycetacia,g__norank_c__Planctomycetacia,s__unclassified_g__norank_c__Planctomycetacia,OTU849,31,4.0E-5,64.705882352941%
d__Bacteria,k__norank_d__Bacteria,p__Proteobacteria,c__Gammaproteobacteria,o__Betaproteobacteriales,f__Nitrosomonadaceae,g__mle1-7,s__uncultured_bacterium_g__mle1-7,OTU686,10,1.0E-5,11.764705882353%
d__Bacteria,k__norank_d__Bacteria,p__Proteobacteria,c__Gammaproteobacteria,o__Betaproteobacteriales,f__Nitrosomonadaceae,g__norank_f__Nitrosomonadaceae,s__uncultured_bacterium_g__norank_f__Nitrosomonadaceae,OTU830,667,0.00092,47.058823529412%
d__Bacteria,k__norank_d__Bacteria,p__Proteobacteria,c__Gammaproteobacteria,o__Gammaproteobacteria_Incertae_Sedis,f__unclassified_o__Gammaproteobacteria_Incertae_Sedis,g__norank_f__unclassified_o__Gammaproteobacteria_Incertae_Sedis,s__uncultured_soil_bacterium_g__norank_f__unclassified,OTU946,41,6.0E-5,23.529411764706%
d__Bacteria,k__norank_d__Bacteria,p__Bacteroidetes,c__Bacteroidia,o__Flavobacteriales,f__Flavobacteriaceae,g__Flavobacterium,s__Flavobacterium_columnare_g__Flavobacterium,OTU383,134,0.00019,17.647058823529%
d__Bacteria,k__norank_d__Bacteria,p__Bacteroidetes,c__Bacteroidia,o__Flavobacteriales,f__Flavobacteriaceae,g__Flavobacterium,s__unclassified_g__Flavobacterium,OTU593,18,2.0E-5,17.647058823529%
d__Bacteria,k__norank_d__Bacteria,p__Verrucomicrobia,c__Verrucomicrobiae,o__Pedosphaerales,f__Pedosphaeraceae,g__unclassified_f__Pedosphaeraceae,s__unclassified_f__Pedosphaeraceae,OTU808,4,5.53547e-6,5.8823529411765%
d__Bacteria,k__norank_d__Bacteria,p__Proteobacteria,c__Gammaproteobacteria,o__Coxiellales,f__Coxiellaceae,g__Coxiella,s__uncultured_bacterium_g__Coxiella,OTU788,6,8.30321e-6,17.647058823529%
d__Bacteria,k__norank_d__Bacteria,p__Acidobacteria,c__Subgroup_6,o__norank_c__Subgroup_6,f__norank_c__Subgroup_6,g__norank_c__Subgroup_6,s__unclassified_g__norank_c__Subgroup_6,OTU484,2,2.76774e-6,5.8823529411765%
d__Bacteria,k__norank_d__Bacteria,p__Gemmatimonadetes,c__Gemmatimonadetes,o__Gemmatimonadales,f__Gemmatimonadaceae,g__Gemmatimonas,s__uncultured_bacterium_g__Gemmatimonas,OTU600,44,6.0E-5,23.529411764706%
d__Bacteria,k__norank_d__Bacteria,p__Proteobacteria,c__Gammaproteobacteria,o__Gammaproteobacteria_Incertae_Sedis,f__unclassified_o__Gammaproteobacteria_Incertae_Sedis,g__Candidatus_Berkiella,s__uncultured_bacterium_g__Candidatus_Berkiella,OTU663,4,5.53547e-6,17.647058823529%
d__Bacteria,k__norank_d__Bacteria,p__Bacteroidetes,c__Bacteroidia,o__Flavobacteriales,f__Flavobacteriaceae,g__Flavobacterium,s__unclassified_g__Flavobacterium,OTU596,24,3.0E-5,41.176470588235%
d__Bacteria,k__norank_d__Bacteria,p__Proteobacteria,c__Alphaproteobacteria,o__Rickettsiales,f__Midichloriaceae,g__Candidatus_Jidaibacter,s__uncultured_Acanthamoeba,OTU1520,5,6.91934e-6,5.8823529411765%
d__Bacteria,k__norank_d__Bacteria,p__Patescibacteria,c__Parcubacteria,o__Candidatus_Campbellbacteria,f__norank_o__Candidatus_Campbellbacteria,g__norank_o__Candidatus_Campbellbacteria,s__uncultured_bacterium_g__norank_o__Candidatus_Campbellbacteria,OTU522,3,4.15161e-6,5.8823529411765%
d__Bacteria,k__norank_d__Bacteria,p__Actinobacteria,c__Actinobacteria,o__Micrococcales,f__Microbacteriaceae,g__Rhodoluna,s__uncultured_bacterium_g__Rhodoluna,OTU749,441,0.00061,58.823529411765%
d__Bacteria,k__norank_d__Bacteria,p__Proteobacteria,c__Deltaproteobacteria,o__Myxococcales,f__Haliangiaceae,g__Haliangium,s__unclassified_g__Haliangium,OTU698,298,0.00041,35.294117647059%
d__Bacteria,k__norank_d__Bacteria,p__Proteobacteria,c__Alphaproteobacteria,o__Holosporales,f__Holosporaceae,g__norank_f__Holosporaceae,s__uncultured_Holosporaceae_bacterium,OTU495,13,2.0E-5,17.647058823529%
d__Bacteria,k__norank_d__Bacteria,p__Proteobacteria,c__Deltaproteobacteria,o__Bdellovibrionales,f__Bdellovibrionaceae,g__Bdellovibrio,s__uncultured_bacterium_g__Bdellovibrio,OTU963,22,3.0E-5,5.8823529411765%
d__Bacteria,k__norank_d__Bacteria,p__Actinobacteria,c__Actinobacteria,o__Gaiellales,f__Gaiellaceae,g__Gaiella,s__uncultured_bacterium_g__Gaiella,OTU871,54,7.0E-5,47.058823529412%
d__Bacteria,k__norank_d__Bacteria,p__Proteobacteria,c__Gammaproteobacteria,o__unclassified_c__Gammaproteobacteria,f__unclassified_c__Gammaproteobacteria,g__unclassified_c__Gammaproteobacteria,s__unclassified_c__Gammaproteobacteria,OTU397,18,2.0E-5,11.764705882353%
d__Bacteria,k__norank_d__Bacteria,p__unclassified_k__norank_d__Bacteria,c__unclassified_k__norank_d__Bacteria,o__unclassified_k__norank_d__Bacteria,f__unclassified_k__norank_d__Bacteria,g__unclassified_k__norank_d__Bacteria,s__unclassified_k__norank_d__Bacteria,OTU831,9,1.0E-5,11.764705882353%
d__Bacteria,k__norank_d__Bacteria,p__Actinobacteria,c__Actinobacteria,o__Coriobacteriales,f__Eggerthellaceae,g__Adlercreutzia,s__uncultured_bacterium_g__Adlercreutzia,OTU799,5,6.91934e-6,17.647058823529%
d__Bacteria,k__norank_d__Bacteria,p__Actinobacteria,c__Actinobacteria,o__Micrococcales,f__Microbacteriaceae,g__MWH-Ta3,s__uncultured_bacterium_g__MWH-Ta3,OTU488,799,0.00111,100%
d__Bacteria,k__norank_d__Bacteria,p__Proteobacteria,c__Deltaproteobacteria,o__Bdellovibrionales,f__Bdellovibrionaceae,g__Bdellovibrio,s__uncultured_bacterium_g__Bdellovibrio,OTU1540,4,5.53547e-6,17.647058823529%
d__Bacteria,k__norank_d__Bacteria,p__Bacteroidetes,c__Bacteroidia,o__Sphingobacteriales,f__NS11-12_marine_group,g__norank_f__NS11-12_marine_group,s__unclassified_g__norank_f__NS11-12_marine_group,OTU601,6,8.30321e-6,11.764705882353%
d__Bacteria,k__norank_d__Bacteria,p__Bacteroidetes,c__Bacteroidia,o__Chitinophagales,f__Saprospiraceae,g__norank_f__Saprospiraceae,s__uncultured_bacterium_g__norank_f__Saprospiraceae,OTU630,6,8.30321e-6,23.529411764706%
d__Bacteria,k__norank_d__Bacteria,p__Verrucomicrobia,c__Verrucomicrobiae,o__Verrucomicrobiales,f__Verrucomicrobiaceae,g__Prosthecobacter,s__unclassified_g__Prosthecobacter,OTU721,11,2.0E-5,23.529411764706%
d__Bacteria,k__norank_d__Bacteria,p__Dependentiae,c__Babeliae,o__Babeliales,f__Vermiphilaceae,g__norank_f__Vermiphilaceae,s__uncultured_bacterium_g__norank_f__Vermiphilaceae,OTU838,7,9.68708e-6,11.764705882353%
d__Bacteria,k__norank_d__Bacteria,p__Proteobacteria,c__Deltaproteobacteria,o__Bradymonadales,f__norank_o__Bradymonadales,g__norank_o__Bradymonadales,s__uncultured_bacterium_g__norank_o__Bradymonadales,OTU771,3,4.15161e-6,5.8823529411765%
d__Bacteria,k__norank_d__Bacteria,p__Bacteroidetes,c__Bacteroidia,o__Sphingobacteriales,f__Sphingobacteriaceae,g__Solitalea,s__uncultured_Sphingobacteriales_bacterium_g__Solitalea,OTU550,6,8.30321e-6,11.764705882353%
d__Bacteria,k__norank_d__Bacteria,p__Proteobacteria,c__Alphaproteobacteria,o__Sphingomonadales,f__Sphingomonadaceae,g__Sphingomonas,s__uncultured_alpha_proteobacterium_g__Sphingomonas,OTU498,1731,0.0024,82.352941176471%
d__Bacteria,k__norank_d__Bacteria,p__Cyanobacteria,c__Oxyphotobacteria,o__Nostocales,f__Nostocales_Incertae_Sedis,g__Microseira_Carmichael-Alabama,s__unclassified_g__Microseira_Carmichael-Alabama,OTU609,46,6.0E-5,5.8823529411765%
d__Bacteria,k__norank_d__Bacteria,p__Proteobacteria,c__Gammaproteobacteria,o__unclassified_c__Gammaproteobacteria,f__unclassified_c__Gammaproteobacteria,g__unclassified_c__Gammaproteobacteria,s__unclassified_c__Gammaproteobacteria,OTU665,38,5.0E-5,11.764705882353%
d__Bacteria,k__norank_d__Bacteria,p__Bacteroidetes,c__Bacteroidia,o__Sphingobacteriales,f__Sphingobacteriaceae,g__Pedobacter,s__unclassified_g__Pedobacter,OTU872,17,2.0E-5,17.647058823529%
d__Bacteria,k__norank_d__Bacteria,p__Actinobacteria,c__Actinobacteria,o__Frankiales,f__Geodermatophilaceae,g__Geodermatophilus,s__unclassified_g__Geodermatophilus,OTU990,27,4.0E-5,41.176470588235%
d__Bacteria,k__norank_d__Bacteria,p__Proteobacteria,c__Deltaproteobacteria,o__Bdellovibrionales,f__Bdellovibrionaceae,g__Bdellovibrio,s__uncultured_bacterium_g__Bdellovibrio,OTU398,4,5.53547e-6,11.764705882353%
d__Bacteria,k__norank_d__Bacteria,p__Gemmatimonadetes,c__Gemmatimonadetes,o__Gemmatimonadales,f__Gemmatimonadaceae,g__norank_f__Gemmatimonadaceae,s__metagenome_g__norank_f__Gemmatimonadaceae,OTU802,159,0.00022,35.294117647059%
d__Bacteria,k__norank_d__Bacteria,p__Chloroflexi,c__Chloroflexia,o__Thermomicrobiales,f__JG30-KF-CM45,g__norank_f__JG30-KF-CM45,s__unclassified_g__norank_f__JG30-KF-CM45,OTU1544,1133,0.00157,41.176470588235%
d__Bacteria,k__norank_d__Bacteria,p__Acidobacteria,c__Subgroup_9,o__norank_c__Subgroup_9,f__norank_c__Subgroup_9,g__norank_c__Subgroup_9,s__uncultured_bacterium_g__norank_c__Subgroup_9,OTU833,3,4.15161e-6,5.8823529411765%
d__Bacteria,k__norank_d__Bacteria,p__Bacteroidetes,c__Bacteroidia,o__Flavobacteriales,f__Crocinitomicaceae,g__Fluviicola,s__unclassified_g__Fluviicola,OTU490,20,3.0E-5,11.764705882353%
d__Bacteria,k__norank_d__Bacteria,p__Patescibacteria,c__Saccharimonadia,o__Saccharimonadales,f__norank_o__Saccharimonadales,g__norank_o__Saccharimonadales,s__unclassified_g__norank_o__Saccharimonadales,OTU618,3,4.15161e-6,11.764705882353%
d__Bacteria,k__norank_d__Bacteria,p__Patescibacteria,c__Parcubacteria,o__Candidatus_Kaiserbacteria,f__norank_o__Candidatus_Kaiserbacteria,g__norank_o__Candidatus_Kaiserbacteria,s__unclassified_g__norank_o__Candidatus_Kaiserbacteria,OTU633,2,2.76774e-6,5.8823529411765%
d__Bacteria,k__norank_d__Bacteria,p__Proteobacteria,c__Alphaproteobacteria,o__Azospirillales,f__Azospirillales_Incertae_Sedis,g__Stella,s__unclassified_g__Stella,OTU726,26,4.0E-5,5.8823529411765%
d__Bacteria,k__norank_d__Bacteria,p__Proteobacteria,c__Deltaproteobacteria,o__NB1-j,f__norank_o__NB1-j,g__norank_o__NB1-j,s__unclassified_g__norank_o__NB1-j,OTU844,379,0.00052,94.117647058824%
d__Bacteria,k__norank_d__Bacteria,p__Acidobacteria,c__Acidobacteriia,o__Solibacterales,f__Solibacteraceae_Subgroup_3,g__Bryobacter,s__uncultured_Acidobacteria_bacterium_g__Bryobacter,OTU1040,864,0.0012,52.941176470588%
d__Bacteria,k__norank_d__Bacteria,p__Acidobacteria,c__Blastocatellia_Subgroup_4,o__Chloracidobacteriales,f__Chloracidobacteriaceae,g__Chloracidobacterium,s__uncultured_bacterium_g__Chloracidobacterium,OTU611,11,2.0E-5,35.294117647059%
d__Bacteria,k__norank_d__Bacteria,p__Chloroflexi,c__Chloroflexia,o__Chloroflexales,f__Roseiflexaceae,g__Kouleothrix,s__uncultured_bacterium_g__Kouleothrix,OTU419,82,0.00011,35.294117647059%
d__Bacteria,k__norank_d__Bacteria,p__Actinobacteria,c__Actinobacteria,o__Microtrichales,f__Ilumatobacteraceae,g__Ilumatobacter,s__uncultured_bacterium_g__Ilumatobacter,OTU552,29,4.0E-5,17.647058823529%
d__Bacteria,k__norank_d__Bacteria,p__Proteobacteria,c__Deltaproteobacteria,o__Bdellovibrionales,f__Bdellovibrionaceae,g__Bdellovibrio,s__Bdellovibrio_exovorus_JSS,OTU793,72,0.0001,41.176470588235%
d__Bacteria,k__norank_d__Bacteria,p__Chlamydiae,c__Chlamydiae,o__Chlamydiales,f__Simkaniaceae,g__norank_f__Simkaniaceae,s__unclassified_g__norank_f__Simkaniaceae,OTU816,7,9.68708e-6,17.647058823529%
d__Bacteria,k__norank_d__Bacteria,p__Firmicutes,c__Clostridia,o__Clostridiales,f__Ruminococcaceae,g__Ruminiclostridium_6,s__uncultured_bacterium_g__Ruminiclostridium_6,OTU890,3,4.15161e-6,5.8823529411765%
d__Bacteria,k__norank_d__Bacteria,p__Patescibacteria,c__Saccharimonadia,o__Saccharimonadales,f__norank_o__Saccharimonadales,g__norank_o__Saccharimonadales,s__unclassified_g__norank_o__Saccharimonadales,OTU524,6,8.30321e-6,23.529411764706%
d__Bacteria,k__norank_d__Bacteria,p__Proteobacteria,c__Gammaproteobacteria,o__Betaproteobacteriales,f__Nitrosomonadaceae,g__MND1,s__unclassified_g__MND1,OTU836,86,0.00012,29.411764705882%
d__Bacteria,k__norank_d__Bacteria,p__Bacteroidetes,c__Ignavibacteria,o__OPB56,f__norank_o__OPB56,g__norank_o__OPB56,s__uncultured_bacterium_g__norank_o__OPB56,OTU751,6,8.30321e-6,11.764705882353%
d__Bacteria,k__norank_d__Bacteria,p__Actinobacteria,c__Actinobacteria,o__Frankiales,f__Sporichthyaceae,g__norank_f__Sporichthyaceae,s__metagenome_g__norank_f__Sporichthyaceae,OTU656,7883,0.01091,70.588235294118%
d__Bacteria,k__norank_d__Bacteria,p__Proteobacteria,c__Alphaproteobacteria,o__Rickettsiales,f__Rickettsiaceae,g__norank_f__Rickettsiaceae,s__metagenome_g__norank_f__Rickettsiaceae,OTU672,9,1.0E-5,11.764705882353%
d__Bacteria,k__norank_d__Bacteria,p__Chlamydiae,c__Chlamydiae,o__Chlamydiales,f__cvE6,g__norank_f__cvE6,s__uncultured_bacterium_g__norank_f__cvE6,OTU1548,25,3.0E-5,52.941176470588%
d__Bacteria,k__norank_d__Bacteria,p__Cyanobacteria,c__Melainabacteria,o__Obscuribacterales,f__norank_o__Obscuribacterales,g__norank_o__Obscuribacterales,s__uncultured_bacterium_g__norank_o__Obscuribacterales,OTU520,121,0.00017,11.764705882353%
d__Bacteria,k__norank_d__Bacteria,p__Firmicutes,c__Clostridia,o__Clostridiales,f__Ruminococcaceae,g__Ruminococcaceae_UCG-014,s__uncultured_bacterium_g__Ruminococcaceae_UCG-014,OTU845,2,2.76774e-6,5.8823529411765%
d__Bacteria,k__norank_d__Bacteria,p__Proteobacteria,c__Gammaproteobacteria,o__Legionellales,f__Legionellaceae,g__Legionella,s__uncultured_bacterium_g__Legionella,OTU638,11,2.0E-5,11.764705882353%
d__Bacteria,k__norank_d__Bacteria,p__Bacteroidetes,c__Bacteroidia,o__Cytophagales,f__Spirosomaceae,g__norank_f__Spirosomaceae,s__metagenome_g__norank_f__Spirosomaceae,OTU1106,4,5.53547e-6,5.8823529411765%
d__Bacteria,k__norank_d__Bacteria,p__Proteobacteria,c__Gammaproteobacteria,o__Betaproteobacteriales,f__Neisseriaceae,g__norank_f__Neisseriaceae,s__unclassified_g__norank_f__Neisseriaceae,OTU616,4,5.53547e-6,11.764705882353%
d__Bacteria,k__norank_d__Bacteria,p__Patescibacteria,c__WWE3,o__norank_c__WWE3,f__norank_c__WWE3,g__norank_c__WWE3,s__Candidatus_Berkelbacteria_bacterium_RIFCSPLOWO2_01_FULL_50_28,OTU421,3,4.15161e-6,11.764705882353%
d__Bacteria,k__norank_d__Bacteria,p__Cyanobacteria,c__Oxyphotobacteria,o__Nostocales,f__Phormidiaceae,g__unclassified_f__Phormidiaceae,s__unclassified_f__Phormidiaceae,OTU553,2,2.76774e-6,5.8823529411765%
d__Bacteria,k__norank_d__Bacteria,p__Proteobacteria,c__Gammaproteobacteria,o__Diplorickettsiales,f__Diplorickettsiaceae,g__Aquicella,s__uncultured_bacterium_g__Aquicella,OTU760,2,2.76774e-6,5.8823529411765%
d__Bacteria,k__norank_d__Bacteria,p__Proteobacteria,c__Deltaproteobacteria,o__Oligoflexales,f__Oligoflexaceae,g__Silvanigrella,s__unclassified_g__Silvanigrella,OTU659,3,4.15161e-6,11.764705882353%
d__Bacteria,k__norank_d__Bacteria,p__Proteobacteria,c__Deltaproteobacteria,o__Myxococcales,f__bacteriap25,g__norank_f__bacteriap25,s__uncultured_Syntrophobacterales_bacterium_g__norank_f__bacteriap25,OTU685,45,6.0E-5,29.411764705882%
d__Bacteria,k__norank_d__Bacteria,p__Chlamydiae,c__Chlamydiae,o__Chlamydiales,f__Simkaniaceae,g__norank_f__Simkaniaceae,s__unclassified_g__norank_f__Simkaniaceae,OTU896,10,1.0E-5,17.647058823529%
d__Bacteria,k__norank_d__Bacteria,p__Proteobacteria,c__Gammaproteobacteria,o__unclassified_c__Gammaproteobacteria,f__unclassified_c__Gammaproteobacteria,g__unclassified_c__Gammaproteobacteria,s__unclassified_c__Gammaproteobacteria,OTU813,4,5.53547e-6,17.647058823529%
d__Bacteria,k__norank_d__Bacteria,p__Proteobacteria,c__Gammaproteobacteria,o__Run-SP154,f__norank_o__Run-SP154,g__norank_o__Run-SP154,s__uncultured_bacterium_g__norank_o__Run-SP154,OTU534,3,4.15161e-6,11.764705882353%
d__Bacteria,k__norank_d__Bacteria,p__Bacteroidetes,c__Bacteroidia,o__Cytophagales,f__Microscillaceae,g__norank_f__Microscillaceae,s__unclassified_g__norank_f__Microscillaceae,OTU1550,17,2.0E-5,23.529411764706%
d__Bacteria,k__norank_d__Bacteria,p__Entotheonellaeota,c__Entotheonellia,o__Entotheonellales,f__Entotheonellaceae,g__norank_f__Entotheonellaceae,s__uncultured_bacterium_g__norank_f__Entotheonellaceae,OTU1126,20,3.0E-5,23.529411764706%
d__Bacteria,k__norank_d__Bacteria,p__Bacteroidetes,c__Bacteroidia,o__Flavobacteriales,f__Flavobacteriaceae,g__Flavobacterium,s__Flavobacterium_terrigena,OTU525,7,9.68708e-6,11.764705882353%
d__Bacteria,k__norank_d__Bacteria,p__Chloroflexi,c__Anaerolineae,o__SBR1031,f__A4b,g__norank_f__A4b,s__uncultured_bacterium_g__norank_f__A4b,OTU905,162,0.00022,29.411764705882%
d__Bacteria,k__norank_d__Bacteria,p__Planctomycetes,c__Planctomycetacia,o__Gemmatales,f__Gemmataceae,g__norank_f__Gemmataceae,s__unclassified_g__norank_f__Gemmataceae,OTU842,12,2.0E-5,5.8823529411765%
d__Bacteria,k__norank_d__Bacteria,p__Verrucomicrobia,c__Verrucomicrobiae,o__Methylacidiphilales,f__Methylacidiphilaceae,g__norank_f__Methylacidiphilaceae,s__uncultured_bacterium_g__norank_f__Methylacidiphilaceae,OTU631,7,9.68708e-6,17.647058823529%
d__Bacteria,k__norank_d__Bacteria,p__Dependentiae,c__Babeliae,o__Babeliales,f__Vermiphilaceae,g__norank_f__Vermiphilaceae,s__unclassified_g__norank_f__Vermiphilaceae,OTU860,3,4.15161e-6,5.8823529411765%
d__Bacteria,k__norank_d__Bacteria,p__Proteobacteria,c__Gammaproteobacteria,o__Betaproteobacteriales,f__Methylophilaceae,g__Candidatus_Methylopumilus,s__uncultured_bacterium_g__Candidatus_Methylopumilus,OTU642,1140,0.00158,47.058823529412%
d__Bacteria,k__norank_d__Bacteria,p__Bacteroidetes,c__Bacteroidia,o__Flavobacteriales,f__Flavobacteriaceae,g__Flavobacterium,s__unclassified_g__Flavobacterium,OTU430,17,2.0E-5,17.647058823529%
d__Bacteria,k__norank_d__Bacteria,p__Bacteroidetes,c__Bacteroidia,o__Sphingobacteriales,f__env.OPS_17,g__norank_f__env.OPS_17,s__metagenome_g__norank_f__env.OPS_17,OTU568,4,5.53547e-6,17.647058823529%
d__Bacteria,k__norank_d__Bacteria,p__Proteobacteria,c__Gammaproteobacteria,o__Oceanospirillales,f__Pseudohongiellaceae,g__BIyi10,s__metagenome_g__BIyi10,OTU707,9,1.0E-5,11.764705882353%
d__Bacteria,k__norank_d__Bacteria,p__Bacteroidetes,c__Bacteroidia,o__Cytophagales,f__Microscillaceae,g__Chryseolinea,s__metagenome_g__Chryseolinea,OTU901,3,4.15161e-6,5.8823529411765%
d__Bacteria,k__norank_d__Bacteria,p__Proteobacteria,c__Alphaproteobacteria,o__Paracaedibacterales,f__Paracaedibacteraceae,g__norank_f__Paracaedibacteraceae,s__Candidatus_Intestinusbacter_nucleariae,OTU761,11,2.0E-5,29.411764705882%
d__Bacteria,k__norank_d__Bacteria,p__Proteobacteria,c__Gammaproteobacteria,o__Betaproteobacteriales,f__Rhodocyclaceae,g__Dechloromonas,s__uncultured_bacterium_g__Dechloromonas,OTU720,53,7.0E-5,47.058823529412%
d__Bacteria,k__norank_d__Bacteria,p__Proteobacteria,c__Alphaproteobacteria,o__Caulobacterales,f__Hyphomonadaceae,g__SWB02,s__uncultured_alpha_proteobacterium_g__SWB02,OTU545,2,2.76774e-6,5.8823529411765%
d__Bacteria,k__norank_d__Bacteria,p__Bacteroidetes,c__Bacteroidia,o__Sphingobacteriales,f__NS11-12_marine_group,g__norank_f__NS11-12_marine_group,s__uncultured_bacterium_g__norank_f__NS11-12_marine_group,OTU537,7,9.68708e-6,11.764705882353%
d__Bacteria,k__norank_d__Bacteria,p__Chloroflexi,c__KD4-96,o__norank_c__KD4-96,f__norank_c__KD4-96,g__norank_c__KD4-96,s__unclassified_g__norank_c__KD4-96,OTU817,1203,0.00166,88.235294117647%
d__Bacteria,k__norank_d__Bacteria,p__Proteobacteria,c__Gammaproteobacteria,o__Betaproteobacteriales,f__Burkholderiaceae,g__Methylibium,s__uncultured_bacterium_g__Methylibium,OTU912,601,0.00083,70.588235294118%
d__Bacteria,k__norank_d__Bacteria,p__Dependentiae,c__Babeliae,o__Babeliales,f__Vermiphilaceae,g__norank_f__Vermiphilaceae,s__uncultured_bacterium_g__norank_f__Vermiphilaceae,OTU1561,9,1.0E-5,5.8823529411765%
d__Bacteria,k__norank_d__Bacteria,p__Proteobacteria,c__Gammaproteobacteria,o__Betaproteobacteriales,f__Chromobacteriaceae,g__Vogesella,s__unclassified_g__Vogesella,OTU653,11,2.0E-5,17.647058823529%
d__Bacteria,k__norank_d__Bacteria,p__Cyanobacteria,c__Melainabacteria,o__Obscuribacterales,f__norank_o__Obscuribacterales,g__norank_o__Obscuribacterales,s__uncultured_bacterium_g__norank_o__Obscuribacterales,OTU1149,41,6.0E-5,35.294117647059%
d__Bacteria,k__norank_d__Bacteria,p__Patescibacteria,c__CPR2,o__norank_c__CPR2,f__norank_c__CPR2,g__norank_c__CPR2,s__uncultured_bacterium_g__norank_c__CPR2,OTU447,2,2.76774e-6,11.764705882353%
d__Bacteria,k__norank_d__Bacteria,p__Proteobacteria,c__Gammaproteobacteria,o__Methylococcales,f__Methylomonaceae,g__Methyloglobulus,s__uncultured_bacterium_g__Methyloglobulus,OTU903,7,9.68708e-6,11.764705882353%
d__Bacteria,k__norank_d__Bacteria,p__Proteobacteria,c__Gammaproteobacteria,o__Betaproteobacteriales,f__Burkholderiaceae,g__AAP99,s__metagenome_g__AAP99,OTU782,24,3.0E-5,17.647058823529%
d__Bacteria,k__norank_d__Bacteria,p__Proteobacteria,c__Gammaproteobacteria,o__Diplorickettsiales,f__Diplorickettsiaceae,g__norank_f__Diplorickettsiaceae,s__unclassified_g__norank_f__Diplorickettsiaceae,OTU766,3,4.15161e-6,5.8823529411765%
d__Bacteria,k__norank_d__Bacteria,p__Planctomycetes,c__Planctomycetacia,o__Isosphaerales,f__Isosphaeraceae,g__Singulisphaera,s__unclassified_g__Singulisphaera,OTU873,22,3.0E-5,29.411764705882%
d__Bacteria,k__norank_d__Bacteria,p__Acidobacteria,c__Subgroup_6,o__norank_c__Subgroup_6,f__norank_c__Subgroup_6,g__norank_c__Subgroup_6,s__unclassified_g__norank_c__Subgroup_6,OTU908,20,3.0E-5,41.176470588235%
d__Bacteria,k__norank_d__Bacteria,p__Proteobacteria,c__Deltaproteobacteria,o__Myxococcales,f__unclassified_o__Myxococcales,g__unclassified_o__Myxococcales,s__unclassified_o__Myxococcales,OTU657,2,2.76774e-6,5.8823529411765%
d__Bacteria,k__norank_d__Bacteria,p__Proteobacteria,c__Deltaproteobacteria,o__Bdellovibrionales,f__Bacteriovoracaceae,g__Peredibacter,s__unclassified_g__Peredibacter,OTU724,13,2.0E-5,11.764705882353%
d__Bacteria,k__norank_d__Bacteria,p__Proteobacteria,c__Deltaproteobacteria,o__Oligoflexales,f__0319-6G20,g__norank_f__0319-6G20,s__unclassified_g__norank_f__0319-6G20,OTU548,8,1.0E-5,5.8823529411765%
d__Bacteria,k__norank_d__Bacteria,p__Bacteroidetes,c__Bacteroidia,o__Cytophagales,f__Spirosomaceae,g__Spirosoma,s__Spirosoma_rigui,OTU823,2,2.76774e-6,5.8823529411765%
d__Bacteria,k__norank_d__Bacteria,p__Proteobacteria,c__Gammaproteobacteria,o__Betaproteobacteriales,f__Neisseriaceae,g__norank_f__Neisseriaceae,s__unclassified_g__norank_f__Neisseriaceae,OTU576,2,2.76774e-6,5.8823529411765%
d__Bacteria,k__norank_d__Bacteria,p__Proteobacteria,c__Gammaproteobacteria,o__Betaproteobacteriales,f__Nitrosomonadaceae,g__Ellin6067,s__uncultured_bacterium_g__Ellin6067,OTU1153,1982,0.00274,100%
d__Bacteria,k__norank_d__Bacteria,p__Patescibacteria,c__Saccharimonadia,o__Saccharimonadales,f__norank_o__Saccharimonadales,g__norank_o__Saccharimonadales,s__unclassified_g__norank_o__Saccharimonadales,OTU573,5,6.91934e-6,11.764705882353%
d__Bacteria,k__norank_d__Bacteria,p__Bacteroidetes,c__Ignavibacteria,o__OPB56,f__norank_o__OPB56,g__norank_o__OPB56,s__uncultured_bacterium_g__norank_o__OPB56,OTU675,5,6.91934e-6,17.647058823529%
d__Bacteria,k__norank_d__Bacteria,p__Proteobacteria,c__Deltaproteobacteria,o__NB1-j,f__norank_o__NB1-j,g__norank_o__NB1-j,s__uncultured_bacterium_g__norank_o__NB1-j,OTU1579,2,2.76774e-6,5.8823529411765%
d__Bacteria,k__norank_d__Bacteria,p__Actinobacteria,c__Actinobacteria,o__unclassified_c__Actinobacteria,f__unclassified_c__Actinobacteria,g__unclassified_c__Actinobacteria,s__unclassified_c__Actinobacteria,OTU767,113,0.00016,11.764705882353%
d__Bacteria,k__norank_d__Bacteria,p__Dadabacteria,c__Dadabacteriia,o__Dadabacteriales,f__norank_o__Dadabacteriales,g__norank_o__Dadabacteriales,s__uncultured_candidate_division_SBR1093_bacterium,OTU914,5043,0.00698,100%
d__Bacteria,k__norank_d__Bacteria,p__Planctomycetes,c__Planctomycetacia,o__Gemmatales,f__Gemmataceae,g__norank_f__Gemmataceae,s__uncultured_bacterium_g__norank_f__Gemmataceae,OTU933,31,4.0E-5,17.647058823529%
d__Bacteria,k__norank_d__Bacteria,p__Chloroflexi,c__Chloroflexia,o__Thermomicrobiales,f__JG30-KF-CM45,g__norank_f__JG30-KF-CM45,s__uncultured_Chloroflexi_bacterium_g__norank_f__JG30-KF-CM45,OTU954,3,4.15161e-6,17.647058823529%
d__Bacteria,k__norank_d__Bacteria,p__Proteobacteria,c__Deltaproteobacteria,o__Bdellovibrionales,f__Bdellovibrionaceae,g__OM27_clade,s__unclassified_g__OM27_clade,OTU664,2,2.76774e-6,11.764705882353%
d__Bacteria,k__norank_d__Bacteria,p__Planctomycetes,c__OM190,o__norank_c__OM190,f__norank_c__OM190,g__norank_c__OM190,s__uncultured_bacterium_g__norank_c__OM190,OTU796,3,4.15161e-6,5.8823529411765%
d__Bacteria,k__norank_d__Bacteria,p__Firmicutes,c__Clostridia,o__Clostridiales,f__Peptostreptococcaceae,g__norank_f__Peptostreptococcaceae,s__unclassified_g__norank_f__Peptostreptococcaceae,OTU485,2,2.76774e-6,11.764705882353%
d__Bacteria,k__norank_d__Bacteria,p__Chlamydiae,c__Chlamydiae,o__Chlamydiales,f__Parachlamydiaceae,g__Neochlamydia,s__metagenome_g__Neochlamydia,OTU727,2,2.76774e-6,5.8823529411765%
d__Bacteria,k__norank_d__Bacteria,p__Proteobacteria,c__Gammaproteobacteria,o__Ga0077536,f__norank_o__Ga0077536,g__norank_o__Ga0077536,s__uncultured_gamma_proteobacterium_g__norank_o__Ga0077536,OTU892,23,3.0E-5,35.294117647059%
d__Bacteria,k__norank_d__Bacteria,p__Dependentiae,c__Babeliae,o__Babeliales,f__unclassified_o__Babeliales,g__unclassified_o__Babeliales,s__unclassified_o__Babeliales,OTU646,2,2.76774e-6,5.8823529411765%
d__Bacteria,k__norank_d__Bacteria,p__Proteobacteria,c__Alphaproteobacteria,o__Rickettsiales,f__Rickettsiaceae,g__norank_f__Rickettsiaceae,s__metagenome_g__norank_f__Rickettsiaceae,OTU549,4,5.53547e-6,5.8823529411765%
d__Bacteria,k__norank_d__Bacteria,p__Proteobacteria,c__Deltaproteobacteria,o__unclassified_c__Deltaproteobacteria,f__unclassified_c__Deltaproteobacteria,g__unclassified_c__Deltaproteobacteria,s__unclassified_c__Deltaproteobacteria,OTU1163,10,1.0E-5,5.8823529411765%
d__Bacteria,k__norank_d__Bacteria,p__Chloroflexi,c__Chloroflexia,o__Thermomicrobiales,f__JG30-KF-CM45,g__norank_f__JG30-KF-CM45,s__unclassified_g__norank_f__JG30-KF-CM45,OTU678,14,2.0E-5,29.411764705882%
d__Bacteria,k__norank_d__Bacteria,p__Proteobacteria,c__Gammaproteobacteria,o__Betaproteobacteriales,f__TRA3-20,g__norank_f__TRA3-20,s__metagenome_g__norank_f__TRA3-20,OTU832,349,0.00048,52.941176470588%
d__Bacteria,k__norank_d__Bacteria,p__Cyanobacteria,c__Oxyphotobacteria,o__Leptolyngbyales,f__Leptolyngbyaceae,g__Chamaesiphon_PCC-7430,s__unclassified_g__Chamaesiphon_PCC-7430,OTU578,4,5.53547e-6,5.8823529411765%
d__Bacteria,k__norank_d__Bacteria,p__Acidobacteria,c__Acidobacteriia,o__Solibacterales,f__Solibacteraceae_Subgroup_3,g__Bryobacter,s__metagenome_g__Bryobacter,OTU1588,80,0.00011,23.529411764706%
d__Bacteria,k__norank_d__Bacteria,p__Proteobacteria,c__Alphaproteobacteria,o__Caulobacterales,f__Hyphomonadaceae,g__SWB02,s__uncultured_bacterium_g__SWB02,OTU952,2038,0.00282,88.235294117647%
d__Bacteria,k__norank_d__Bacteria,p__Proteobacteria,c__Alphaproteobacteria,o__Rickettsiales,f__AB1,g__norank_f__AB1,s__unclassified_g__norank_f__AB1,OTU961,6,8.30321e-6,17.647058823529%
d__Bacteria,k__norank_d__Bacteria,p__Actinobacteria,c__Actinobacteria,o__PeM15,f__norank_o__PeM15,g__norank_o__PeM15,s__metagenome_g__norank_o__PeM15,OTU683,667,0.00092,64.705882352941%
d__Bacteria,k__norank_d__Bacteria,p__Proteobacteria,c__Gammaproteobacteria,o__Salinisphaerales,f__Solimonadaceae,g__norank_f__Solimonadaceae,s__uncultured_bacterium_g__norank_f__Solimonadaceae,OTU959,31,4.0E-5,23.529411764706%
d__Bacteria,k__norank_d__Bacteria,p__Bacteroidetes,c__Bacteroidia,o__Bacteroidales,f__Prevotellaceae,g__Prevotellaceae_UCG-001,s__uncultured_bacterium_g__Prevotellaceae_UCG-001,OTU811,2,2.76774e-6,5.8823529411765%
d__Bacteria,k__norank_d__Bacteria,p__Planctomycetes,c__028H05-P-BN-P5,o__norank_c__028H05-P-BN-P5,f__norank_c__028H05-P-BN-P5,g__norank_c__028H05-P-BN-P5,s__uncultured_bacterium_g__norank_c__028H05-P-BN-P5,OTU773,3,4.15161e-6,5.8823529411765%
d__Bacteria,k__norank_d__Bacteria,p__Proteobacteria,c__Alphaproteobacteria,o__Rhizobiales,f__Rhizobiales_Incertae_Sedis,g__Nordella,s__uncultured_bacterium_g__Nordella,OTU499,85,0.00012,58.823529411765%
d__Bacteria,k__norank_d__Bacteria,p__Actinobacteria,c__Actinobacteria,o__Micrococcales,f__Microbacteriaceae,g__Candidatus_Planktoluna,s__uncultured_bacterium_g__Candidatus_Planktoluna,OTU565,1625,0.00225,70.588235294118%
d__Bacteria,k__norank_d__Bacteria,p__Proteobacteria,c__Alphaproteobacteria,o__Rhizobiales,f__Pleomorphomonadaceae,g__Prosthecomicrobium,s__metagenome_g__Prosthecomicrobium,OTU734,14,2.0E-5,23.529411764706%
d__Bacteria,k__norank_d__Bacteria,p__Proteobacteria,c__Gammaproteobacteria,o__Xanthomonadales,f__Rhodanobacteraceae,g__unclassified_f__Rhodanobacteraceae,s__unclassified_f__Rhodanobacteraceae,OTU1168,26,4.0E-5,23.529411764706%
d__Bacteria,k__norank_d__Bacteria,p__Actinobacteria,c__Actinobacteria,o__Solirubrobacterales,f__67-14,g__norank_f__67-14,s__uncultured_soil_bacterium_g__norank_f__67-14,OTU904,43,6.0E-5,23.529411764706%
d__Bacteria,k__norank_d__Bacteria,p__Proteobacteria,c__Deltaproteobacteria,o__unclassified_c__Deltaproteobacteria,f__unclassified_c__Deltaproteobacteria,g__unclassified_c__Deltaproteobacteria,s__unclassified_c__Deltaproteobacteria,OTU649,7,9.68708e-6,11.764705882353%
d__Bacteria,k__norank_d__Bacteria,p__Elusimicrobia,c__Elusimicrobia,o__Lineage_IV,f__norank_o__Lineage_IV,g__norank_o__Lineage_IV,s__unclassified_g__norank_o__Lineage_IV,OTU1590,7,9.68708e-6,17.647058823529%
d__Bacteria,k__norank_d__Bacteria,p__Proteobacteria,c__Alphaproteobacteria,o__Acetobacterales,f__Acetobacteraceae,g__norank_f__Acetobacteraceae,s__unclassified_g__norank_f__Acetobacteraceae,OTU740,8,1.0E-5,23.529411764706%
d__Bacteria,k__norank_d__Bacteria,p__Chlamydiae,c__Chlamydiae,o__Chlamydiales,f__Simkaniaceae,g__norank_f__Simkaniaceae,s__unclassified_g__norank_f__Simkaniaceae,OTU839,138,0.00019,47.058823529412%
d__Bacteria,k__norank_d__Bacteria,p__Bacteroidetes,c__Bacteroidia,o__Sphingobacteriales,f__NS11-12_marine_group,g__norank_f__NS11-12_marine_group,s__uncultured_Flexibacteraceae_bacterium_g__norank_f__NS11-12_marine_group,OTU587,26,4.0E-5,11.764705882353%
d__Bacteria,k__norank_d__Bacteria,p__Proteobacteria,c__Alphaproteobacteria,o__Caedibacterales,f__Caedibacteraceae,g__Candidatus_Nucleicultrix,s__uncultured_bacterium_g__Candidatus_Nucleicultrix,OTU1000,4,5.53547e-6,17.647058823529%
d__Bacteria,k__norank_d__Bacteria,p__Proteobacteria,c__Gammaproteobacteria,o__Diplorickettsiales,f__Diplorickettsiaceae,g__Aquicella,s__uncultured_bacterium_g__Aquicella,OTU964,13,2.0E-5,5.8823529411765%
d__Bacteria,k__norank_d__Bacteria,p__Bacteroidetes,c__Bacteroidia,o__Sphingobacteriales,f__NS11-12_marine_group,g__norank_f__NS11-12_marine_group,s__uncultured_bacterium_g__norank_f__NS11-12_marine_group,OTU967,5,6.91934e-6,17.647058823529%
d__Bacteria,k__norank_d__Bacteria,p__Actinobacteria,c__Actinobacteria,o__unclassified_c__Actinobacteria,f__unclassified_c__Actinobacteria,g__unclassified_c__Actinobacteria,s__unclassified_c__Actinobacteria,OTU528,25,3.0E-5,23.529411764706%
d__Bacteria,k__norank_d__Bacteria,p__Actinobacteria,c__Actinobacteria,o__Gaiellales,f__Gaiellaceae,g__Gaiella,s__metagenome_g__Gaiella,OTU800,506,0.0007,100%
d__Bacteria,k__norank_d__Bacteria,p__Planctomycetes,c__Planctomycetacia,o__norank_c__Planctomycetacia,f__norank_c__Planctomycetacia,g__norank_c__Planctomycetacia,s__uncultured_bacterium_g__norank_c__Planctomycetacia,OTU821,9,1.0E-5,17.647058823529%
d__Bacteria,k__norank_d__Bacteria,p__Bacteroidetes,c__Bacteroidia,o__Chitinophagales,f__Chitinophagaceae,g__norank_f__Chitinophagaceae,s__metagenome_g__norank_f__Chitinophagaceae,OTU567,2,2.76774e-6,5.8823529411765%
d__Bacteria,k__norank_d__Bacteria,p__Cyanobacteria,c__Oxyphotobacteria,o__Nostocales,f__Phormidiaceae,g__Tychonema_CCAP_1459-11B,s__unclassified_g__Tychonema_CCAP_1459-11B,OTU711,66,9.0E-5,5.8823529411765%
d__Bacteria,k__norank_d__Bacteria,p__Cyanobacteria,c__Oxyphotobacteria,o__Pseudanabaenales,f__Pseudanabaenaceae,g__Pseudanabaena_PCC-7429,s__uncultured_bacterium_g__Pseudanabaena_PCC-7429,OTU775,8,1.0E-5,11.764705882353%
d__Bacteria,k__norank_d__Bacteria,p__Cyanobacteria,c__Melainabacteria,o__Vampirovibrionales,f__norank_o__Vampirovibrionales,g__norank_o__Vampirovibrionales,s__uncultured_bacterium_g__norank_o__Vampirovibrionales,OTU1176,37,5.0E-5,23.529411764706%
d__Bacteria,k__norank_d__Bacteria,p__Proteobacteria,c__Alphaproteobacteria,o__Paracaedibacterales,f__Paracaedibacteraceae,g__Candidatus_Paracaedibacter,s__unclassified_g__Candidatus_Paracaedibacter,OTU1598,2,2.76774e-6,5.8823529411765%
d__Bacteria,k__norank_d__Bacteria,p__Proteobacteria,c__Alphaproteobacteria,o__Sneathiellales,f__Sneathiellaceae,g__unclassified_f__Sneathiellaceae,s__unclassified_f__Sneathiellaceae,OTU843,12,2.0E-5,35.294117647059%
d__Bacteria,k__norank_d__Bacteria,p__Proteobacteria,c__Gammaproteobacteria,o__Diplorickettsiales,f__Diplorickettsiaceae,g__Aquicella,s__uncultured_bacterium_g__Aquicella,OTU612,3,4.15161e-6,5.8823529411765%
d__Bacteria,k__norank_d__Bacteria,p__Proteobacteria,c__Alphaproteobacteria,o__Holosporales,f__Holosporaceae,g__unclassified_f__Holosporaceae,s__unclassified_f__Holosporaceae,OTU968,2,2.76774e-6,5.8823529411765%
d__Bacteria,k__norank_d__Bacteria,p__Bacteroidetes,c__Bacteroidia,o__Bacteroidales,f__Muribaculaceae,g__norank_f__Muribaculaceae,s__uncultured_bacterium_g__norank_f__Muribaculaceae,OTU804,5,6.91934e-6,5.8823529411765%
d__Bacteria,k__norank_d__Bacteria,p__Proteobacteria,c__Gammaproteobacteria,o__Betaproteobacteriales,f__Nitrosomonadaceae,g__Nitrosomonas,s__unclassified_g__Nitrosomonas,OTU662,12,2.0E-5,11.764705882353%
d__Bacteria,k__norank_d__Bacteria,p__Bacteroidetes,c__Bacteroidia,o__Flavobacteriales,f__Flavobacteriaceae,g__Flavobacterium,s__unclassified_g__Flavobacterium,OTU786,2,2.76774e-6,5.8823529411765%
d__Bacteria,k__norank_d__Bacteria,p__Patescibacteria,c__Microgenomatia,o__Candidatus_Levybacteria,f__norank_o__Candidatus_Levybacteria,g__norank_o__Candidatus_Levybacteria,s__wastewater_metagenome_g__norank_o__Candidatus_Levybacteria,OTU1005,5,6.91934e-6,5.8823529411765%
d__Bacteria,k__norank_d__Bacteria,p__Proteobacteria,c__Gammaproteobacteria,o__Gammaproteobacteria_Incertae_Sedis,f__unclassified_o__Gammaproteobacteria_Incertae_Sedis,g__Candidatus_Berkiella,s__uncultured_bacterium_g__Candidatus_Berkiella,OTU969,54,7.0E-5,64.705882352941%
d__Bacteria,k__norank_d__Bacteria,p__Proteobacteria,c__Alphaproteobacteria,o__Rhizobiales,f__Xanthobacteraceae,g__Bradyrhizobium,s__Bradyrhizobium_elkanii_g__Bradyrhizobium,OTU848,1726,0.00239,94.117647058824%
d__Bacteria,k__norank_d__Bacteria,p__Nitrospirae,c__Nitrospira,o__norank_c__Nitrospira,f__norank_c__Nitrospira,g__Nitrospira,s__uncultured_bacterium_g__Nitrospira,OTU536,63,9.0E-5,17.647058823529%
d__Bacteria,k__norank_d__Bacteria,p__Verrucomicrobia,c__Verrucomicrobiae,o__Chthoniobacterales,f__Chthoniobacteraceae,g__Chthoniobacter,s__uncultured_bacterium_g__Chthoniobacter,OTU719,8,1.0E-5,5.8823529411765%
d__Bacteria,k__norank_d__Bacteria,p__Proteobacteria,c__Gammaproteobacteria,o__norank_c__Gammaproteobacteria,f__norank_c__Gammaproteobacteria,g__norank_c__Gammaproteobacteria,s__metagenome_g__norank_c__Gammaproteobacteria,OTU911,102,0.00014,35.294117647059%
d__Bacteria,k__norank_d__Bacteria,p__Proteobacteria,c__Gammaproteobacteria,o__unclassified_c__Gammaproteobacteria,f__unclassified_c__Gammaproteobacteria,g__unclassified_c__Gammaproteobacteria,s__unclassified_c__Gammaproteobacteria,OTU1195,4,5.53547e-6,5.8823529411765%
d__Bacteria,k__norank_d__Bacteria,p__Actinobacteria,c__Actinobacteria,o__Corynebacteriales,f__Nocardiaceae,g__Nocardia,s__Nocardia_takedensis,OTU1606,537,0.00074,41.176470588235%
d__Bacteria,k__norank_d__Bacteria,p__Proteobacteria,c__Gammaproteobacteria,o__Pseudomonadales,f__Moraxellaceae,g__Permianibacter,s__uncultured_bacterium_g__Permianibacter,OTU623,4,5.53547e-6,11.764705882353%
d__Bacteria,k__norank_d__Bacteria,p__Cyanobacteria,c__Oxyphotobacteria,o__Synechococcales,f__Synechococcaceae,g__norank_f__Synechococcaceae,s__uncultured_bacterium_g__norank_f__Synechococcaceae,OTU617,6,8.30321e-6,23.529411764706%
d__Bacteria,k__norank_d__Bacteria,p__Cyanobacteria,c__Oxyphotobacteria,o__Nostocales,f__Phormidiaceae,g__Kamptonema_PCC-6407,s__uncultured_bacterium_g__Kamptonema_PCC-6407,OTU789,13,2.0E-5,5.8823529411765%
d__Bacteria,k__norank_d__Bacteria,p__Cyanobacteria,c__Melainabacteria,o__Obscuribacterales,f__norank_o__Obscuribacterales,g__norank_o__Obscuribacterales,s__uncultured_bacterium_g__norank_o__Obscuribacterales,OTU974,16,2.0E-5,29.411764705882%
d__Bacteria,k__norank_d__Bacteria,p__WS2,c__norank_p__WS2,o__norank_p__WS2,f__norank_p__WS2,g__norank_p__WS2,s__uncultured_Firmicutes_bacterium_g__norank_p__WS2,OTU701,4,5.53547e-6,11.764705882353%
d__Bacteria,k__norank_d__Bacteria,p__Chlamydiae,c__Chlamydiae,o__Chlamydiales,f__unclassified_o__Chlamydiales,g__unclassified_o__Chlamydiales,s__unclassified_o__Chlamydiales,OTU862,2,2.76774e-6,5.8823529411765%
d__Bacteria,k__norank_d__Bacteria,p__Proteobacteria,c__Gammaproteobacteria,o__Coxiellales,f__Coxiellaceae,g__Coxiella,s__unclassified_g__Coxiella,OTU1028,5,6.91934e-6,5.8823529411765%
d__Bacteria,k__norank_d__Bacteria,p__Proteobacteria,c__Gammaproteobacteria,o__Betaproteobacteriales,f__TRA3-20,g__norank_f__TRA3-20,s__unclassified_g__norank_f__TRA3-20,OTU820,30,4.0E-5,23.529411764706%
d__Bacteria,k__norank_d__Bacteria,p__Proteobacteria,c__Gammaproteobacteria,o__Betaproteobacteriales,f__Burkholderiaceae,g__Limnohabitans,s__Limnohabitans_sp._103DPR2,OTU750,963,0.00133,47.058823529412%
d__Bacteria,k__norank_d__Bacteria,p__Proteobacteria,c__Gammaproteobacteria,o__Betaproteobacteriales,f__Burkholderiaceae,g__Ralstonia,s__uncultured_bacterium_g__Ralstonia,OTU807,7,9.68708e-6,29.411764705882%
d__Bacteria,k__norank_d__Bacteria,p__Chlamydiae,c__Chlamydiae,o__Chlamydiales,f__Simkaniaceae,g__norank_f__Simkaniaceae,s__Rhabdochlamydiaceae_bacterium_cvE58,OTU1208,50,7.0E-5,23.529411764706%
d__Bacteria,k__norank_d__Bacteria,p__Proteobacteria,c__Alphaproteobacteria,o__Rickettsiales,f__SM2D12,g__norank_f__SM2D12,s__metagenome_g__norank_f__SM2D12,OTU551,25,3.0E-5,5.8823529411765%
d__Bacteria,k__norank_d__Bacteria,p__Patescibacteria,c__Parcubacteria,o__Candidatus_Campbellbacteria,f__norank_o__Candidatus_Campbellbacteria,g__norank_o__Candidatus_Campbellbacteria,s__uncultured_bacterium_g__norank_o__Candidatus_Campbellbacteria,OTU790,2,2.76774e-6,11.764705882353%
d__Bacteria,k__norank_d__Bacteria,p__Actinobacteria,c__Actinobacteria,o__Gaiellales,f__Gaiellaceae,g__Gaiella,s__uncultured_bacterium_g__Gaiella,OTU922,520,0.00072,94.117647058824%
d__Bacteria,k__norank_d__Bacteria,p__unclassified_k__norank_d__Bacteria,c__unclassified_k__norank_d__Bacteria,o__unclassified_k__norank_d__Bacteria,f__unclassified_k__norank_d__Bacteria,g__unclassified_k__norank_d__Bacteria,s__unclassified_k__norank_d__Bacteria,OTU1014,7,9.68708e-6,5.8823529411765%
d__Bacteria,k__norank_d__Bacteria,p__Proteobacteria,c__Alphaproteobacteria,o__Rhizobiales,f__Pleomorphomonadaceae,g__Prosthecomicrobium,s__Prosthecomicrobium_hirschii,OTU1609,4,5.53547e-6,5.8823529411765%
d__Bacteria,k__norank_d__Bacteria,p__Acidobacteria,c__Blastocatellia_Subgroup_4,o__Blastocatellales,f__Blastocatellaceae,g__JGI_0001001-H03,s__uncultured_bacterium_g__JGI_0001001-H03,OTU850,50,7.0E-5,76.470588235294%
d__Bacteria,k__norank_d__Bacteria,p__Planctomycetes,c__vadinHA49,o__norank_c__vadinHA49,f__norank_c__vadinHA49,g__norank_c__vadinHA49,s__uncultured_bacterium_g__norank_c__vadinHA49,OTU624,3,4.15161e-6,5.8823529411765%
d__Bacteria,k__norank_d__Bacteria,p__Actinobacteria,c__Actinobacteria,o__Corynebacteriales,f__Mycobacteriaceae,g__Mycobacterium,s__unclassified_g__Mycobacterium,OTU852,283,0.00039,100%
d__Bacteria,k__norank_d__Bacteria,p__Bacteroidetes,c__Bacteroidia,o__Chitinophagales,f__norank_o__Chitinophagales,g__norank_o__Chitinophagales,s__uncultured_Cytophagales_bacterium_g__norank_o__Chitinophagales,OTU654,2,2.76774e-6,5.8823529411765%
d__Bacteria,k__norank_d__Bacteria,p__Proteobacteria,c__Gammaproteobacteria,o__Diplorickettsiales,f__Diplorickettsiaceae,g__Aquicella,s__unclassified_g__Aquicella,OTU716,14,2.0E-5,23.529411764706%
d__Bacteria,k__norank_d__Bacteria,p__Bacteroidetes,c__Bacteroidia,o__Chitinophagales,f__Chitinophagaceae,g__Terrimonas,s__uncultured_bacterium_g__Terrimonas,OTU1209,105,0.00015,82.352941176471%
d__Bacteria,k__norank_d__Bacteria,p__Proteobacteria,c__Deltaproteobacteria,o__Myxococcales,f__mle1-27,g__norank_f__mle1-27,s__metagenome_g__norank_f__mle1-27,OTU1031,9,1.0E-5,11.764705882353%
d__Bacteria,k__norank_d__Bacteria,p__Proteobacteria,c__Deltaproteobacteria,o__Bdellovibrionales,f__Bdellovibrionaceae,g__Bdellovibrio,s__unclassified_g__Bdellovibrio,OTU554,43,6.0E-5,41.176470588235%
d__Bacteria,k__norank_d__Bacteria,p__Acidobacteria,c__Subgroup_18,o__norank_c__Subgroup_18,f__norank_c__Subgroup_18,g__norank_c__Subgroup_18,s__uncultured_bacterium_g__norank_c__Subgroup_18,OTU809,7,9.68708e-6,11.764705882353%
d__Bacteria,k__norank_d__Bacteria,p__Dependentiae,c__Babeliae,o__Babeliales,f__UBA12409,g__norank_f__UBA12409,s__uncultured_bacterium_g__norank_f__UBA12409,OTU982,20,3.0E-5,47.058823529412%
d__Bacteria,k__norank_d__Bacteria,p__Proteobacteria,c__Deltaproteobacteria,o__NB1-j,f__norank_o__NB1-j,g__norank_o__NB1-j,s__uncultured_bacterium_g__norank_o__NB1-j,OTU869,11,2.0E-5,5.8823529411765%
d__Bacteria,k__norank_d__Bacteria,p__Proteobacteria,c__Gammaproteobacteria,o__Betaproteobacteriales,f__Burkholderiaceae,g__unclassified_f__Burkholderiaceae,s__unclassified_f__Burkholderiaceae,OTU923,148,0.0002,76.470588235294%
d__Bacteria,k__norank_d__Bacteria,p__Proteobacteria,c__Alphaproteobacteria,o__unclassified_c__Alphaproteobacteria,f__unclassified_c__Alphaproteobacteria,g__unclassified_c__Alphaproteobacteria,s__unclassified_c__Alphaproteobacteria,OTU668,59,8.0E-5,5.8823529411765%
d__Bacteria,k__norank_d__Bacteria,p__Planctomycetes,c__Phycisphaerae,o__Phycisphaerales,f__Phycisphaeraceae,g__SM1A02,s__unclassified_g__SM1A02,OTU931,14,2.0E-5,11.764705882353%
d__Bacteria,k__norank_d__Bacteria,p__Dependentiae,c__Babeliae,o__Babeliales,f__Vermiphilaceae,g__norank_f__Vermiphilaceae,s__uncultured_bacterium_g__norank_f__Vermiphilaceae,OTU725,3,4.15161e-6,17.647058823529%
d__Bacteria,k__norank_d__Bacteria,p__Proteobacteria,c__Deltaproteobacteria,o__Myxococcales,f__bacteriap25,g__norank_f__bacteriap25,s__unclassified_g__norank_f__bacteriap25,OTU867,10,1.0E-5,5.8823529411765%
d__Bacteria,k__norank_d__Bacteria,p__Proteobacteria,c__Gammaproteobacteria,o__unclassified_c__Gammaproteobacteria,f__unclassified_c__Gammaproteobacteria,g__unclassified_c__Gammaproteobacteria,s__unclassified_c__Gammaproteobacteria,OTU1238,6,8.30321e-6,17.647058823529%
d__Bacteria,k__norank_d__Bacteria,p__Acidobacteria,c__Acidobacteriia,o__Solibacterales,f__Solibacteraceae_Subgroup_3,g__Bryobacter,s__unclassified_g__Bryobacter,OTU1619,24,3.0E-5,52.941176470588%
d__Bacteria,k__norank_d__Bacteria,p__Firmicutes,c__Bacilli,o__Bacillales,f__Staphylococcaceae,g__Staphylococcus,s__Staphylococcus_equorum,OTU870,13,2.0E-5,41.176470588235%
d__Bacteria,k__norank_d__Bacteria,p__Gemmatimonadetes,c__Gemmatimonadetes,o__Gemmatimonadales,f__Gemmatimonadaceae,g__norank_f__Gemmatimonadaceae,s__unclassified_g__norank_f__Gemmatimonadaceae,OTU834,5,6.91934e-6,5.8823529411765%
d__Bacteria,k__norank_d__Bacteria,p__unclassified_k__norank_d__Bacteria,c__unclassified_k__norank_d__Bacteria,o__unclassified_k__norank_d__Bacteria,f__unclassified_k__norank_d__Bacteria,g__unclassified_k__norank_d__Bacteria,s__unclassified_k__norank_d__Bacteria,OTU1019,2,2.76774e-6,11.764705882353%
d__Bacteria,k__norank_d__Bacteria,p__Cyanobacteria,c__Sericytochromatia,o__norank_c__Sericytochromatia,f__norank_c__Sericytochromatia,g__norank_c__Sericytochromatia,s__metagenome_g__norank_c__Sericytochromatia,OTU569,3,4.15161e-6,11.764705882353%
d__Bacteria,k__norank_d__Bacteria,p__Patescibacteria,c__Parcubacteria,o__Candidatus_Kaiserbacteria,f__norank_o__Candidatus_Kaiserbacteria,g__norank_o__Candidatus_Kaiserbacteria,s__unclassified_g__norank_o__Candidatus_Kaiserbacteria,OTU1036,5,6.91934e-6,17.647058823529%
d__Bacteria,k__norank_d__Bacteria,p__Proteobacteria,c__Gammaproteobacteria,o__Betaproteobacteriales,f__Burkholderiaceae,g__Limnobacter,s__uncultured_bacterium_g__Limnobacter,OTU643,6,8.30321e-6,11.764705882353%
d__Bacteria,k__norank_d__Bacteria,p__Cyanobacteria,c__Oxyphotobacteria,o__Chloroplast,f__norank_o__Chloroplast,g__norank_o__Chloroplast,s__unclassified_g__norank_o__Chloroplast,OTU987,62,9.0E-5,82.352941176471%
d__Bacteria,k__norank_d__Bacteria,p__Chlamydiae,c__Chlamydiae,o__Chlamydiales,f__Parachlamydiaceae,g__Candidatus_Protochlamydia,s__unclassified_g__Candidatus_Protochlamydia,OTU875,6,8.30321e-6,17.647058823529%
d__Bacteria,k__norank_d__Bacteria,p__Proteobacteria,c__Gammaproteobacteria,o__Cellvibrionales,f__Cellvibrionaceae,g__Cellvibrio,s__unclassified_g__Cellvibrio,OTU928,10,1.0E-5,23.529411764706%
d__Bacteria,k__norank_d__Bacteria,p__Chlamydiae,c__Chlamydiae,o__Chlamydiales,f__Parachlamydiaceae,g__Neochlamydia,s__metagenome_g__Neochlamydia,OTU689,7,9.68708e-6,5.8823529411765%
d__Bacteria,k__norank_d__Bacteria,p__Proteobacteria,c__Alphaproteobacteria,o__Acetobacterales,f__Acetobacteraceae,g__Rhodopila,s__uncultured_bacterium_g__Rhodopila,OTU765,164,0.00023,35.294117647059%
d__Bacteria,k__norank_d__Bacteria,p__Proteobacteria,c__Alphaproteobacteria,o__norank_c__Alphaproteobacteria,f__norank_c__Alphaproteobacteria,g__norank_c__Alphaproteobacteria,s__unclassified_g__norank_c__Alphaproteobacteria,OTU731,24,3.0E-5,11.764705882353%
d__Bacteria,k__norank_d__Bacteria,p__Proteobacteria,c__Alphaproteobacteria,o__Elsterales,f__norank_o__Elsterales,g__norank_o__Elsterales,s__metagenome_g__norank_o__Elsterales,OTU1636,92,0.00013,70.588235294118%
d__Bacteria,k__norank_d__Bacteria,p__Planctomycetes,c__Planctomycetacia,o__Gemmatales,f__Gemmataceae,g__norank_f__Gemmataceae,s__uncultured_bacterium_g__norank_f__Gemmataceae,OTU847,11,2.0E-5,11.764705882353%
d__Bacteria,k__norank_d__Bacteria,p__Proteobacteria,c__Deltaproteobacteria,o__Bdellovibrionales,f__Bdellovibrionaceae,g__Bdellovibrio,s__uncultured_bacterium_g__Bdellovibrio,OTU932,2,2.76774e-6,5.8823529411765%
d__Bacteria,k__norank_d__Bacteria,p__Dependentiae,c__Babeliae,o__Babeliales,f__UBA12409,g__norank_f__UBA12409,s__uncultured_bacterium_g__norank_f__UBA12409,OTU1248,4,5.53547e-6,5.8823529411765%
d__Bacteria,k__norank_d__Bacteria,p__Proteobacteria,c__Gammaproteobacteria,o__Betaproteobacteriales,f__B1-7BS,g__norank_f__B1-7BS,s__uncultured_soil_bacterium_g__norank_f__B1-7BS,OTU878,54,7.0E-5,47.058823529412%
d__Bacteria,k__norank_d__Bacteria,p__Bacteroidetes,c__Bacteroidia,o__Flavobacteriales,f__Flavobacteriaceae,g__Flavobacterium,s__unclassified_g__Flavobacterium,OTU603,122,0.00017,23.529411764706%
d__Bacteria,k__norank_d__Bacteria,p__Proteobacteria,c__Alphaproteobacteria,o__Rhizobiales,f__A0839,g__norank_f__A0839,s__uncultured_bacterium_g__norank_f__A0839,OTU1025,1305,0.00181,94.117647058824%
d__Bacteria,k__norank_d__Bacteria,p__Chloroflexi,c__Anaerolineae,o__RBG-13-54-9,f__norank_o__RBG-13-54-9,g__norank_o__RBG-13-54-9,s__unclassified_g__norank_o__RBG-13-54-9,OTU884,3,4.15161e-6,11.764705882353%
d__Bacteria,k__norank_d__Bacteria,p__Bacteroidetes,c__Bacteroidia,o__Bacteroidales,f__Rikenellaceae,g__Alistipes,s__unclassified_g__Alistipes,OTU881,2,2.76774e-6,5.8823529411765%
d__Bacteria,k__norank_d__Bacteria,p__Dependentiae,c__Babeliae,o__Babeliales,f__norank_o__Babeliales,g__norank_o__Babeliales,s__uncultured_bacterium_g__norank_o__Babeliales,OTU935,10,1.0E-5,17.647058823529%
d__Bacteria,k__norank_d__Bacteria,p__Proteobacteria,c__Deltaproteobacteria,o__Bdellovibrionales,f__Bdellovibrionaceae,g__Bdellovibrio,s__uncultured_bacterium_g__Bdellovibrio,OTU991,8,1.0E-5,5.8823529411765%
d__Bacteria,k__norank_d__Bacteria,p__Proteobacteria,c__Gammaproteobacteria,o__Ga0077536,f__norank_o__Ga0077536,g__norank_o__Ga0077536,s__uncultured_sulfur-oxidizing_symbiont_bacterium_g__norank_o__Ga0077536,OTU644,5,6.91934e-6,5.8823529411765%
d__Bacteria,k__norank_d__Bacteria,p__Proteobacteria,c__Gammaproteobacteria,o__unclassified_c__Gammaproteobacteria,f__unclassified_c__Gammaproteobacteria,g__unclassified_c__Gammaproteobacteria,s__unclassified_c__Gammaproteobacteria,OTU1664,2,2.76774e-6,11.764705882353%
d__Bacteria,k__norank_d__Bacteria,p__Actinobacteria,c__Actinobacteria,o__Corynebacteriales,f__Mycobacteriaceae,g__Mycobacterium,s__uncultured_bacterium_g__Mycobacterium,OTU718,1016,0.00141,94.117647058824%
d__Bacteria,k__norank_d__Bacteria,p__Proteobacteria,c__Alphaproteobacteria,o__Rickettsiales,f__SM2D12,g__norank_f__SM2D12,s__unclassified_g__norank_f__SM2D12,OTU733,5,6.91934e-6,11.764705882353%
d__Bacteria,k__norank_d__Bacteria,p__Proteobacteria,c__Deltaproteobacteria,o__MBNT15,f__norank_o__MBNT15,g__norank_o__MBNT15,s__unclassified_g__norank_o__MBNT15,OTU1043,1549,0.00214,35.294117647059%
d__Bacteria,k__norank_d__Bacteria,p__Elusimicrobia,c__Elusimicrobia,o__Lineage_IV,f__norank_o__Lineage_IV,g__norank_o__Lineage_IV,s__unclassified_g__norank_o__Lineage_IV,OTU934,10,1.0E-5,11.764705882353%
d__Bacteria,k__norank_d__Bacteria,p__Proteobacteria,c__Alphaproteobacteria,o__Elsterales,f__norank_o__Elsterales,g__norank_o__Elsterales,s__uncultured_bacterium_g__norank_o__Elsterales,OTU851,25,3.0E-5,11.764705882353%
d__Bacteria,k__norank_d__Bacteria,p__Actinobacteria,c__Actinobacteria,o__IMCC26256,f__norank_o__IMCC26256,g__norank_o__IMCC26256,s__uncultured_bacterium_g__norank_o__IMCC26256,OTU780,3,4.15161e-6,17.647058823529%
d__Bacteria,k__norank_d__Bacteria,p__Proteobacteria,c__Alphaproteobacteria,o__Paracaedibacterales,f__Paracaedibacteraceae,g__norank_f__Paracaedibacteraceae,s__uncultured_bacterium_g__norank_f__Paracaedibacteraceae,OTU1296,3,4.15161e-6,11.764705882353%
d__Bacteria,k__norank_d__Bacteria,p__Bacteroidetes,c__Bacteroidia,o__Sphingobacteriales,f__env.OPS_17,g__norank_f__env.OPS_17,s__unclassified_g__norank_f__env.OPS_17,OTU1026,5,6.91934e-6,5.8823529411765%
d__Bacteria,k__norank_d__Bacteria,p__Verrucomicrobia,c__Verrucomicrobiae,o__Chthoniobacterales,f__Chthoniobacteraceae,g__Chthoniobacter,s__uncultured_bacterium_g__Chthoniobacter,OTU606,39,5.0E-5,11.764705882353%
d__Bacteria,k__norank_d__Bacteria,p__Proteobacteria,c__Deltaproteobacteria,o__Oligoflexales,f__0319-6G20,g__norank_f__0319-6G20,s__metagenome_g__norank_f__0319-6G20,OTU930,4,5.53547e-6,5.8823529411765%
d__Bacteria,k__norank_d__Bacteria,p__Proteobacteria,c__Gammaproteobacteria,o__Betaproteobacteriales,f__Rhodocyclaceae,g__Azospira,s__uncultured_Azospira_sp._g__Azospira,OTU885,247,0.00034,35.294117647059%
d__Bacteria,k__norank_d__Bacteria,p__Proteobacteria,c__Deltaproteobacteria,o__SAR324_cladeMarine_group_B,f__norank_o__SAR324_cladeMarine_group_B,g__norank_o__SAR324_cladeMarine_group_B,s__uncultured_bacterium_g__norank_o__SAR324_cladeMarine_group_B,OTU737,2,2.76774e-6,11.764705882353%
d__Bacteria,k__norank_d__Bacteria,p__Chlamydiae,c__Chlamydiae,o__Chlamydiales,f__unclassified_o__Chlamydiales,g__unclassified_o__Chlamydiales,s__unclassified_o__Chlamydiales,OTU971,10,1.0E-5,5.8823529411765%
d__Bacteria,k__norank_d__Bacteria,p__Bacteroidetes,c__Bacteroidia,o__Flavobacteriales,f__Crocinitomicaceae,g__Fluviicola,s__uncultured_bacterium_g__Fluviicola,OTU735,4,5.53547e-6,11.764705882353%
d__Bacteria,k__norank_d__Bacteria,p__Proteobacteria,c__Deltaproteobacteria,o__Myxococcales,f__P3OB-42,g__norank_f__P3OB-42,s__uncultured_bacterium_g__norank_f__P3OB-42,OTU1670,23,3.0E-5,5.8823529411765%
d__Bacteria,k__norank_d__Bacteria,p__Acidobacteria,c__Subgroup_6,o__norank_c__Subgroup_6,f__norank_c__Subgroup_6,g__norank_c__Subgroup_6,s__unclassified_g__norank_c__Subgroup_6,OTU855,37,5.0E-5,41.176470588235%
d__Bacteria,k__norank_d__Bacteria,p__Chlamydiae,c__Chlamydiae,o__Chlamydiales,f__Parachlamydiaceae,g__Neochlamydia,s__metagenome_g__Neochlamydia,OTU937,5,6.91934e-6,11.764705882353%
d__Bacteria,k__norank_d__Bacteria,p__Gemmatimonadetes,c__Gemmatimonadetes,o__Gemmatimonadales,f__Gemmatimonadaceae,g__norank_f__Gemmatimonadaceae,s__uncultured_soil_bacterium_g__norank_f__Gemmatimonadaceae,OTU996,20,3.0E-5,5.8823529411765%
d__Bacteria,k__norank_d__Bacteria,p__Actinobacteria,c__Actinobacteria,o__norank_c__Actinobacteria,f__norank_c__Actinobacteria,g__norank_c__Actinobacteria,s__unclassified_g__norank_c__Actinobacteria,OTU1310,9,1.0E-5,5.8823529411765%
d__Bacteria,k__norank_d__Bacteria,p__Proteobacteria,c__Gammaproteobacteria,o__Betaproteobacteriales,f__TRA3-20,g__norank_f__TRA3-20,s__unclassified_g__norank_f__TRA3-20,OTU1047,1698,0.00235,88.235294117647%
d__Bacteria,k__norank_d__Bacteria,p__Proteobacteria,c__Deltaproteobacteria,o__Syntrophobacterales,f__Syntrophaceae,g__Desulfobacca,s__uncultured_bacterium_g__Desulfobacca,OTU660,5,6.91934e-6,23.529411764706%
d__Bacteria,k__norank_d__Bacteria,p__Chlamydiae,c__Chlamydiae,o__Chlamydiales,f__Parachlamydiaceae,g__unclassified_f__Parachlamydiaceae,s__unclassified_f__Parachlamydiaceae,OTU888,6,8.30321e-6,17.647058823529%
d__Bacteria,k__norank_d__Bacteria,p__Chlamydiae,c__Chlamydiae,o__Chlamydiales,f__Simkaniaceae,g__norank_f__Simkaniaceae,s__unclassified_g__norank_f__Simkaniaceae,OTU1049,4,5.53547e-6,17.647058823529%
d__Bacteria,k__norank_d__Bacteria,p__Proteobacteria,c__Alphaproteobacteria,o__Rhodovibrionales,f__Fodinicurvataceae,g__norank_f__Fodinicurvataceae,s__unclassified_g__norank_f__Fodinicurvataceae,OTU819,841,0.00116,41.176470588235%
d__Bacteria,k__norank_d__Bacteria,p__Proteobacteria,c__Gammaproteobacteria,o__Betaproteobacteriales,f__Burkholderiaceae,g__Undibacterium,s__uncultured_bacterium_g__Undibacterium,OTU899,190,0.00026,41.176470588235%
d__Bacteria,k__norank_d__Bacteria,p__Proteobacteria,c__Gammaproteobacteria,o__Betaproteobacteriales,f__Gallionellaceae,g__unclassified_f__Gallionellaceae,s__unclassified_f__Gallionellaceae,OTU940,51,7.0E-5,29.411764705882%
d__Bacteria,k__norank_d__Bacteria,p__Acidobacteria,c__Acidobacteriia,o__Solibacterales,f__Solibacteraceae_Subgroup_3,g__Elev-16S-1166,s__uncultured_bacterium_g__Elev-16S-1166,OTU762,27,4.0E-5,17.647058823529%
d__Bacteria,k__norank_d__Bacteria,p__Actinobacteria,c__Actinobacteria,o__OPB41,f__norank_o__OPB41,g__norank_o__OPB41,s__unclassified_g__norank_o__OPB41,OTU671,3,4.15161e-6,17.647058823529%
d__Bacteria,k__norank_d__Bacteria,p__Actinobacteria,c__Actinobacteria,o__norank_c__Actinobacteria,f__norank_c__Actinobacteria,g__norank_c__Actinobacteria,s__uncultured_bacterium_g__norank_c__Actinobacteria,OTU741,23,3.0E-5,23.529411764706%
d__Bacteria,k__norank_d__Bacteria,p__Proteobacteria,c__Alphaproteobacteria,o__Tistrellales,f__Geminicoccaceae,g__Candidatus_Alysiosphaera,s__metagenome_g__Candidatus_Alysiosphaera,OTU1688,26,4.0E-5,29.411764705882%
d__Bacteria,k__norank_d__Bacteria,p__Actinobacteria,c__Actinobacteria,o__Gaiellales,f__norank_o__Gaiellales,g__norank_o__Gaiellales,s__uncultured_bacterium_g__norank_o__Gaiellales,OTU856,8,1.0E-5,23.529411764706%
d__Bacteria,k__norank_d__Bacteria,p__Bacteroidetes,c__Bacteroidia,o__Sphingobacteriales,f__AKYH767,g__norank_f__AKYH767,s__unclassified_g__norank_f__AKYH767,OTU958,9,1.0E-5,11.764705882353%
d__Bacteria,k__norank_d__Bacteria,p__Actinobacteria,c__Actinobacteria,o__IMCC26256,f__norank_o__IMCC26256,g__norank_o__IMCC26256,s__unclassified_g__norank_o__IMCC26256,OTU1316,15,2.0E-5,35.294117647059%
d__Bacteria,k__norank_d__Bacteria,p__Proteobacteria,c__Gammaproteobacteria,o__Betaproteobacteriales,f__Burkholderiaceae,g__Lautropia,s__unclassified_g__Lautropia,OTU667,15,2.0E-5,23.529411764706%
d__Bacteria,k__norank_d__Bacteria,p__Proteobacteria,c__Gammaproteobacteria,o__Betaproteobacteriales,f__Nitrosomonadaceae,g__unclassified_f__Nitrosomonadaceae,s__unclassified_f__Nitrosomonadaceae,OTU1065,9,1.0E-5,5.8823529411765%
d__Bacteria,k__norank_d__Bacteria,p__Proteobacteria,c__Gammaproteobacteria,o__Betaproteobacteriales,f__TRA3-20,g__norank_f__TRA3-20,s__unclassified_g__norank_f__TRA3-20,OTU981,12,2.0E-5,23.529411764706%
d__Bacteria,k__norank_d__Bacteria,p__Proteobacteria,c__Gammaproteobacteria,o__Acidiferrobacterales,f__Acidiferrobacteraceae,g__norank_f__Acidiferrobacteraceae,s__uncultured_bacterium_g__norank_f__Acidiferrobacteraceae,OTU1051,3,4.15161e-6,5.8823529411765%
d__Bacteria,k__norank_d__Bacteria,p__WPS-2,c__norank_p__WPS-2,o__norank_p__WPS-2,f__norank_p__WPS-2,g__norank_p__WPS-2,s__metagenome_g__norank_p__WPS-2,OTU929,5,6.91934e-6,17.647058823529%
d__Bacteria,k__norank_d__Bacteria,p__Chlamydiae,c__Chlamydiae,o__Chlamydiales,f__cvE6,g__norank_f__cvE6,s__uncultured_bacterium_g__norank_f__cvE6,OTU998,16,2.0E-5,17.647058823529%
d__Bacteria,k__norank_d__Bacteria,p__Dependentiae,c__Babeliae,o__Babeliales,f__norank_o__Babeliales,g__norank_o__Babeliales,s__uncultured_bacterium_g__norank_o__Babeliales,OTU947,16,2.0E-5,11.764705882353%
d__Bacteria,k__norank_d__Bacteria,p__Proteobacteria,c__Gammaproteobacteria,o__Betaproteobacteriales,f__Nitrosomonadaceae,g__Ellin6067,s__unclassified_g__Ellin6067,OTU857,19,3.0E-5,23.529411764706%
d__Bacteria,k__norank_d__Bacteria,p__Acidobacteria,c__Acidobacteriia,o__Solibacterales,f__Solibacteraceae_Subgroup_3,g__Elev-16S-1166,s__uncultured_bacterium_g__Elev-16S-1166,OTU910,10,1.0E-5,41.176470588235%
d__Bacteria,k__norank_d__Bacteria,p__Actinobacteria,c__Actinobacteria,o__Gaiellales,f__norank_o__Gaiellales,g__norank_o__Gaiellales,s__metagenome_g__norank_o__Gaiellales,OTU779,448,0.00062,64.705882352941%
d__Bacteria,k__norank_d__Bacteria,p__Proteobacteria,c__Deltaproteobacteria,o__Bdellovibrionales,f__Bdellovibrionaceae,g__Bdellovibrio,s__uncultured_bacterium_g__Bdellovibrio,OTU966,8,1.0E-5,11.764705882353%
d__Bacteria,k__norank_d__Bacteria,p__Actinobacteria,c__Actinobacteria,o__IMCC26256,f__norank_o__IMCC26256,g__norank_o__IMCC26256,s__unclassified_g__norank_o__IMCC26256,OTU1332,7,9.68708e-6,5.8823529411765%
d__Bacteria,k__norank_d__Bacteria,p__Proteobacteria,c__Alphaproteobacteria,o__Caulobacterales,f__Hyphomonadaceae,g__unclassified_f__Hyphomonadaceae,s__unclassified_f__Hyphomonadaceae,OTU1690,1121,0.00155,82.352941176471%
d__Bacteria,k__norank_d__Bacteria,p__Proteobacteria,c__Alphaproteobacteria,o__Rickettsiales,f__Mitochondria,g__norank_f__Mitochondria,s__unclassified_g__norank_f__Mitochondria,OTU677,2,2.76774e-6,5.8823529411765%
d__Bacteria,k__norank_d__Bacteria,p__Planctomycetes,c__Planctomycetacia,o__Gemmatales,f__Gemmataceae,g__norank_f__Gemmataceae,s__unclassified_g__norank_f__Gemmataceae,OTU882,19,3.0E-5,11.764705882353%
d__Bacteria,k__norank_d__Bacteria,p__Proteobacteria,c__Gammaproteobacteria,o__Legionellales,f__Legionellaceae,g__Legionella,s__uncultured_bacterium_g__Legionella,OTU1076,4,5.53547e-6,5.8823529411765%
d__Bacteria,k__norank_d__Bacteria,p__Actinobacteria,c__Actinobacteria,o__Frankiales,f__Sporichthyaceae,g__hgcI_clade,s__uncultured_bacterium_g__hgcI_clade,OTU676,43,6.0E-5,29.411764705882%
d__Bacteria,k__norank_d__Bacteria,p__Proteobacteria,c__Gammaproteobacteria,o__Legionellales,f__Legionellaceae,g__unclassified_f__Legionellaceae,s__unclassified_f__Legionellaceae,OTU1096,2,2.76774e-6,5.8823529411765%
d__Bacteria,k__norank_d__Bacteria,p__Cyanobacteria,c__Oxyphotobacteria,o__Nostocales,f__Coleofasciculaceae,g__Potamolinea_1PC,s__unclassified_g__Potamolinea_1PC,OTU746,5,6.91934e-6,11.764705882353%
d__Bacteria,k__norank_d__Bacteria,p__Proteobacteria,c__Gammaproteobacteria,o__Diplorickettsiales,f__Diplorickettsiaceae,g__Aquicella,s__uncultured_bacterium_g__Aquicella,OTU986,143,0.0002,35.294117647059%
d__Bacteria,k__norank_d__Bacteria,p__Proteobacteria,c__Gammaproteobacteria,o__Diplorickettsiales,f__Diplorickettsiaceae,g__norank_f__Diplorickettsiaceae,s__unclassified_g__norank_f__Diplorickettsiaceae,OTU1001,5,6.91934e-6,5.8823529411765%
d__Bacteria,k__norank_d__Bacteria,p__Proteobacteria,c__Deltaproteobacteria,o__Oligoflexales,f__0319-6G20,g__norank_f__0319-6G20,s__unclassified_g__norank_f__0319-6G20,OTU938,5,6.91934e-6,5.8823529411765%
d__Bacteria,k__norank_d__Bacteria,p__Cyanobacteria,c__Melainabacteria,o__Obscuribacterales,f__norank_o__Obscuribacterales,g__norank_o__Obscuribacterales,s__unclassified_g__norank_o__Obscuribacterales,OTU939,5,6.91934e-6,17.647058823529%
d__Bacteria,k__norank_d__Bacteria,p__Proteobacteria,c__Gammaproteobacteria,o__Betaproteobacteriales,f__Gallionellaceae,g__Sideroxydans,s__uncultured_beta_proteobacterium_g__Sideroxydans,OTU976,13,2.0E-5,11.764705882353%
d__Bacteria,k__norank_d__Bacteria,p__Proteobacteria,c__Gammaproteobacteria,o__Ga0077536,f__norank_o__Ga0077536,g__norank_o__Ga0077536,s__unclassified_g__norank_o__Ga0077536,OTU1334,38,5.0E-5,11.764705882353%
d__Bacteria,k__norank_d__Bacteria,p__Bacteroidetes,c__Bacteroidia,o__Bacteroidales,f__Marinilabiliaceae,g__Carboxylicivirga,s__unclassified_g__Carboxylicivirga,OTU863,3,4.15161e-6,11.764705882353%
d__Bacteria,k__norank_d__Bacteria,p__Acidobacteria,c__Blastocatellia_Subgroup_4,o__11-24,f__norank_o__11-24,g__norank_o__11-24,s__unclassified_g__norank_o__11-24,OTU1009,11,2.0E-5,5.8823529411765%
d__Bacteria,k__norank_d__Bacteria,p__Acidobacteria,c__Subgroup_6,o__norank_c__Subgroup_6,f__norank_c__Subgroup_6,g__norank_c__Subgroup_6,s__unclassified_g__norank_c__Subgroup_6,OTU886,23,3.0E-5,35.294117647059%
d__Bacteria,k__norank_d__Bacteria,p__Planctomycetes,c__Planctomycetacia,o__Gemmatales,f__Gemmataceae,g__norank_f__Gemmataceae,s__unclassified_g__norank_f__Gemmataceae,OTU805,16,2.0E-5,17.647058823529%
d__Bacteria,k__norank_d__Bacteria,p__Verrucomicrobia,c__Verrucomicrobiae,o__Chthoniobacterales,f__Chthoniobacteraceae,g__Chthoniobacter,s__uncultured_bacterium_g__Chthoniobacter,OTU690,106,0.00015,11.764705882353%
d__Bacteria,k__norank_d__Bacteria,p__Bacteroidetes,c__Bacteroidia,o__Sphingobacteriales,f__env.OPS_17,g__norank_f__env.OPS_17,s__metagenome_g__norank_f__env.OPS_17,OTU1693,10,1.0E-5,5.8823529411765%
d__Bacteria,k__norank_d__Bacteria,p__Proteobacteria,c__Alphaproteobacteria,o__Rhodospirillales,f__norank_o__Rhodospirillales,g__norank_o__Rhodospirillales,s__unclassified_g__norank_o__Rhodospirillales,OTU1079,46,6.0E-5,29.411764705882%
d__Bacteria,k__norank_d__Bacteria,p__unclassified_k__norank_d__Bacteria,c__unclassified_k__norank_d__Bacteria,o__unclassified_k__norank_d__Bacteria,f__unclassified_k__norank_d__Bacteria,g__unclassified_k__norank_d__Bacteria,s__unclassified_k__norank_d__Bacteria,OTU758,9,1.0E-5,11.764705882353%
d__Bacteria,k__norank_d__Bacteria,p__Proteobacteria,c__Gammaproteobacteria,o__Betaproteobacteriales,f__Neisseriaceae,g__norank_f__Neisseriaceae,s__uncultured_beta_proteobacterium_g__norank_f__Neisseriaceae,OTU1061,2,2.76774e-6,5.8823529411765%
d__Bacteria,k__norank_d__Bacteria,p__Cyanobacteria,c__Melainabacteria,o__Caenarcaniphilales,f__norank_o__Caenarcaniphilales,g__norank_o__Caenarcaniphilales,s__uncultured_bacterium_g__norank_o__Caenarcaniphilales,OTU681,3,4.15161e-6,5.8823529411765%
d__Bacteria,k__norank_d__Bacteria,p__Proteobacteria,c__Gammaproteobacteria,o__unclassified_c__Gammaproteobacteria,f__unclassified_c__Gammaproteobacteria,g__unclassified_c__Gammaproteobacteria,s__unclassified_c__Gammaproteobacteria,OTU1015,13,2.0E-5,11.764705882353%
d__Bacteria,k__norank_d__Bacteria,p__Gemmatimonadetes,c__Gemmatimonadetes,o__Gemmatimonadales,f__Gemmatimonadaceae,g__Gemmatimonas,s__uncultured_bacterium_g__Gemmatimonas,OTU995,545,0.00075,29.411764705882%
d__Bacteria,k__norank_d__Bacteria,p__Proteobacteria,c__Gammaproteobacteria,o__Diplorickettsiales,f__Diplorickettsiaceae,g__Aquicella,s__uncultured_bacterium_g__Aquicella,OTU983,5,6.91934e-6,11.764705882353%
d__Bacteria,k__norank_d__Bacteria,p__Actinobacteria,c__Actinobacteria,o__Micrococcales,f__Brevibacteriaceae,g__Brevibacterium,s__unclassified_g__Brevibacterium,OTU1347,5,6.91934e-6,17.647058823529%
d__Bacteria,k__norank_d__Bacteria,p__Proteobacteria,c__Deltaproteobacteria,o__Bdellovibrionales,f__Bdellovibrionaceae,g__Bdellovibrio,s__uncultured_bacterium_g__Bdellovibrio,OTU1114,26,4.0E-5,29.411764705882%
d__Bacteria,k__norank_d__Bacteria,p__Proteobacteria,c__Deltaproteobacteria,o__Myxococcales,f__P3OB-42,g__norank_f__P3OB-42,s__uncultured_bacterium_g__norank_f__P3OB-42,OTU1077,3,4.15161e-6,11.764705882353%
d__Bacteria,k__norank_d__Bacteria,p__Proteobacteria,c__Deltaproteobacteria,o__Bdellovibrionales,f__Bdellovibrionaceae,g__OM27_clade,s__metagenome_g__OM27_clade,OTU692,9,1.0E-5,17.647058823529%
d__Bacteria,k__norank_d__Bacteria,p__Proteobacteria,c__Gammaproteobacteria,o__unclassified_c__Gammaproteobacteria,f__unclassified_c__Gammaproteobacteria,g__unclassified_c__Gammaproteobacteria,s__unclassified_c__Gammaproteobacteria,OTU1084,7,9.68708e-6,11.764705882353%
d__Bacteria,k__norank_d__Bacteria,p__unclassified_k__norank_d__Bacteria,c__unclassified_k__norank_d__Bacteria,o__unclassified_k__norank_d__Bacteria,f__unclassified_k__norank_d__Bacteria,g__unclassified_k__norank_d__Bacteria,s__unclassified_k__norank_d__Bacteria,OTU759,41,6.0E-5,29.411764705882%
d__Bacteria,k__norank_d__Bacteria,p__Proteobacteria,c__Deltaproteobacteria,o__Desulfovibrionales,f__Desulfovibrionaceae,g__Desulfovibrio,s__unclassified_g__Desulfovibrio,OTU866,16,2.0E-5,17.647058823529%
d__Bacteria,k__norank_d__Bacteria,p__Acidobacteria,c__Subgroup_6,o__norank_c__Subgroup_6,f__norank_c__Subgroup_6,g__norank_c__Subgroup_6,s__unclassified_g__norank_c__Subgroup_6,OTU1702,5503,0.00762,100%
d__Bacteria,k__norank_d__Bacteria,p__Verrucomicrobia,c__Verrucomicrobiae,o__Pedosphaerales,f__Pedosphaeraceae,g__norank_f__Pedosphaeraceae,s__uncultured_bacterium_g__norank_f__Pedosphaeraceae,OTU818,18,2.0E-5,17.647058823529%
d__Bacteria,k__norank_d__Bacteria,p__Chlamydiae,c__Chlamydiae,o__Chlamydiales,f__Simkaniaceae,g__norank_f__Simkaniaceae,s__unclassified_g__norank_f__Simkaniaceae,OTU915,4,5.53547e-6,5.8823529411765%
d__Bacteria,k__norank_d__Bacteria,p__Proteobacteria,c__Deltaproteobacteria,o__Bdellovibrionales,f__Bdellovibrionaceae,g__Bdellovibrio,s__unclassified_g__Bdellovibrio,OTU682,2,2.76774e-6,5.8823529411765%
d__Bacteria,k__norank_d__Bacteria,p__Proteobacteria,c__Gammaproteobacteria,o__Betaproteobacteriales,f__Gallionellaceae,g__Gallionella,s__unclassified_g__Gallionella,OTU1087,38,5.0E-5,23.529411764706%
d__Bacteria,k__norank_d__Bacteria,p__Planctomycetes,c__OM190,o__norank_c__OM190,f__norank_c__OM190,g__norank_c__OM190,s__uncultured_bacterium_g__norank_c__OM190,OTU1041,651,0.0009,17.647058823529%
d__Bacteria,k__norank_d__Bacteria,p__Elusimicrobia,c__Elusimicrobia,o__norank_c__Elusimicrobia,f__norank_c__Elusimicrobia,g__norank_c__Elusimicrobia,s__unclassified_g__norank_c__Elusimicrobia,OTU1012,2,2.76774e-6,5.8823529411765%
d__Bacteria,k__norank_d__Bacteria,p__Armatimonadetes,c__Fimbriimonadia,o__Fimbriimonadales,f__Fimbriimonadaceae,g__norank_f__Fimbriimonadaceae,s__unclassified_g__norank_f__Fimbriimonadaceae,OTU950,2,2.76774e-6,11.764705882353%
d__Bacteria,k__norank_d__Bacteria,p__Bacteroidetes,c__Bacteroidia,o__Cytophagales,f__Microscillaceae,g__norank_f__Microscillaceae,s__unclassified_g__norank_f__Microscillaceae,OTU1002,147,0.0002,23.529411764706%
d__Bacteria,k__norank_d__Bacteria,p__Proteobacteria,c__Deltaproteobacteria,o__Bdellovibrionales,f__Bdellovibrionaceae,g__Bdellovibrio,s__unclassified_g__Bdellovibrio,OTU1349,18,2.0E-5,11.764705882353%
d__Bacteria,k__norank_d__Bacteria,p__Proteobacteria,c__Alphaproteobacteria,o__Caulobacterales,f__Parvularculaceae,g__Amphiplicatus,s__uncultured_bacterium_g__Amphiplicatus,OTU1105,519,0.00072,41.176470588235%
d__Bacteria,k__norank_d__Bacteria,p__Actinobacteria,c__Actinobacteria,o__Frankiales,f__Sporichthyaceae,g__unclassified_f__Sporichthyaceae,s__unclassified_f__Sporichthyaceae,OTU693,109,0.00015,41.176470588235%
d__Bacteria,k__norank_d__Bacteria,p__Patescibacteria,c__Parcubacteria,o__norank_c__Parcubacteria,f__norank_c__Parcubacteria,g__norank_c__Parcubacteria,s__uncultured_bacterium_g__norank_c__Parcubacteria,OTU1086,29,4.0E-5,17.647058823529%
d__Bacteria,k__norank_d__Bacteria,p__Proteobacteria,c__Deltaproteobacteria,o__Myxococcales,f__unclassified_o__Myxococcales,g__unclassified_o__Myxococcales,s__unclassified_o__Myxococcales,OTU770,7,9.68708e-6,5.8823529411765%
d__Bacteria,k__norank_d__Bacteria,p__Acidobacteria,c__Subgroup_6,o__norank_c__Subgroup_6,f__norank_c__Subgroup_6,g__norank_c__Subgroup_6,s__unclassified_g__norank_c__Subgroup_6,OTU1144,30,4.0E-5,29.411764705882%
d__Bacteria,k__norank_d__Bacteria,p__Planctomycetes,c__Planctomycetacia,o__Gemmatales,f__Gemmataceae,g__norank_f__Gemmataceae,s__uncultured_bacterium_g__norank_f__Gemmataceae,OTU824,26,4.0E-5,23.529411764706%
d__Bacteria,k__norank_d__Bacteria,p__Chloroflexi,c__OLB14,o__norank_c__OLB14,f__norank_c__OLB14,g__norank_c__OLB14,s__uncultured_bacterium_g__norank_c__OLB14,OTU1729,184,0.00025,52.941176470588%
d__Bacteria,k__norank_d__Bacteria,p__Chloroflexi,c__KD4-96,o__norank_c__KD4-96,f__norank_c__KD4-96,g__norank_c__KD4-96,s__uncultured_bacterium_g__norank_c__KD4-96,OTU919,159,0.00022,58.823529411765%
d__Bacteria,k__norank_d__Bacteria,p__Planctomycetes,c__Phycisphaerae,o__Phycisphaerales,f__Phycisphaeraceae,g__SM1A02,s__unclassified_g__SM1A02,OTU1102,58,8.0E-5,11.764705882353%
d__Bacteria,k__norank_d__Bacteria,p__Actinobacteria,c__Actinobacteria,o__Solirubrobacterales,f__67-14,g__norank_f__67-14,s__uncultured_soil_bacterium_g__norank_f__67-14,OTU874,26,4.0E-5,17.647058823529%
d__Bacteria,k__norank_d__Bacteria,p__Proteobacteria,c__Gammaproteobacteria,o__Diplorickettsiales,f__Diplorickettsiaceae,g__norank_f__Diplorickettsiaceae,s__unclassified_g__norank_f__Diplorickettsiaceae,OTU1060,7,9.68708e-6,23.529411764706%
d__Bacteria,k__norank_d__Bacteria,p__Proteobacteria,c__Alphaproteobacteria,o__Rhizobiales,f__A0839,g__norank_f__A0839,s__metagenome_g__norank_f__A0839,OTU1389,11,2.0E-5,35.294117647059%
d__Bacteria,k__norank_d__Bacteria,p__Planctomycetes,c__Planctomycetacia,o__Gemmatales,f__Gemmataceae,g__norank_f__Gemmataceae,s__uncultured_bacterium_g__norank_f__Gemmataceae,OTU953,11,2.0E-5,11.764705882353%
d__Bacteria,k__norank_d__Bacteria,p__Proteobacteria,c__Gammaproteobacteria,o__R7C24,f__norank_o__R7C24,g__norank_o__R7C24,s__uncultured_gamma_proteobacterium_g__norank_o__R7C24,OTU684,3,4.15161e-6,5.8823529411765%
d__Bacteria,k__norank_d__Bacteria,p__Proteobacteria,c__Alphaproteobacteria,o__Rickettsiales,f__SM2D12,g__norank_f__SM2D12,s__metagenome_g__norank_f__SM2D12,OTU1112,171,0.00024,17.647058823529%
d__Bacteria,k__norank_d__Bacteria,p__Bacteroidetes,c__Bacteroidia,o__Sphingobacteriales,f__Sphingobacteriaceae,g__unclassified_f__Sphingobacteriaceae,s__unclassified_f__Sphingobacteriaceae,OTU791,25,3.0E-5,5.8823529411765%
d__Bacteria,k__norank_d__Bacteria,p__Planctomycetes,c__Planctomycetacia,o__Gemmatales,f__Gemmataceae,g__norank_f__Gemmataceae,s__unclassified_g__norank_f__Gemmataceae,OTU1024,10,1.0E-5,23.529411764706%
d__Bacteria,k__norank_d__Bacteria,p__Verrucomicrobia,c__Verrucomicrobiae,o__Opitutales,f__Opitutaceae,g__unclassified_f__Opitutaceae,s__unclassified_f__Opitutaceae,OTU696,50,7.0E-5,23.529411764706%
d__Bacteria,k__norank_d__Bacteria,p__Proteobacteria,c__Gammaproteobacteria,o__Legionellales,f__Legionellaceae,g__Legionella,s__uncultured_bacterium_g__Legionella,OTU837,9,1.0E-5,11.764705882353%
d__Bacteria,k__norank_d__Bacteria,p__Chloroflexi,c__Anaerolineae,o__SBR1031,f__A4b,g__norank_f__A4b,s__unclassified_g__norank_f__A4b,OTU1017,2,2.76774e-6,5.8823529411765%
d__Bacteria,k__norank_d__Bacteria,p__Planctomycetes,c__Planctomycetacia,o__Gemmatales,f__Gemmataceae,g__norank_f__Gemmataceae,s__unclassified_g__norank_f__Gemmataceae,OTU1131,9,1.0E-5,35.294117647059%
d__Bacteria,k__norank_d__Bacteria,p__Proteobacteria,c__Alphaproteobacteria,o__Rickettsiales,f__SM1B06,g__norank_f__SM1B06,s__uncultured_bacterium_g__norank_f__SM1B06,OTU942,8,1.0E-5,5.8823529411765%
d__Bacteria,k__norank_d__Bacteria,p__Nitrospirae,c__Nitrospira,o__norank_c__Nitrospira,f__norank_c__Nitrospira,g__Nitrospira,s__uncultured_Nitrospira_sp._g__Nitrospira,OTU1148,467,0.00065,52.941176470588%
d__Bacteria,k__norank_d__Bacteria,p__Cyanobacteria,c__Melainabacteria,o__Vampirovibrionales,f__norank_o__Vampirovibrionales,g__norank_o__Vampirovibrionales,s__uncultured_bacterium_g__norank_o__Vampirovibrionales,OTU1110,34,5.0E-5,23.529411764706%
d__Bacteria,k__norank_d__Bacteria,p__Actinobacteria,c__Actinobacteria,o__Solirubrobacterales,f__Solirubrobacteraceae,g__Parviterribacter,s__uncultured_bacterium_g__Parviterribacter,OTU1406,130,0.00018,29.411764705882%
d__Bacteria,k__norank_d__Bacteria,p__Proteobacteria,c__Gammaproteobacteria,o__Betaproteobacteriales,f__unclassified_o__Betaproteobacteriales,g__unclassified_o__Betaproteobacteriales,s__unclassified_o__Betaproteobacteriales,OTU1074,208,0.00029,35.294117647059%
d__Bacteria,k__norank_d__Bacteria,p__Planctomycetes,c__Planctomycetacia,o__Gemmatales,f__Gemmataceae,g__norank_f__Gemmataceae,s__unclassified_g__norank_f__Gemmataceae,OTU883,83,0.00011,29.411764705882%
d__Bacteria,k__norank_d__Bacteria,p__Chloroflexi,c__OLB14,o__norank_c__OLB14,f__norank_c__OLB14,g__norank_c__OLB14,s__unclassified_g__norank_c__OLB14,OTU989,186,0.00026,23.529411764706%
d__Bacteria,k__norank_d__Bacteria,p__Actinobacteria,c__Actinobacteria,o__Frankiales,f__unclassified_o__Frankiales,g__unclassified_o__Frankiales,s__unclassified_o__Frankiales,OTU688,25,3.0E-5,23.529411764706%
d__Bacteria,k__norank_d__Bacteria,p__Chlamydiae,c__Chlamydiae,o__Chlamydiales,f__Parachlamydiaceae,g__Neochlamydia,s__uncultured_Chlamydiales_bacterium_g__Neochlamydia,OTU1731,3,4.15161e-6,5.8823529411765%
d__Bacteria,k__norank_d__Bacteria,p__Proteobacteria,c__Gammaproteobacteria,o__Betaproteobacteriales,f__Nitrosomonadaceae,g__Nitrosomonas,s__unclassified_g__Nitrosomonas,OTU699,12,2.0E-5,17.647058823529%
d__Bacteria,k__norank_d__Bacteria,p__Proteobacteria,c__Gammaproteobacteria,o__Gammaproteobacteria_Incertae_Sedis,f__unclassified_o__Gammaproteobacteria_Incertae_Sedis,g__Candidatus_Ovatusbacter,s__unclassified_g__Candidatus_Ovatusbacter,OTU1116,3,4.15161e-6,5.8823529411765%
d__Bacteria,k__norank_d__Bacteria,p__Actinobacteria,c__Actinobacteria,o__Microtrichales,f__norank_o__Microtrichales,g__norank_o__Microtrichales,s__uncultured_bacterium_g__norank_o__Microtrichales,OTU858,26,4.0E-5,11.764705882353%
d__Bacteria,k__norank_d__Bacteria,p__Chlamydiae,c__Chlamydiae,o__Chlamydiales,f__Simkaniaceae,g__norank_f__Simkaniaceae,s__unclassified_g__norank_f__Simkaniaceae,OTU794,160,0.00022,29.411764705882%
d__Bacteria,k__norank_d__Bacteria,p__Proteobacteria,c__Gammaproteobacteria,o__Betaproteobacteriales,f__Rhodocyclaceae,g__norank_f__Rhodocyclaceae,s__uncultured_Rhodocyclaceae_bacterium_g__norank_f__Rhodocyclaceae,OTU948,4,5.53547e-6,11.764705882353%
d__Bacteria,k__norank_d__Bacteria,p__Proteobacteria,c__Deltaproteobacteria,o__unclassified_c__Deltaproteobacteria,f__unclassified_c__Deltaproteobacteria,g__unclassified_c__Deltaproteobacteria,s__unclassified_c__Deltaproteobacteria,OTU1018,4,5.53547e-6,11.764705882353%
d__Bacteria,k__norank_d__Bacteria,p__Chloroflexi,c__Anaerolineae,o__SBR1031,f__A4b,g__norank_f__A4b,s__uncultured_bacterium_g__norank_f__A4b,OTU1038,23,3.0E-5,5.8823529411765%
d__Bacteria,k__norank_d__Bacteria,p__Proteobacteria,c__Deltaproteobacteria,o__Myxococcales,f__bacteriap25,g__norank_f__bacteriap25,s__unclassified_g__norank_f__bacteriap25,OTU1188,131,0.00018,11.764705882353%
d__Bacteria,k__norank_d__Bacteria,p__Gemmatimonadetes,c__Gemmatimonadetes,o__Gemmatimonadales,f__Gemmatimonadaceae,g__norank_f__Gemmatimonadaceae,s__metagenome_g__norank_f__Gemmatimonadaceae,OTU1135,765,0.00106,82.352941176471%
d__Bacteria,k__norank_d__Bacteria,p__Proteobacteria,c__Alphaproteobacteria,o__Rhizobiales,f__unclassified_o__Rhizobiales,g__unclassified_o__Rhizobiales,s__unclassified_o__Rhizobiales,OTU1108,14,2.0E-5,5.8823529411765%
d__Bacteria,k__norank_d__Bacteria,p__Proteobacteria,c__Deltaproteobacteria,o__NB1-j,f__norank_o__NB1-j,g__norank_o__NB1-j,s__unclassified_g__norank_o__NB1-j,OTU1437,139,0.00019,76.470588235294%
d__Bacteria,k__norank_d__Bacteria,p__Cyanobacteria,c__Oxyphotobacteria,o__Nostocales,f__Microcystaceae,g__Chalicogloea_CCALA_975,s__unclassified_g__Chalicogloea_CCALA_975,OTU1145,5,6.91934e-6,5.8823529411765%
d__Bacteria,k__norank_d__Bacteria,p__Proteobacteria,c__Gammaproteobacteria,o__Betaproteobacteriales,f__TRA3-20,g__norank_f__TRA3-20,s__unclassified_g__norank_f__TRA3-20,OTU907,284,0.00039,76.470588235294%
d__Bacteria,k__norank_d__Bacteria,p__Dependentiae,c__Babeliae,o__Babeliales,f__UBA12409,g__norank_f__UBA12409,s__uncultured_bacterium_g__norank_f__UBA12409,OTU992,5,6.91934e-6,17.647058823529%
d__Bacteria,k__norank_d__Bacteria,p__Cyanobacteria,c__Oxyphotobacteria,o__Limnotrichales,f__Limnotrichaceae,g__Limnothrix,s__Limnothrix_sp._B15,OTU710,4,5.53547e-6,5.8823529411765%
d__Bacteria,k__norank_d__Bacteria,p__Chlamydiae,c__Chlamydiae,o__Chlamydiales,f__Parachlamydiaceae,g__Neochlamydia,s__uncultured_bacterium_g__Neochlamydia,OTU859,2,2.76774e-6,5.8823529411765%
d__Bacteria,k__norank_d__Bacteria,p__Proteobacteria,c__Gammaproteobacteria,o__Betaproteobacteriales,f__Neisseriaceae,g__norank_f__Neisseriaceae,s__uncultured_beta_proteobacterium_g__norank_f__Neisseriaceae,OTU742,2,2.76774e-6,5.8823529411765%
d__Bacteria,k__norank_d__Bacteria,p__Actinobacteria,c__Actinobacteria,o__Gaiellales,f__norank_o__Gaiellales,g__norank_o__Gaiellales,s__uncultured_organism_g__norank_o__Gaiellales,OTU801,606,0.00084,82.352941176471%
d__Bacteria,k__norank_d__Bacteria,p__Proteobacteria,c__Alphaproteobacteria,o__Rhodospirillales,f__Magnetospirillaceae,g__norank_f__Magnetospirillaceae,s__metagenome_g__norank_f__Magnetospirillaceae,OTU1744,5,6.91934e-6,11.764705882353%
d__Bacteria,k__norank_d__Bacteria,p__Bacteroidetes,c__Bacteroidia,o__Sphingobacteriales,f__env.OPS_17,g__norank_f__env.OPS_17,s__uncultured_Bacteroidetes_bacterium_g__norank_f__env.OPS_17,OTU1138,23,3.0E-5,17.647058823529%
d__Bacteria,k__norank_d__Bacteria,p__Bacteroidetes,c__Bacteroidia,o__Sphingobacteriales,f__KD3-93,g__norank_f__KD3-93,s__metagenome_g__norank_f__KD3-93,OTU1044,90,0.00012,41.176470588235%
d__Bacteria,k__norank_d__Bacteria,p__Proteobacteria,c__Deltaproteobacteria,o__Oligoflexales,f__0319-6G20,g__norank_f__0319-6G20,s__bacterium_enrichment_culture_clone_B1262011,OTU1006,4,5.53547e-6,5.8823529411765%
d__Bacteria,k__norank_d__Bacteria,p__Cyanobacteria,c__Oxyphotobacteria,o__Chloroplast,f__norank_o__Chloroplast,g__norank_o__Chloroplast,s__unclassified_g__norank_o__Chloroplast,OTU1128,525,0.00073,64.705882352941%
d__Bacteria,k__norank_d__Bacteria,p__Proteobacteria,c__Alphaproteobacteria,o__Rickettsiales,f__AB1,g__norank_f__AB1,s__uncultured_organism_g__norank_f__AB1,OTU1023,2,2.76774e-6,5.8823529411765%
d__Bacteria,k__norank_d__Bacteria,p__Patescibacteria,c__Saccharimonadia,o__Saccharimonadales,f__norank_o__Saccharimonadales,g__norank_o__Saccharimonadales,s__uncultured_bacterium_g__norank_o__Saccharimonadales,OTU1441,3,4.15161e-6,5.8823529411765%
d__Bacteria,k__norank_d__Bacteria,p__Proteobacteria,c__Gammaproteobacteria,o__unclassified_c__Gammaproteobacteria,f__unclassified_c__Gammaproteobacteria,g__unclassified_c__Gammaproteobacteria,s__unclassified_c__Gammaproteobacteria,OTU1192,13,2.0E-5,17.647058823529%
d__Bacteria,k__norank_d__Bacteria,p__Proteobacteria,c__Gammaproteobacteria,o__unclassified_c__Gammaproteobacteria,f__unclassified_c__Gammaproteobacteria,g__unclassified_c__Gammaproteobacteria,s__unclassified_c__Gammaproteobacteria,OTU1122,21,3.0E-5,5.8823529411765%
d__Bacteria,k__norank_d__Bacteria,p__Verrucomicrobia,c__Verrucomicrobiae,o__Verrucomicrobiales,f__Verrucomicrobiaceae,g__Prosthecobacter,s__unclassified_g__Prosthecobacter,OTU994,6,8.30321e-6,29.411764705882%
d__Bacteria,k__norank_d__Bacteria,p__Proteobacteria,c__Gammaproteobacteria,o__unclassified_c__Gammaproteobacteria,f__unclassified_c__Gammaproteobacteria,g__unclassified_c__Gammaproteobacteria,s__unclassified_c__Gammaproteobacteria,OTU1182,14,2.0E-5,17.647058823529%
d__Bacteria,k__norank_d__Bacteria,p__Proteobacteria,c__Alphaproteobacteria,o__Sphingomonadales,f__Sphingomonadaceae,g__unclassified_f__Sphingomonadaceae,s__unclassified_f__Sphingomonadaceae,OTU722,72,0.0001,29.411764705882%
d__Bacteria,k__norank_d__Bacteria,p__Proteobacteria,c__Gammaproteobacteria,o__Salinisphaerales,f__Solimonadaceae,g__Panacagrimonas,s__uncultured_bacterium_g__Panacagrimonas,OTU861,8,1.0E-5,11.764705882353%
d__Bacteria,k__norank_d__Bacteria,p__Cyanobacteria,c__Oxyphotobacteria,o__Chloroplast,f__norank_o__Chloroplast,g__norank_o__Chloroplast,s__Vischeria_sp._CAUP_Q_202,OTU744,21,3.0E-5,29.411764705882%
d__Bacteria,k__norank_d__Bacteria,p__Dependentiae,c__Babeliae,o__Babeliales,f__unclassified_o__Babeliales,g__unclassified_o__Babeliales,s__unclassified_o__Babeliales,OTU926,6,8.30321e-6,11.764705882353%
d__Bacteria,k__norank_d__Bacteria,p__Bacteroidetes,c__Bacteroidia,o__Bacteroidales,f__Prevotellaceae,g__Alloprevotella,s__uncultured_bacterium_g__Alloprevotella,OTU840,7,9.68708e-6,5.8823529411765%
d__Bacteria,k__norank_d__Bacteria,p__Chloroflexi,c__TK10,o__norank_c__TK10,f__norank_c__TK10,g__norank_c__TK10,s__uncultured_bacterium_g__norank_c__TK10,OTU1754,9,1.0E-5,5.8823529411765%
d__Bacteria,k__norank_d__Bacteria,p__Acidobacteria,c__Acidobacteriia,o__Subgroup_2,f__norank_o__Subgroup_2,g__norank_o__Subgroup_2,s__uncultured_bacterium_g__norank_o__Subgroup_2,OTU1177,16,2.0E-5,29.411764705882%
d__Bacteria,k__norank_d__Bacteria,p__Proteobacteria,c__Alphaproteobacteria,o__norank_c__Alphaproteobacteria,f__norank_c__Alphaproteobacteria,g__norank_c__Alphaproteobacteria,s__metagenome_g__norank_c__Alphaproteobacteria,OTU1007,1212,0.00168,94.117647058824%
d__Bacteria,k__norank_d__Bacteria,p__Proteobacteria,c__Gammaproteobacteria,o__Betaproteobacteriales,f__Rhodocyclaceae,g__Sulfuritalea,s__uncultured_bacterium_g__Sulfuritalea,OTU1069,47,7.0E-5,5.8823529411765%
d__Bacteria,k__norank_d__Bacteria,p__Chloroflexi,c__OLB14,o__norank_c__OLB14,f__norank_c__OLB14,g__norank_c__OLB14,s__bacterium_SCGC_AG-212-C10,OTU1056,859,0.00119,94.117647058824%
d__Bacteria,k__norank_d__Bacteria,p__Proteobacteria,c__Alphaproteobacteria,o__Rhizobiales,f__Rhizobiales_Incertae_Sedis,g__Phreatobacter,s__unclassified_g__Phreatobacter,OTU1010,11,2.0E-5,35.294117647059%
d__Bacteria,k__norank_d__Bacteria,p__Chloroflexi,c__Chloroflexia,o__Thermomicrobiales,f__JG30-KF-CM45,g__norank_f__JG30-KF-CM45,s__uncultured_Chloroflexi_bacterium_g__norank_f__JG30-KF-CM45,OTU1446,18,2.0E-5,5.8823529411765%
d__Bacteria,k__norank_d__Bacteria,p__Deinococcus-Thermus,c__Deinococci,o__Thermales,f__Thermaceae,g__Meiothermus,s__Meiothermus_silvanus_DSM_9946,OTU1147,3,4.15161e-6,5.8823529411765%
d__Bacteria,k__norank_d__Bacteria,p__Actinobacteria,c__Actinobacteria,o__Microtrichales,f__norank_o__Microtrichales,g__norank_o__Microtrichales,s__metagenome_g__norank_o__Microtrichales,OTU776,22,3.0E-5,64.705882352941%
d__Bacteria,k__norank_d__Bacteria,p__Proteobacteria,c__Gammaproteobacteria,o__Betaproteobacteriales,f__TRA3-20,g__norank_f__TRA3-20,s__metagenome_g__norank_f__TRA3-20,OTU864,151,0.00021,52.941176470588%
d__Bacteria,k__norank_d__Bacteria,p__Proteobacteria,c__Gammaproteobacteria,o__Betaproteobacteriales,f__Burkholderiaceae,g__unclassified_f__Burkholderiaceae,s__unclassified_f__Burkholderiaceae,OTU752,113,0.00016,23.529411764706%
d__Bacteria,k__norank_d__Bacteria,p__Proteobacteria,c__Deltaproteobacteria,o__Bdellovibrionales,f__Bdellovibrionaceae,g__Bdellovibrio,s__unclassified_g__Bdellovibrio,OTU1197,5,6.91934e-6,17.647058823529%
d__Bacteria,k__norank_d__Bacteria,p__Bacteroidetes,c__Bacteroidia,o__Bacteroidales,f__Muribaculaceae,g__norank_f__Muribaculaceae,s__uncultured_bacterium_g__norank_f__Muribaculaceae,OTU841,3,4.15161e-6,5.8823529411765%
d__Bacteria,k__norank_d__Bacteria,p__Actinobacteria,c__Actinobacteria,o__IMCC26256,f__norank_o__IMCC26256,g__norank_o__IMCC26256,s__uncultured_Ferrimicrobium_sp._g__norank,OTU1136,33,5.0E-5,35.294117647059%
d__Bacteria,k__norank_d__Bacteria,p__Proteobacteria,c__Gammaproteobacteria,o__Diplorickettsiales,f__Diplorickettsiaceae,g__Aquicella,s__uncultured_bacterium_g__Aquicella,OTU1217,8,1.0E-5,5.8823529411765%
d__Bacteria,k__norank_d__Bacteria,p__Proteobacteria,c__Alphaproteobacteria,o__Rhizobiales,f__Beijerinckiaceae,g__unclassified_f__Beijerinckiaceae,s__unclassified_f__Beijerinckiaceae,OTU1070,28,4.0E-5,47.058823529412%
d__Bacteria,k__norank_d__Bacteria,p__Proteobacteria,c__Gammaproteobacteria,o__Betaproteobacteriales,f__Methylophilaceae,g__unclassified_f__Methylophilaceae,s__unclassified_f__Methylophilaceae,OTU1011,3,4.15161e-6,5.8823529411765%
d__Bacteria,k__norank_d__Bacteria,p__Acidobacteria,c__Acidobacteriia,o__Solibacterales,f__Solibacteraceae_Subgroup_3,g__unclassified_f__Solibacteraceae_Subgroup_3,s__unclassified_f__Solibacteraceae_Subgroup_3,OTU1772,22,3.0E-5,23.529411764706%
d__Bacteria,k__norank_d__Bacteria,p__Proteobacteria,c__Alphaproteobacteria,o__Caulobacterales,f__Hyphomonadaceae,g__norank_f__Hyphomonadaceae,s__uncultured_Maricaulis_sp._g__norank,OTU936,7,9.68708e-6,23.529411764706%
d__Bacteria,k__norank_d__Bacteria,p__Acidobacteria,c__Holophagae,o__Holophagales,f__Holophagaceae,g__Geothrix,s__uncultured_bacterium_g__Geothrix,OTU1464,12,2.0E-5,29.411764705882%
d__Bacteria,k__norank_d__Bacteria,p__Cyanobacteria,c__Melainabacteria,o__Obscuribacterales,f__norank_o__Obscuribacterales,g__norank_o__Obscuribacterales,s__uncultured_bacterium_g__norank_o__Obscuribacterales,OTU1037,14,2.0E-5,35.294117647059%
d__Bacteria,k__norank_d__Bacteria,p__Proteobacteria,c__Gammaproteobacteria,o__Acidiferrobacterales,f__Acidiferrobacteraceae,g__norank_f__Acidiferrobacteraceae,s__uncultured_bacterium_g__norank_f__Acidiferrobacteraceae,OTU1078,286,0.0004,29.411764705882%
d__Bacteria,k__norank_d__Bacteria,p__Proteobacteria,c__Deltaproteobacteria,o__Oligoflexales,f__0319-6G20,g__norank_f__0319-6G20,s__uncultured_bacterium_g__norank_f__0319-6G20,OTU777,3,4.15161e-6,11.764705882353%
d__Bacteria,k__norank_d__Bacteria,p__Proteobacteria,c__Alphaproteobacteria,o__Rhodospirillales,f__Magnetospiraceae,g__norank_f__Magnetospiraceae,s__metagenome_g__norank_f__Magnetospiraceae,OTU1196,7,9.68708e-6,29.411764705882%
d__Bacteria,k__norank_d__Bacteria,p__Verrucomicrobia,c__Verrucomicrobiae,o__Opitutales,f__Opitutaceae,g__Lacunisphaera,s__uncultured_Verrucomicrobia_bacterium_g__Lacunisphaera,OTU1202,33,5.0E-5,29.411764705882%
d__Bacteria,k__norank_d__Bacteria,p__Acidobacteria,c__Subgroup_6,o__norank_c__Subgroup_6,f__norank_c__Subgroup_6,g__norank_c__Subgroup_6,s__unclassified_g__norank_c__Subgroup_6,OTU891,125,0.00017,52.941176470588%
d__Bacteria,k__norank_d__Bacteria,p__unclassified_k__norank_d__Bacteria,c__unclassified_k__norank_d__Bacteria,o__unclassified_k__norank_d__Bacteria,f__unclassified_k__norank_d__Bacteria,g__unclassified_k__norank_d__Bacteria,s__unclassified_k__norank_d__Bacteria,OTU754,2,2.76774e-6,5.8823529411765%
d__Bacteria,k__norank_d__Bacteria,p__Cyanobacteria,c__Oxyphotobacteria,o__Chloroplast,f__norank_o__Chloroplast,g__norank_o__Chloroplast,s__Chromochloris_zofingiensis,OTU1150,9,1.0E-5,5.8823529411765%
d__Bacteria,k__norank_d__Bacteria,p__Proteobacteria,c__Gammaproteobacteria,o__Cellvibrionales,f__Porticoccaceae,g__C1-B045,s__uncultured_gamma_proteobacterium_g__C1-B045,OTU887,100,0.00014,35.294117647059%
d__Bacteria,k__norank_d__Bacteria,p__Cyanobacteria,c__Melainabacteria,o__Obscuribacterales,f__norank_o__Obscuribacterales,g__norank_o__Obscuribacterales,s__uncultured_bacterium_g__norank_o__Obscuribacterales,OTU1175,10,1.0E-5,17.647058823529%
d__Bacteria,k__norank_d__Bacteria,p__Proteobacteria,c__Deltaproteobacteria,o__Oligoflexales,f__0319-6G20,g__norank_f__0319-6G20,s__unclassified_g__norank_f__0319-6G20,OTU1218,4,5.53547e-6,11.764705882353%
d__Bacteria,k__norank_d__Bacteria,p__Proteobacteria,c__Deltaproteobacteria,o__Bdellovibrionales,f__Bdellovibrionaceae,g__Bdellovibrio,s__uncultured_bacterium_g__Bdellovibrio,OTU1020,8,1.0E-5,11.764705882353%
d__Bacteria,k__norank_d__Bacteria,p__Proteobacteria,c__Alphaproteobacteria,o__Caulobacterales,f__Hyphomonadaceae,g__SWB02,s__uncultured_bacterium_g__SWB02,OTU1488,183,0.00025,82.352941176471%
d__Bacteria,k__norank_d__Bacteria,p__Dependentiae,c__Babeliae,o__Babeliales,f__unclassified_o__Babeliales,g__unclassified_o__Babeliales,s__unclassified_o__Babeliales,OTU1080,19,3.0E-5,5.8823529411765%
d__Bacteria,k__norank_d__Bacteria,p__Proteobacteria,c__Gammaproteobacteria,o__Diplorickettsiales,f__Diplorickettsiaceae,g__Aquicella,s__unclassified_g__Aquicella,OTU1081,9,1.0E-5,5.8823529411765%
d__Bacteria,k__norank_d__Bacteria,p__Planctomycetes,c__Planctomycetacia,o__Gemmatales,f__Gemmataceae,g__norank_f__Gemmataceae,s__uncultured_bacterium_g__norank_f__Gemmataceae,OTU1795,7,9.68708e-6,23.529411764706%
d__Bacteria,k__norank_d__Bacteria,p__Cyanobacteria,c__Oxyphotobacteria,o__Chloroplast,f__norank_o__Chloroplast,g__norank_o__Chloroplast,s__Paradoxia_multiseta,OTU1199,41,6.0E-5,5.8823529411765%
d__Bacteria,k__norank_d__Bacteria,p__Dependentiae,c__Babeliae,o__Babeliales,f__Vermiphilaceae,g__norank_f__Vermiphilaceae,s__uncultured_bacterium_g__norank_f__Vermiphilaceae,OTU949,13,2.0E-5,29.411764705882%
d__Bacteria,k__norank_d__Bacteria,p__Bacteroidetes,c__Bacteroidia,o__Sphingobacteriales,f__env.OPS_17,g__norank_f__env.OPS_17,s__uncultured_bacterium_g__norank_f__env.OPS_17,OTU1203,23,3.0E-5,17.647058823529%
d__Bacteria,k__norank_d__Bacteria,p__Dependentiae,c__Babeliae,o__Babeliales,f__norank_o__Babeliales,g__norank_o__Babeliales,s__unclassified_g__norank_o__Babeliales,OTU1066,3,4.15161e-6,5.8823529411765%
d__Bacteria,k__norank_d__Bacteria,p__Proteobacteria,c__Gammaproteobacteria,o__Methylococcales,f__Methylomonaceae,g__Methyloglobulus,s__uncultured_bacterium_g__Methyloglobulus,OTU757,4,5.53547e-6,5.8823529411765%
d__Bacteria,k__norank_d__Bacteria,p__Nitrospirae,c__Nitrospira,o__norank_c__Nitrospira,f__norank_c__Nitrospira,g__Nitrospira,s__unclassified_g__Nitrospira,OTU1154,470,0.00065,23.529411764706%
d__Bacteria,k__norank_d__Bacteria,p__Chlamydiae,c__Chlamydiae,o__Chlamydiales,f__unclassified_o__Chlamydiales,g__unclassified_o__Chlamydiales,s__unclassified_o__Chlamydiales,OTU894,29,4.0E-5,17.647058823529%
d__Bacteria,k__norank_d__Bacteria,p__Bacteroidetes,c__Bacteroidia,o__Cytophagales,f__Microscillaceae,g__norank_f__Microscillaceae,s__unclassified_g__norank_f__Microscillaceae,OTU778,5,6.91934e-6,11.764705882353%
d__Bacteria,k__norank_d__Bacteria,p__Proteobacteria,c__Gammaproteobacteria,o__Diplorickettsiales,f__Diplorickettsiaceae,g__Aquicella,s__uncultured_bacterium_g__Aquicella,OTU898,74,0.0001,52.941176470588%
d__Bacteria,k__norank_d__Bacteria,p__Proteobacteria,c__Alphaproteobacteria,o__unclassified_c__Alphaproteobacteria,f__unclassified_c__Alphaproteobacteria,g__unclassified_c__Alphaproteobacteria,s__unclassified_c__Alphaproteobacteria,OTU1505,49,7.0E-5,11.764705882353%
d__Bacteria,k__norank_d__Bacteria,p__Proteobacteria,c__Deltaproteobacteria,o__Myxococcales,f__Haliangiaceae,g__Haliangium,s__unclassified_g__Haliangium,OTU1190,10,1.0E-5,11.764705882353%
d__Bacteria,k__norank_d__Bacteria,p__Verrucomicrobia,c__Verrucomicrobiae,o__Pedosphaerales,f__Pedosphaeraceae,g__norank_f__Pedosphaeraceae,s__uncultured_bacterium_g__norank_f__Pedosphaeraceae,OTU1234,2,2.76774e-6,5.8823529411765%
d__Bacteria,k__norank_d__Bacteria,p__Chlamydiae,c__Chlamydiae,o__Chlamydiales,f__Simkaniaceae,g__norank_f__Simkaniaceae,s__unclassified_g__norank_f__Simkaniaceae,OTU1085,15,2.0E-5,23.529411764706%
d__Bacteria,k__norank_d__Bacteria,p__Planctomycetes,c__OM190,o__norank_c__OM190,f__norank_c__OM190,g__norank_c__OM190,s__uncultured_bacterium_g__norank_c__OM190,OTU1088,136,0.00019,11.764705882353%
d__Bacteria,k__norank_d__Bacteria,p__Actinobacteria,c__Actinobacteria,o__Corynebacteriales,f__Mycobacteriaceae,g__Mycobacterium,s__Mycobacterium_gordonae,OTU1809,199,0.00028,64.705882352941%
d__Bacteria,k__norank_d__Bacteria,p__Proteobacteria,c__Deltaproteobacteria,o__Bdellovibrionales,f__Bdellovibrionaceae,g__Bdellovibrio,s__uncultured_bacterium_g__Bdellovibrio,OTU960,159,0.00022,82.352941176471%
d__Bacteria,k__norank_d__Bacteria,p__Acidobacteria,c__Acidobacteriia,o__Solibacterales,f__Solibacteraceae_Subgroup_3,g__Bryobacter,s__unclassified_g__Bryobacter,OTU1239,173,0.00024,41.176470588235%
d__Bacteria,k__norank_d__Bacteria,p__Verrucomicrobia,c__Verrucomicrobiae,o__Pedosphaerales,f__Pedosphaeraceae,g__norank_f__Pedosphaeraceae,s__uncultured_bacterium_g__norank_f__Pedosphaeraceae,OTU783,8,1.0E-5,23.529411764706%
d__Bacteria,k__norank_d__Bacteria,p__Proteobacteria,c__Gammaproteobacteria,o__Betaproteobacteriales,f__Nitrosomonadaceae,g__DSSD61,s__uncultured_bacterium_g__DSSD61,OTU902,436,0.0006,41.176470588235%
d__Bacteria,k__norank_d__Bacteria,p__Proteobacteria,c__Gammaproteobacteria,o__Betaproteobacteriales,f__Burkholderiaceae,g__Janthinobacterium,s__Janthinobacterium_lividum,OTU895,1222,0.00169,29.411764705882%
d__Bacteria,k__norank_d__Bacteria,p__Cyanobacteria,c__Melainabacteria,o__Obscuribacterales,f__norank_o__Obscuribacterales,g__norank_o__Obscuribacterales,s__uncultured_bacterium_g__norank_o__Obscuribacterales,OTU1506,3,4.15161e-6,5.8823529411765%
d__Bacteria,k__norank_d__Bacteria,p__Proteobacteria,c__Gammaproteobacteria,o__Betaproteobacteriales,f__Nitrosomonadaceae,g__MND1,s__unclassified_g__MND1,OTU1068,72,0.0001,82.352941176471%
d__Bacteria,k__norank_d__Bacteria,p__Proteobacteria,c__Deltaproteobacteria,o__Desulfovibrionales,f__Desulfovibrionaceae,g__Desulfovibrio,s__Desulfovibrio_vulgaris_DP4,OTU1846,5,6.91934e-6,5.8823529411765%
d__Bacteria,k__norank_d__Bacteria,p__Bacteroidetes,c__Ignavibacteria,o__OPB56,f__norank_o__OPB56,g__norank_o__OPB56,s__uncultured_bacterium_g__norank_o__OPB56,OTU1194,5,6.91934e-6,11.764705882353%
d__Bacteria,k__norank_d__Bacteria,p__Proteobacteria,c__Deltaproteobacteria,o__Oligoflexales,f__Oligoflexaceae,g__norank_f__Oligoflexaceae,s__uncultured_bacterium_g__norank_f__Oligoflexaceae,OTU781,7,9.68708e-6,17.647058823529%
d__Bacteria,k__norank_d__Bacteria,p__Armatimonadetes,c__Chthonomonadetes,o__Chthonomonadales,f__Chthonomonadaceae,g__Chthonomonas,s__unclassified_g__Chthonomonas,OTU1243,17,2.0E-5,17.647058823529%
d__Bacteria,k__norank_d__Bacteria,p__Patescibacteria,c__Microgenomatia,o__Candidatus_Levybacteria,f__norank_o__Candidatus_Levybacteria,g__norank_o__Candidatus_Levybacteria,s__uncultured_soil_bacterium_g__norank_o__Candidatus_Levybacteria,OTU1270,5,6.91934e-6,5.8823529411765%
d__Bacteria,k__norank_d__Bacteria,p__Planctomycetes,c__Phycisphaerae,o__Phycisphaerales,f__Phycisphaeraceae,g__SM1A02,s__uncultured_bacterium_g__SM1A02,OTU1101,29,4.0E-5,29.411764705882%
d__Bacteria,k__norank_d__Bacteria,p__Patescibacteria,c__Parcubacteria,o__Candidatus_Kaiserbacteria,f__norank_o__Candidatus_Kaiserbacteria,g__norank_o__Candidatus_Kaiserbacteria,s__metagenome_g__norank_o__Candidatus_Kaiserbacteria,OTU962,10,1.0E-5,5.8823529411765%
d__Bacteria,k__norank_d__Bacteria,p__Chloroflexi,c__Chloroflexia,o__Thermomicrobiales,f__JG30-KF-CM45,g__norank_f__JG30-KF-CM45,s__unclassified_g__norank_f__JG30-KF-CM45,OTU1169,1503,0.00208,35.294117647059%
d__Bacteria,k__norank_d__Bacteria,p__Proteobacteria,c__Alphaproteobacteria,o__Rickettsiales,f__Anaplasmataceae,g__Candidatus_Xenohaliotis,s__uncultured_bacterium_g__Candidatus_Xenohaliotis,OTU792,2,2.76774e-6,5.8823529411765%
d__Bacteria,k__norank_d__Bacteria,p__Acidobacteria,c__Acidobacteriia,o__Acidobacteriales,f__norank_o__Acidobacteriales,g__norank_o__Acidobacteriales,s__unclassified_g__norank_o__Acidobacteriales,OTU906,3,4.15161e-6,5.8823529411765%
d__Bacteria,k__norank_d__Bacteria,p__Proteobacteria,c__Gammaproteobacteria,o__Betaproteobacteriales,f__Burkholderiaceae,g__unclassified_f__Burkholderiaceae,s__unclassified_f__Burkholderiaceae,OTU1090,7,9.68708e-6,11.764705882353%
d__Bacteria,k__norank_d__Bacteria,p__Proteobacteria,c__Alphaproteobacteria,o__Acetobacterales,f__Acetobacteraceae,g__unclassified_f__Acetobacteraceae,s__unclassified_f__Acetobacteraceae,OTU927,16,2.0E-5,17.647058823529%
d__Bacteria,k__norank_d__Bacteria,p__Proteobacteria,c__Gammaproteobacteria,o__Betaproteobacteriales,f__Rhodocyclaceae,g__Georgfuchsia,s__uncultured_bacterium_g__Georgfuchsia,OTU1204,29,4.0E-5,23.529411764706%
d__Bacteria,k__norank_d__Bacteria,p__Acidobacteria,c__Blastocatellia_Subgroup_4,o__Pyrinomonadales,f__Pyrinomonadaceae,g__RB41,s__uncultured_bacterium_g__RB41,OTU1022,22,3.0E-5,17.647058823529%
d__Bacteria,k__norank_d__Bacteria,p__Proteobacteria,c__Deltaproteobacteria,o__Bdellovibrionales,f__Bdellovibrionaceae,g__OM27_clade,s__unclassified_g__OM27_clade,OTU1511,3,4.15161e-6,5.8823529411765%
d__Bacteria,k__norank_d__Bacteria,p__Proteobacteria,c__Gammaproteobacteria,o__Diplorickettsiales,f__Diplorickettsiaceae,g__Aquicella,s__metagenome_g__Aquicella,OTU1071,165,0.00023,11.764705882353%
d__Bacteria,k__norank_d__Bacteria,p__Actinobacteria,c__Actinobacteria,o__Microtrichales,f__Iamiaceae,g__Iamia,s__unclassified_g__Iamia,OTU1286,2,2.76774e-6,5.8823529411765%
d__Bacteria,k__norank_d__Bacteria,p__Proteobacteria,c__Gammaproteobacteria,o__Pseudomonadales,f__Moraxellaceae,g__Acinetobacter,s__Acinetobacter_tjernbergiae,OTU1873,179,0.00025,52.941176470588%
d__Bacteria,k__norank_d__Bacteria,p__Chloroflexi,c__Chloroflexia,o__Chloroflexales,f__Roseiflexaceae,g__norank_f__Roseiflexaceae,s__unclassified_g__norank_f__Roseiflexaceae,OTU1181,21,3.0E-5,11.764705882353%
d__Bacteria,k__norank_d__Bacteria,p__Proteobacteria,c__Gammaproteobacteria,o__Steroidobacterales,f__Steroidobacteraceae,g__norank_f__Steroidobacteraceae,s__Hypsibius_dujardini_g__norank_f__Steroidobacteraceae,OTU795,265,0.00037,76.470588235294%
d__Bacteria,k__norank_d__Bacteria,p__Proteobacteria,c__Alphaproteobacteria,o__Sphingomonadales,f__Sphingomonadaceae,g__Sphingomonas,s__Sphingomonas_sp._LRR22,OTU1115,143,0.0002,41.176470588235%
d__Bacteria,k__norank_d__Bacteria,p__Proteobacteria,c__Deltaproteobacteria,o__Desulfuromonadales,f__Geobacteraceae,g__Geobacter,s__unclassified_g__Geobacter,OTU785,7,9.68708e-6,29.411764705882%
d__Bacteria,k__norank_d__Bacteria,p__Planctomycetes,c__Phycisphaerae,o__Phycisphaerales,f__Phycisphaeraceae,g__SM1A02,s__metagenome_g__SM1A02,OTU1092,38,5.0E-5,17.647058823529%
d__Bacteria,k__norank_d__Bacteria,p__Proteobacteria,c__Gammaproteobacteria,o__Betaproteobacteriales,f__unclassified_o__Betaproteobacteriales,g__unclassified_o__Betaproteobacteriales,s__unclassified_o__Betaproteobacteriales,OTU1247,10,1.0E-5,5.8823529411765%
d__Bacteria,k__norank_d__Bacteria,p__Bacteroidetes,c__Bacteroidia,o__Cytophagales,f__Cytophagaceae,g__Cytophaga,s__uncultured_bacterium_g__Cytophaga,OTU1206,4,5.53547e-6,5.8823529411765%
d__Bacteria,k__norank_d__Bacteria,p__Acidobacteria,c__Acidobacteriia,o__Solibacterales,f__Solibacteraceae_Subgroup_3,g__Candidatus_Solibacter,s__uncultured_bacterium_g__Candidatus_Solibacter,OTU1207,2,2.76774e-6,5.8823529411765%
d__Bacteria,k__norank_d__Bacteria,p__Proteobacteria,c__Alphaproteobacteria,o__Rhizobiales,f__Hyphomicrobiaceae,g__Hyphomicrobium,s__unclassified_g__Hyphomicrobium,OTU1522,1195,0.00165,100%
d__Bacteria,k__norank_d__Bacteria,p__Firmicutes,c__Bacilli,o__Bacillales,f__Planococcaceae,g__Lysinibacillus,s__unclassified_g__Lysinibacillus,OTU918,23,3.0E-5,23.529411764706%
d__Bacteria,k__norank_d__Bacteria,p__Proteobacteria,c__Deltaproteobacteria,o__Bdellovibrionales,f__Bdellovibrionaceae,g__Bdellovibrio,s__metagenome_g__Bdellovibrio,OTU1033,8,1.0E-5,17.647058823529%
d__Bacteria,k__norank_d__Bacteria,p__Proteobacteria,c__Deltaproteobacteria,o__Oligoflexales,f__Oligoflexaceae,g__Oligoflexus,s__unclassified_g__Oligoflexus,OTU951,35,5.0E-5,23.529411764706%
d__Bacteria,k__norank_d__Bacteria,p__Proteobacteria,c__Alphaproteobacteria,o__Rhodobacterales,f__Rhodobacteraceae,g__Rhodobacter,s__uncultured_bacterium_g__Rhodobacter,OTU1878,2105,0.00291,58.823529411765%
d__Bacteria,k__norank_d__Bacteria,p__Proteobacteria,c__Gammaproteobacteria,o__Diplorickettsiales,f__Diplorickettsiaceae,g__norank_f__Diplorickettsiaceae,s__unclassified_g__norank_f__Diplorickettsiaceae,OTU965,4,5.53547e-6,5.8823529411765%
d__Bacteria,k__norank_d__Bacteria,p__Proteobacteria,c__Deltaproteobacteria,o__Bdellovibrionales,f__Bdellovibrionaceae,g__Bdellovibrio,s__Bdellovibrio_sp._oral_clone_CA006,OTU1228,8,1.0E-5,17.647058823529%
d__Bacteria,k__norank_d__Bacteria,p__Proteobacteria,c__Gammaproteobacteria,o__unclassified_c__Gammaproteobacteria,f__unclassified_c__Gammaproteobacteria,g__unclassified_c__Gammaproteobacteria,s__unclassified_c__Gammaproteobacteria,OTU1073,21,3.0E-5,11.764705882353%
d__Bacteria,k__norank_d__Bacteria,p__Proteobacteria,c__Alphaproteobacteria,o__Paracaedibacterales,f__Paracaedibacteraceae,g__Candidatus_Captivus,s__unclassified_g__Candidatus_Captivus,OTU1097,2,2.76774e-6,5.8823529411765%
d__Bacteria,k__norank_d__Bacteria,p__Planctomycetes,c__Planctomycetacia,o__Gemmatales,f__Gemmataceae,g__norank_f__Gemmataceae,s__unclassified_g__norank_f__Gemmataceae,OTU827,11,2.0E-5,29.411764705882%
d__Bacteria,k__norank_d__Bacteria,p__Cyanobacteria,c__Melainabacteria,o__Vampirovibrionales,f__norank_o__Vampirovibrionales,g__norank_o__Vampirovibrionales,s__uncultured_bacterium_g__norank_o__Vampirovibrionales,OTU1294,16,2.0E-5,5.8823529411765%
d__Bacteria,k__norank_d__Bacteria,p__Proteobacteria,c__Gammaproteobacteria,o__Pseudomonadales,f__Pseudomonadaceae,g__Pseudomonas,s__unclassified_g__Pseudomonas,OTU1127,314,0.00043,70.588235294118%
d__Bacteria,k__norank_d__Bacteria,p__Proteobacteria,c__Gammaproteobacteria,o__unclassified_c__Gammaproteobacteria,f__unclassified_c__Gammaproteobacteria,g__unclassified_c__Gammaproteobacteria,s__unclassified_c__Gammaproteobacteria,OTU1251,52,7.0E-5,17.647058823529%
d__Bacteria,k__norank_d__Bacteria,p__Acidobacteria,c__Blastocatellia_Subgroup_4,o__11-24,f__norank_o__11-24,g__norank_o__11-24,s__uncultured_bacterium_g__norank_o__11-24,OTU1039,188,0.00026,82.352941176471%
d__Bacteria,k__norank_d__Bacteria,p__Proteobacteria,c__Deltaproteobacteria,o__SAR324_cladeMarine_group_B,f__norank_o__SAR324_cladeMarine_group_B,g__norank_o__SAR324_cladeMarine_group_B,s__unclassified_g__norank_o__SAR324_cladeMarine_group_B,OTU1350,44,6.0E-5,17.647058823529%
d__Bacteria,k__norank_d__Bacteria,p__Actinobacteria,c__Actinobacteria,o__Microtrichales,f__norank_o__Microtrichales,g__norank_o__Microtrichales,s__uncultured_bacterium_g__norank_o__Microtrichales,OTU1884,62,9.0E-5,41.176470588235%
d__Bacteria,k__norank_d__Bacteria,p__Patescibacteria,c__Parcubacteria,o__Candidatus_Kaiserbacteria,f__norank_o__Candidatus_Kaiserbacteria,g__norank_o__Candidatus_Kaiserbacteria,s__uncultured_bacterium_g__norank_o__Candidatus_Kaiserbacteria,OTU1543,6,8.30321e-6,5.8823529411765%
d__Bacteria,k__norank_d__Bacteria,p__Planctomycetes,c__Planctomycetacia,o__Gemmatales,f__Gemmataceae,g__norank_f__Gemmataceae,s__unclassified_g__norank_f__Gemmataceae,OTU1244,8,1.0E-5,17.647058823529%
d__Bacteria,k__norank_d__Bacteria,p__Bacteroidetes,c__Bacteroidia,o__Chitinophagales,f__Chitinophagaceae,g__Lacibacter,s__uncultured_bacterium_g__Lacibacter,OTU993,74,0.0001,47.058823529412%
d__Bacteria,k__norank_d__Bacteria,p__Proteobacteria,c__Gammaproteobacteria,o__Betaproteobacteriales,f__Methylophilaceae,g__Methylophilus,s__unclassified_g__Methylophilus,OTU1212,125,0.00017,35.294117647059%
d__Bacteria,k__norank_d__Bacteria,p__Actinobacteria,c__Actinobacteria,o__Micrococcales,f__Microbacteriaceae,g__Microbacterium,s__Microbacterium_oxydans_g__Microbacterium,OTU920,1225,0.0017,100%
d__Bacteria,k__norank_d__Bacteria,p__Acidobacteria,c__Subgroup_22,o__norank_c__Subgroup_22,f__norank_c__Subgroup_22,g__norank_c__Subgroup_22,s__uncultured_organism_g__norank_c__Subgroup_22,OTU1093,49,7.0E-5,52.941176470588%
d__Bacteria,k__norank_d__Bacteria,p__Chloroflexi,c__JG30-KF-CM66,o__norank_c__JG30-KF-CM66,f__norank_c__JG30-KF-CM66,g__norank_c__JG30-KF-CM66,s__metagenome_g__norank_c__JG30-KF-CM66,OTU972,23,3.0E-5,23.529411764706%
d__Bacteria,k__norank_d__Bacteria,p__Armatimonadetes,c__Fimbriimonadia,o__Fimbriimonadales,f__Fimbriimonadaceae,g__norank_f__Fimbriimonadaceae,s__uncultured_bacterium_g__norank_f__Fimbriimonadaceae,OTU868,6,8.30321e-6,5.8823529411765%
d__Bacteria,k__norank_d__Bacteria,p__Proteobacteria,c__Alphaproteobacteria,o__Paracaedibacterales,f__Paracaedibacteraceae,g__Candidatus_Paracaedibacter,s__uncultured_bacterium_g__Candidatus_Paracaedibacter,OTU1098,8,1.0E-5,17.647058823529%
d__Bacteria,k__norank_d__Bacteria,p__Cyanobacteria,c__Oxyphotobacteria,o__Chloroplast,f__norank_o__Chloroplast,g__norank_o__Chloroplast,s__Pseudomuriella_schumacherensis,OTU1134,13,2.0E-5,11.764705882353%
d__Bacteria,k__norank_d__Bacteria,p__Acidobacteria,c__Blastocatellia_Subgroup_4,o__unclassified_c__Blastocatellia_Subgroup_4,f__unclassified_c__Blastocatellia_Subgroup_4,g__unclassified_c__Blastocatellia_Subgroup_4,s__unclassified_c__Blastocatellia_Subgroup_4,OTU853,5,6.91934e-6,23.529411764706%
d__Bacteria,k__norank_d__Bacteria,p__Chloroflexi,c__Anaerolineae,o__SBR1031,f__A4b,g__norank_f__A4b,s__unclassified_g__norank_f__A4b,OTU1295,62,9.0E-5,17.647058823529%
d__Bacteria,k__norank_d__Bacteria,p__Bacteroidetes,c__Bacteroidia,o__Chitinophagales,f__Saprospiraceae,g__norank_f__Saprospiraceae,s__uncultured_soil_bacterium_g__norank_f__Saprospiraceae,OTU1271,8,1.0E-5,29.411764705882%
d__Bacteria,k__norank_d__Bacteria,p__Proteobacteria,c__Gammaproteobacteria,o__Cellvibrionales,f__Cellvibrionaceae,g__Cellvibrio,s__unclassified_g__Cellvibrio,OTU1359,3,4.15161e-6,11.764705882353%
d__Bacteria,k__norank_d__Bacteria,p__Proteobacteria,c__Alphaproteobacteria,o__Parvibaculales,f__Parvibaculaceae,g__Parvibaculum,s__uncultured_Parvibaculum_sp._g__Parvibaculum,OTU1890,42,6.0E-5,17.647058823529%
d__Bacteria,k__norank_d__Bacteria,p__Proteobacteria,c__Gammaproteobacteria,o__Betaproteobacteriales,f__Rhodocyclaceae,g__unclassified_f__Rhodocyclaceae,s__unclassified_f__Rhodocyclaceae,OTU1053,2185,0.00302,17.647058823529%
d__Bacteria,k__norank_d__Bacteria,p__Proteobacteria,c__Gammaproteobacteria,o__Betaproteobacteriales,f__Nitrosomonadaceae,g__Nitrosomonas,s__unclassified_g__Nitrosomonas,OTU921,29,4.0E-5,58.823529411765%
d__Bacteria,k__norank_d__Bacteria,p__Cyanobacteria,c__Oxyphotobacteria,o__Chloroplast,f__norank_o__Chloroplast,g__norank_o__Chloroplast,s__unclassified_g__norank_o__Chloroplast,OTU1256,5,6.91934e-6,11.764705882353%
d__Bacteria,k__norank_d__Bacteria,p__Proteobacteria,c__Alphaproteobacteria,o__Rhizobiales,f__A0839,g__norank_f__A0839,s__uncultured_bacterium_g__norank_f__A0839,OTU1546,4,5.53547e-6,11.764705882353%
d__Bacteria,k__norank_d__Bacteria,p__Proteobacteria,c__Deltaproteobacteria,o__unclassified_c__Deltaproteobacteria,f__unclassified_c__Deltaproteobacteria,g__unclassified_c__Deltaproteobacteria,s__unclassified_c__Deltaproteobacteria,OTU1103,8,1.0E-5,11.764705882353%
d__Bacteria,k__norank_d__Bacteria,p__Proteobacteria,c__Alphaproteobacteria,o__Rickettsiales,f__Midichloriaceae,g__unclassified_f__Midichloriaceae,s__unclassified_f__Midichloriaceae,OTU997,3,4.15161e-6,5.8823529411765%
d__Bacteria,k__norank_d__Bacteria,p__Acidobacteria,c__Acidobacteriia,o__Solibacterales,f__Solibacteraceae_Subgroup_3,g__unclassified_f__Solibacteraceae_Subgroup_3,s__unclassified_f__Solibacteraceae_Subgroup_3,OTU1221,7,9.68708e-6,17.647058823529%
d__Bacteria,k__norank_d__Bacteria,p__Chloroflexi,c__Anaerolineae,o__Caldilineales,f__Caldilineaceae,g__norank_f__Caldilineaceae,s__uncultured_bacterium_g__norank_f__Caldilineaceae,OTU1312,175,0.00024,5.8823529411765%
d__Bacteria,k__norank_d__Bacteria,p__Proteobacteria,c__Gammaproteobacteria,o__Diplorickettsiales,f__Diplorickettsiaceae,g__Aquicella,s__unclassified_g__Aquicella,OTU1111,6,8.30321e-6,11.764705882353%
d__Bacteria,k__norank_d__Bacteria,p__Proteobacteria,c__Deltaproteobacteria,o__Bdellovibrionales,f__Bdellovibrionaceae,g__Bdellovibrio,s__metagenome_g__Bdellovibrio,OTU980,3,4.15161e-6,5.8823529411765%
d__Bacteria,k__norank_d__Bacteria,p__Chloroflexi,c__Anaerolineae,o__Caldilineales,f__Caldilineaceae,g__norank_f__Caldilineaceae,s__uncultured_bacterium_g__norank_f__Caldilineaceae,OTU1297,93,0.00013,58.823529411765%
d__Bacteria,k__norank_d__Bacteria,p__Planctomycetes,c__Planctomycetacia,o__Isosphaerales,f__Isosphaeraceae,g__Singulisphaera,s__uncultured_bacterium_g__Singulisphaera,OTU1170,7,9.68708e-6,23.529411764706%
d__Bacteria,k__norank_d__Bacteria,p__Bacteroidetes,c__Bacteroidia,o__Bacteroidales,f__Marinifilaceae,g__Odoribacter,s__unclassified_g__Odoribacter,OTU877,2,2.76774e-6,5.8823529411765%
d__Bacteria,k__norank_d__Bacteria,p__Proteobacteria,c__Alphaproteobacteria,o__norank_c__Alphaproteobacteria,f__norank_c__Alphaproteobacteria,g__norank_c__Alphaproteobacteria,s__unclassified_g__norank_c__Alphaproteobacteria,OTU1962,116,0.00016,29.411764705882%
d__Bacteria,k__norank_d__Bacteria,p__Firmicutes,c__Bacilli,o__Bacillales,f__Bacillaceae,g__Bacillus,s__unclassified_g__Bacillus,OTU854,213,0.00029,82.352941176471%
d__Bacteria,k__norank_d__Bacteria,p__Proteobacteria,c__Alphaproteobacteria,o__Rhodospirillales,f__Rhodospirillaceae,g__norank_f__Rhodospirillaceae,s__uncultured_bacterium_g__norank_f__Rhodospirillaceae,OTU941,39,5.0E-5,52.941176470588%
d__Bacteria,k__norank_d__Bacteria,p__Proteobacteria,c__Gammaproteobacteria,o__Betaproteobacteriales,f__unclassified_o__Betaproteobacteriales,g__unclassified_o__Betaproteobacteriales,s__unclassified_o__Betaproteobacteriales,OTU1369,9,1.0E-5,23.529411764706%
d__Bacteria,k__norank_d__Bacteria,p__Chloroflexi,c__TK10,o__norank_c__TK10,f__norank_c__TK10,g__norank_c__TK10,s__unclassified_g__norank_c__TK10,OTU1301,9,1.0E-5,5.8823529411765%
d__Bacteria,k__norank_d__Bacteria,p__Chlamydiae,c__Chlamydiae,o__Chlamydiales,f__cvE6,g__norank_f__cvE6,s__uncultured_bacterium_g__norank_f__cvE6,OTU1557,29,4.0E-5,5.8823529411765%
d__Bacteria,k__norank_d__Bacteria,p__Proteobacteria,c__Deltaproteobacteria,o__Bdellovibrionales,f__Bdellovibrionaceae,g__Bdellovibrio,s__unclassified_g__Bdellovibrio,OTU1013,2,2.76774e-6,11.764705882353%
d__Bacteria,k__norank_d__Bacteria,p__Proteobacteria,c__Deltaproteobacteria,o__Myxococcales,f__P3OB-42,g__norank_f__P3OB-42,s__uncultured_Stigmatella_sp.,OTU1055,3,4.15161e-6,11.764705882353%
d__Bacteria,k__norank_d__Bacteria,p__Chlamydiae,c__Chlamydiae,o__Chlamydiales,f__Parachlamydiaceae,g__Neochlamydia,s__unclassified_g__Neochlamydia,OTU1241,2,2.76774e-6,11.764705882353%
d__Bacteria,k__norank_d__Bacteria,p__Proteobacteria,c__Gammaproteobacteria,o__Betaproteobacteriales,f__Gallionellaceae,g__Gallionella,s__unclassified_g__Gallionella,OTU1121,13,2.0E-5,11.764705882353%
d__Bacteria,k__norank_d__Bacteria,p__Proteobacteria,c__Alphaproteobacteria,o__norank_c__Alphaproteobacteria,f__norank_c__Alphaproteobacteria,g__norank_c__Alphaproteobacteria,s__unclassified_g__norank_c__Alphaproteobacteria,OTU1328,12,2.0E-5,17.647058823529%
d__Bacteria,k__norank_d__Bacteria,p__Nitrospirae,c__Nitrospira,o__norank_c__Nitrospira,f__norank_c__Nitrospira,g__Nitrospira,s__uncultured_soil_bacterium_g__Nitrospira,OTU985,2198,0.00304,94.117647058824%
d__Bacteria,k__norank_d__Bacteria,p__Proteobacteria,c__Gammaproteobacteria,o__Salinisphaerales,f__Solimonadaceae,g__norank_f__Solimonadaceae,s__uncultured_bacterium_g__norank_f__Solimonadaceae,OTU1589,27,4.0E-5,29.411764705882%
d__Bacteria,k__norank_d__Bacteria,p__Proteobacteria,c__Deltaproteobacteria,o__Oligoflexales,f__0319-6G20,g__norank_f__0319-6G20,s__bacterium_enrichment_culture_clone_B1262011,OTU1140,16,2.0E-5,5.8823529411765%
d__Bacteria,k__norank_d__Bacteria,p__Chloroflexi,c__Chloroflexia,o__Thermomicrobiales,f__JG30-KF-CM45,g__norank_f__JG30-KF-CM45,s__unclassified_g__norank_f__JG30-KF-CM45,OTU988,8,1.0E-5,5.8823529411765%
d__Bacteria,k__norank_d__Bacteria,p__Proteobacteria,c__Gammaproteobacteria,o__Salinisphaerales,f__Solimonadaceae,g__Nevskia,s__unclassified_g__Nevskia,OTU1215,78,0.00011,29.411764705882%
d__Bacteria,k__norank_d__Bacteria,p__Zixibacteria,c__norank_p__Zixibacteria,o__norank_p__Zixibacteria,f__norank_p__Zixibacteria,g__norank_p__Zixibacteria,s__uncultured_bacterium_g__norank_p__Zixibacteria,OTU1375,3,4.15161e-6,11.764705882353%
d__Bacteria,k__norank_d__Bacteria,p__Proteobacteria,c__Deltaproteobacteria,o__Bdellovibrionales,f__Bdellovibrionaceae,g__Bdellovibrio,s__uncultured_proteobacterium_g__Bdellovibrio,OTU1299,24,3.0E-5,41.176470588235%
d__Bacteria,k__norank_d__Bacteria,p__Proteobacteria,c__Deltaproteobacteria,o__Oligoflexales,f__0319-6G20,g__norank_f__0319-6G20,s__bacterium_enrichment_culture_clone_B1262011,OTU1058,2,2.76774e-6,11.764705882353%
d__Bacteria,k__norank_d__Bacteria,p__Acidobacteria,c__Blastocatellia_Subgroup_4,o__Blastocatellales,f__Blastocatellaceae,g__Aridibacter,s__uncultured_bacterium_g__Aridibacter,OTU1021,1405,0.00194,100%
d__Bacteria,k__norank_d__Bacteria,p__Planctomycetes,c__Phycisphaerae,o__Phycisphaerales,f__Phycisphaeraceae,g__SM1A02,s__unclassified_g__SM1A02,OTU1133,5,6.91934e-6,11.764705882353%
d__Bacteria,k__norank_d__Bacteria,p__Proteobacteria,c__Alphaproteobacteria,o__Caulobacterales,f__Parvularculaceae,g__Amphiplicatus,s__uncultured_bacterium_g__Amphiplicatus,OTU1330,9060,0.01254,35.294117647059%
d__Bacteria,k__norank_d__Bacteria,p__Chloroflexi,c__Anaerolineae,o__SBR1031,f__norank_o__SBR1031,g__norank_o__SBR1031,s__unclassified_g__norank_o__SBR1031,OTU1344,23,3.0E-5,11.764705882353%
d__Bacteria,k__norank_d__Bacteria,p__Patescibacteria,c__Parcubacteria,o__unclassified_c__Parcubacteria,f__unclassified_c__Parcubacteria,g__unclassified_c__Parcubacteria,s__unclassified_c__Parcubacteria,OTU865,6,8.30321e-6,23.529411764706%
d__Bacteria,k__norank_d__Bacteria,p__Proteobacteria,c__Deltaproteobacteria,o__Oligoflexales,f__0319-6G20,g__norank_f__0319-6G20,s__unclassified_g__norank_f__0319-6G20,OTU1003,31,4.0E-5,17.647058823529%
d__Bacteria,k__norank_d__Bacteria,p__Proteobacteria,c__Alphaproteobacteria,o__norank_c__Alphaproteobacteria,f__norank_c__Alphaproteobacteria,g__norank_c__Alphaproteobacteria,s__unclassified_g__norank_c__Alphaproteobacteria,OTU1986,389,0.00054,94.117647058824%
d__Bacteria,k__norank_d__Bacteria,p__Proteobacteria,c__Alphaproteobacteria,o__Caulobacterales,f__Parvularculaceae,g__Amphiplicatus,s__uncultured_bacterium_g__Amphiplicatus,OTU1151,407,0.00056,29.411764705882%
d__Bacteria,k__norank_d__Bacteria,p__Proteobacteria,c__Alphaproteobacteria,o__Rhizobiales,f__Hyphomicrobiaceae,g__Pedomicrobium,s__uncultured_alpha_proteobacterium_g__Pedomicrobium,OTU1262,151,0.00021,35.294117647059%
d__Bacteria,k__norank_d__Bacteria,p__Bacteroidetes,c__Bacteroidia,o__Cytophagales,f__Microscillaceae,g__norank_f__Microscillaceae,s__uncultured_bacterium_g__norank_f__Microscillaceae,OTU1223,15,2.0E-5,17.647058823529%
d__Bacteria,k__norank_d__Bacteria,p__Proteobacteria,c__Deltaproteobacteria,o__MBNT15,f__norank_o__MBNT15,g__norank_o__MBNT15,s__unclassified_g__norank_o__MBNT15,OTU1393,32,4.0E-5,17.647058823529%
d__Bacteria,k__norank_d__Bacteria,p__Proteobacteria,c__Gammaproteobacteria,o__unclassified_c__Gammaproteobacteria,f__unclassified_c__Gammaproteobacteria,g__unclassified_c__Gammaproteobacteria,s__unclassified_c__Gammaproteobacteria,OTU1035,61,8.0E-5,5.8823529411765%
d__Bacteria,k__norank_d__Bacteria,p__Planctomycetes,c__Planctomycetacia,o__Gemmatales,f__Gemmataceae,g__norank_f__Gemmataceae,s__uncultured_planctomycete_g__norank_f__Gemmataceae,OTU1029,8,1.0E-5,17.647058823529%
d__Bacteria,k__norank_d__Bacteria,p__Proteobacteria,c__Gammaproteobacteria,o__KF-JG30-C25,f__norank_o__KF-JG30-C25,g__norank_o__KF-JG30-C25,s__uncultured_bacterium_g__norank_o__KF-JG30-C25,OTU1331,10,1.0E-5,23.529411764706%
d__Bacteria,k__norank_d__Bacteria,p__Proteobacteria,c__Gammaproteobacteria,o__norank_c__Gammaproteobacteria,f__norank_c__Gammaproteobacteria,g__norank_c__Gammaproteobacteria,s__unclassified_g__norank_c__Gammaproteobacteria,OTU880,5,6.91934e-6,11.764705882353%
d__Bacteria,k__norank_d__Bacteria,p__Actinobacteria,c__Actinobacteria,o__Propionibacteriales,f__Propionibacteriaceae,g__Cutibacterium,s__Cutibacterium_acnes_g__Cutibacterium,OTU1354,4,5.53547e-6,11.764705882353%
d__Bacteria,k__norank_d__Bacteria,p__Acidobacteria,c__Subgroup_17,o__norank_c__Subgroup_17,f__norank_c__Subgroup_17,g__norank_c__Subgroup_17,s__unclassified_g__norank_c__Subgroup_17,OTU1164,10,1.0E-5,29.411764705882%
d__Bacteria,k__norank_d__Bacteria,p__Proteobacteria,c__Deltaproteobacteria,o__Oligoflexales,f__0319-6G20,g__norank_f__0319-6G20,s__unclassified_g__norank_f__0319-6G20,OTU1118,3,4.15161e-6,5.8823529411765%
d__Bacteria,k__norank_d__Bacteria,p__Proteobacteria,c__Gammaproteobacteria,o__Betaproteobacteriales,f__Nitrosomonadaceae,g__MND1,s__unclassified_g__MND1,OTU893,27,4.0E-5,47.058823529412%
d__Bacteria,k__norank_d__Bacteria,p__Patescibacteria,c__Parcubacteria,o__Candidatus_Jorgensenbacteria,f__norank_o__Candidatus_Jorgensenbacteria,g__norank_o__Candidatus_Jorgensenbacteria,s__Candidatus_Adlerbacteria_bacterium_GW2011_GWC1_50_9,OTU1305,10,1.0E-5,5.8823529411765%
d__Bacteria,k__norank_d__Bacteria,p__Chloroflexi,c__Anaerolineae,o__SBR1031,f__A4b,g__norank_f__A4b,s__uncultured_bacterium_g__norank_f__A4b,OTU1008,2,2.76774e-6,5.8823529411765%
d__Bacteria,k__norank_d__Bacteria,p__Cyanobacteria,c__Melainabacteria,o__Vampirovibrionales,f__norank_o__Vampirovibrionales,g__norank_o__Vampirovibrionales,s__uncultured_bacterium_g__norank_o__Vampirovibrionales,OTU1994,12,2.0E-5,29.411764705882%
d__Bacteria,k__norank_d__Bacteria,p__Proteobacteria,c__Alphaproteobacteria,o__Sphingomonadales,f__Sphingomonadaceae,g__Sphingomonas,s__Sphingomonas_jaspsi,OTU1160,1768,0.00245,70.588235294118%
d__Bacteria,k__norank_d__Bacteria,p__Proteobacteria,c__Deltaproteobacteria,o__Bdellovibrionales,f__Bdellovibrionaceae,g__Bdellovibrio,s__unclassified_g__Bdellovibrio,OTU1591,2,2.76774e-6,5.8823529411765%
d__Bacteria,k__norank_d__Bacteria,p__Acidobacteria,c__Subgroup_6,o__norank_c__Subgroup_6,f__norank_c__Subgroup_6,g__norank_c__Subgroup_6,s__unclassified_g__norank_c__Subgroup_6,OTU1278,12,2.0E-5,5.8823529411765%
d__Bacteria,k__norank_d__Bacteria,p__Proteobacteria,c__Gammaproteobacteria,o__Betaproteobacteriales,f__Burkholderiaceae,g__Limnobacter,s__uncultured_organism_g__Limnobacter,OTU1054,4,5.53547e-6,17.647058823529%
d__Bacteria,k__norank_d__Bacteria,p__Proteobacteria,c__Alphaproteobacteria,o__Paracaedibacterales,f__Paracaedibacteraceae,g__Candidatus_Captivus,s__Candidatus_Captivus_acidiprotistae,OTU1230,18,2.0E-5,17.647058823529%
d__Bacteria,k__norank_d__Bacteria,p__Gemmatimonadetes,c__Gemmatimonadetes,o__Gemmatimonadales,f__Gemmatimonadaceae,g__unclassified_f__Gemmatimonadaceae,s__unclassified_f__Gemmatimonadaceae,OTU1030,39,5.0E-5,17.647058823529%
d__Bacteria,k__norank_d__Bacteria,p__Proteobacteria,c__Deltaproteobacteria,o__Oligoflexales,f__Oligoflexaceae,g__norank_f__Oligoflexaceae,s__uncultured_bacterium_g__norank_f__Oligoflexaceae,OTU1358,2,2.76774e-6,5.8823529411765%
d__Bacteria,k__norank_d__Bacteria,p__Actinobacteria,c__Actinobacteria,o__Frankiales,f__Nakamurellaceae,g__Nakamurella,s__uncultured_bacterium_g__Nakamurella,OTU1401,5,6.91934e-6,11.764705882353%
d__Bacteria,k__norank_d__Bacteria,p__Proteobacteria,c__Gammaproteobacteria,o__Betaproteobacteriales,f__unclassified_o__Betaproteobacteriales,g__unclassified_o__Betaproteobacteriales,s__unclassified_o__Betaproteobacteriales,OTU1343,9,1.0E-5,5.8823529411765%
d__Bacteria,k__norank_d__Bacteria,p__Proteobacteria,c__Gammaproteobacteria,o__Betaproteobacteriales,f__SC-I-84,g__norank_f__SC-I-84,s__unclassified_g__norank_f__SC-I-84,OTU889,48,7.0E-5,35.294117647059%
d__Bacteria,k__norank_d__Bacteria,p__Proteobacteria,c__Gammaproteobacteria,o__Legionellales,f__Legionellaceae,g__Legionella,s__unclassified_g__Legionella,OTU1142,20,3.0E-5,29.411764705882%
d__Bacteria,k__norank_d__Bacteria,p__Proteobacteria,c__Gammaproteobacteria,o__Legionellales,f__Legionellaceae,g__Legionella,s__uncultured_bacterium_g__Legionella,OTU1027,5,6.91934e-6,17.647058823529%
d__Bacteria,k__norank_d__Bacteria,p__Proteobacteria,c__Gammaproteobacteria,o__Enterobacteriales,f__Enterobacteriaceae,g__Yersinia,s__Yersinia_enterocolitica_subsp._enterocolitica_g__Yersinia,OTU900,10,1.0E-5,5.8823529411765%
d__Bacteria,k__norank_d__Bacteria,p__Chlamydiae,c__Chlamydiae,o__Chlamydiales,f__Parachlamydiaceae,g__Neochlamydia,s__uncultured_bacterium_g__Neochlamydia,OTU2027,17,2.0E-5,47.058823529412%
d__Bacteria,k__norank_d__Bacteria,p__unclassified_k__norank_d__Bacteria,c__unclassified_k__norank_d__Bacteria,o__unclassified_k__norank_d__Bacteria,f__unclassified_k__norank_d__Bacteria,g__unclassified_k__norank_d__Bacteria,s__unclassified_k__norank_d__Bacteria,OTU1320,15,2.0E-5,5.8823529411765%
d__Bacteria,k__norank_d__Bacteria,p__Chlamydiae,c__Chlamydiae,o__Chlamydiales,f__cvE6,g__norank_f__cvE6,s__unclassified_g__norank_f__cvE6,OTU1184,11,2.0E-5,41.176470588235%
d__Bacteria,k__norank_d__Bacteria,p__Planctomycetes,c__OM190,o__norank_c__OM190,f__norank_c__OM190,g__norank_c__OM190,s__unclassified_g__norank_c__OM190,OTU1089,5,6.91934e-6,11.764705882353%
d__Bacteria,k__norank_d__Bacteria,p__Proteobacteria,c__Deltaproteobacteria,o__Bdellovibrionales,f__Bdellovibrionaceae,g__Bdellovibrio,s__uncultured_bacterium_g__Bdellovibrio,OTU1183,12,2.0E-5,11.764705882353%
d__Bacteria,k__norank_d__Bacteria,p__Chlamydiae,c__Chlamydiae,o__Chlamydiales,f__Simkaniaceae,g__norank_f__Simkaniaceae,s__Chlamydiales_bacterium_CRIB33,OTU1236,8,1.0E-5,17.647058823529%
d__Bacteria,k__norank_d__Bacteria,p__Proteobacteria,c__Alphaproteobacteria,o__Rhizobiales,f__A0839,g__norank_f__A0839,s__uncultured_bacterium_g__norank_f__A0839,OTU1302,1355,0.00188,82.352941176471%
d__Bacteria,k__norank_d__Bacteria,p__Proteobacteria,c__Gammaproteobacteria,o__Xanthomonadales,f__Rhodanobacteraceae,g__norank_f__Rhodanobacteraceae,s__unclassified_g__norank_f__Rhodanobacteraceae,OTU1420,31,4.0E-5,5.8823529411765%
d__Bacteria,k__norank_d__Bacteria,p__Chlamydiae,c__Chlamydiae,o__Chlamydiales,f__Simkaniaceae,g__norank_f__Simkaniaceae,s__unclassified_g__norank_f__Simkaniaceae,OTU1408,4,5.53547e-6,11.764705882353%
d__Bacteria,k__norank_d__Bacteria,p__Proteobacteria,c__Alphaproteobacteria,o__Rickettsiales,f__SM2D12,g__norank_f__SM2D12,s__metagenome_g__norank_f__SM2D12,OTU1346,123,0.00017,5.8823529411765%
d__Bacteria,k__norank_d__Bacteria,p__Dependentiae,c__Babeliae,o__Babeliales,f__unclassified_o__Babeliales,g__unclassified_o__Babeliales,s__unclassified_o__Babeliales,OTU1161,11,2.0E-5,17.647058823529%
d__Bacteria,k__norank_d__Bacteria,p__Planctomycetes,c__Planctomycetacia,o__Gemmatales,f__Gemmataceae,g__norank_f__Gemmataceae,s__uncultured_bacterium_g__norank_f__Gemmataceae,OTU1032,25,3.0E-5,17.647058823529%
d__Bacteria,k__norank_d__Bacteria,p__Bacteroidetes,c__Bacteroidia,o__Chitinophagales,f__Chitinophagaceae,g__Ferruginibacter,s__unclassified_g__Ferruginibacter,OTU1641,334,0.00046,35.294117647059%
d__Bacteria,k__norank_d__Bacteria,p__Dependentiae,c__Babeliae,o__Babeliales,f__unclassified_o__Babeliales,g__unclassified_o__Babeliales,s__unclassified_o__Babeliales,OTU924,11,2.0E-5,5.8823529411765%
d__Bacteria,k__norank_d__Bacteria,p__Proteobacteria,c__Gammaproteobacteria,o__unclassified_c__Gammaproteobacteria,f__unclassified_c__Gammaproteobacteria,g__unclassified_c__Gammaproteobacteria,s__unclassified_c__Gammaproteobacteria,OTU1048,3,4.15161e-6,5.8823529411765%
d__Bacteria,k__norank_d__Bacteria,p__Actinobacteria,c__Actinobacteria,o__norank_c__Actinobacteria,f__norank_c__Actinobacteria,g__norank_c__Actinobacteria,s__uncultured_soil_bacterium_g__norank_c__Actinobacteria,OTU2040,5,6.91934e-6,11.764705882353%
d__Bacteria,k__norank_d__Bacteria,p__Firmicutes,c__Bacilli,o__Lactobacillales,f__Lactobacillaceae,g__Lactobacillus,s__Lactobacillus_intestinalis,OTU916,6,8.30321e-6,11.764705882353%
d__Bacteria,k__norank_d__Bacteria,p__Proteobacteria,c__Alphaproteobacteria,o__Rhodospirillales,f__norank_o__Rhodospirillales,g__norank_o__Rhodospirillales,s__uncultured_Rhodospirillaceae_bacterium_g__norank_o__Rhodospirillales,OTU1187,61,8.0E-5,41.176470588235%
d__Bacteria,k__norank_d__Bacteria,p__Proteobacteria,c__Gammaproteobacteria,o__Diplorickettsiales,f__Diplorickettsiaceae,g__Aquicella,s__unclassified_g__Aquicella,OTU1325,11,2.0E-5,17.647058823529%
d__Bacteria,k__norank_d__Bacteria,p__Dependentiae,c__Babeliae,o__Babeliales,f__norank_o__Babeliales,g__norank_o__Babeliales,s__uncultured_bacterium_g__norank_o__Babeliales,OTU1348,11,2.0E-5,29.411764705882%
d__Bacteria,k__norank_d__Bacteria,p__Verrucomicrobia,c__Verrucomicrobiae,o__Chthoniobacterales,f__Chthoniobacteraceae,g__unclassified_f__Chthoniobacteraceae,s__unclassified_f__Chthoniobacteraceae,OTU1421,2,2.76774e-6,11.764705882353%
d__Bacteria,k__norank_d__Bacteria,p__Proteobacteria,c__Deltaproteobacteria,o__Oligoflexales,f__0319-6G20,g__norank_f__0319-6G20,s__unclassified_g__norank_f__0319-6G20,OTU1185,3,4.15161e-6,17.647058823529%
d__Bacteria,k__norank_d__Bacteria,p__Proteobacteria,c__Deltaproteobacteria,o__Desulfarculales,f__Desulfarculaceae,g__norank_f__Desulfarculaceae,s__unclassified_g__norank_f__Desulfarculaceae,OTU1094,230,0.00032,41.176470588235%
d__Bacteria,k__norank_d__Bacteria,p__Proteobacteria,c__Gammaproteobacteria,o__Gammaproteobacteria_Incertae_Sedis,f__unclassified_o__Gammaproteobacteria_Incertae_Sedis,g__norank_f__unclassified_o__Gammaproteobacteria_Incertae_Sedis,s__uncultured_soil_bacterium_g__norank_f__unclassified,OTU1259,23,3.0E-5,17.647058823529%
d__Bacteria,k__norank_d__Bacteria,p__Proteobacteria,c__Gammaproteobacteria,o__Pseudomonadales,f__Moraxellaceae,g__Fluviicoccus,s__metagenome_g__Fluviicoccus,OTU1418,3,4.15161e-6,5.8823529411765%
d__Bacteria,k__norank_d__Bacteria,p__Bacteroidetes,c__Bacteroidia,o__Sphingobacteriales,f__env.OPS_17,g__norank_f__env.OPS_17,s__unclassified_g__norank_f__env.OPS_17,OTU1355,3,4.15161e-6,11.764705882353%
d__Bacteria,k__norank_d__Bacteria,p__Acidobacteria,c__Acidobacteriia,o__Solibacterales,f__Solibacteraceae_Subgroup_3,g__Candidatus_Solibacter,s__unclassified_g__Candidatus_Solibacter,OTU1171,22,3.0E-5,41.176470588235%
d__Bacteria,k__norank_d__Bacteria,p__Acidobacteria,c__Holophagae,o__Subgroup_7,f__norank_o__Subgroup_7,g__norank_o__Subgroup_7,s__uncultured_bacterium_g__norank_o__Subgroup_7,OTU2056,3862,0.00534,64.705882352941%
d__Bacteria,k__norank_d__Bacteria,p__Cyanobacteria,c__Melainabacteria,o__Vampirovibrionales,f__norank_o__Vampirovibrionales,g__norank_o__Vampirovibrionales,s__uncultured_bacterium_g__norank_o__Vampirovibrionales,OTU925,3,4.15161e-6,5.8823529411765%
d__Bacteria,k__norank_d__Bacteria,p__Proteobacteria,c__Deltaproteobacteria,o__unclassified_c__Deltaproteobacteria,f__unclassified_c__Deltaproteobacteria,g__unclassified_c__Deltaproteobacteria,s__unclassified_c__Deltaproteobacteria,OTU1735,3,4.15161e-6,5.8823529411765%
d__Bacteria,k__norank_d__Bacteria,p__Planctomycetes,c__Phycisphaerae,o__Phycisphaerales,f__Phycisphaeraceae,g__SM1A02,s__unclassified_g__SM1A02,OTU944,6,8.30321e-6,11.764705882353%
d__Bacteria,k__norank_d__Bacteria,p__Chlamydiae,c__Chlamydiae,o__Chlamydiales,f__cvE6,g__norank_f__cvE6,s__uncultured_bacterium_g__norank_f__cvE6,OTU1198,9,1.0E-5,23.529411764706%
d__Bacteria,k__norank_d__Bacteria,p__Planctomycetes,c__Planctomycetacia,o__Gemmatales,f__Gemmataceae,g__norank_f__Gemmataceae,s__uncultured_Gemmata_sp._g__norank,OTU1057,18,2.0E-5,23.529411764706%
d__Bacteria,k__norank_d__Bacteria,p__Planctomycetes,c__Planctomycetacia,o__Gemmatales,f__Gemmataceae,g__norank_f__Gemmataceae,s__uncultured_bacterium_g__norank_f__Gemmataceae,OTU1034,2,2.76774e-6,5.8823529411765%
d__Bacteria,k__norank_d__Bacteria,p__Chloroflexi,c__Anaerolineae,o__Anaerolineales,f__Anaerolineaceae,g__unclassified_f__Anaerolineaceae,s__unclassified_f__Anaerolineaceae,OTU1329,3,4.15161e-6,5.8823529411765%
d__Bacteria,k__norank_d__Bacteria,p__Proteobacteria,c__Alphaproteobacteria,o__unclassified_c__Alphaproteobacteria,f__unclassified_c__Alphaproteobacteria,g__unclassified_c__Alphaproteobacteria,s__unclassified_c__Alphaproteobacteria,OTU1439,4,5.53547e-6,5.8823529411765%
d__Bacteria,k__norank_d__Bacteria,p__Proteobacteria,c__Deltaproteobacteria,o__Oligoflexales,f__0319-6G20,g__norank_f__0319-6G20,s__unclassified_g__norank_f__0319-6G20,OTU1361,2,2.76774e-6,5.8823529411765%
d__Bacteria,k__norank_d__Bacteria,p__Proteobacteria,c__Deltaproteobacteria,o__Myxococcales,f__bacteriap25,g__norank_f__bacteriap25,s__uncultured_bacterium_g__norank_f__bacteriap25,OTU1178,2,2.76774e-6,5.8823529411765%
d__Bacteria,k__norank_d__Bacteria,p__Acidobacteria,c__Acidobacteriia,o__Acidobacteriales,f__unclassified_o__Acidobacteriales,g__unclassified_o__Acidobacteriales,s__unclassified_o__Acidobacteriales,OTU1186,16,2.0E-5,11.764705882353%
d__Bacteria,k__norank_d__Bacteria,p__Proteobacteria,c__Gammaproteobacteria,o__Betaproteobacteriales,f__Burkholderiaceae,g__Rhizobacter,s__uncultured_beta_proteobacterium_g__Rhizobacter,OTU943,96,0.00013,47.058823529412%
d__Bacteria,k__norank_d__Bacteria,p__Chloroflexi,c__TK10,o__norank_c__TK10,f__norank_c__TK10,g__norank_c__TK10,s__uncultured_Chloroflexus_sp._g__norank_c__TK10,OTU1753,114,0.00016,29.411764705882%
d__Bacteria,k__norank_d__Bacteria,p__Patescibacteria,c__Parcubacteria,o__Candidatus_Kaiserbacteria,f__norank_o__Candidatus_Kaiserbacteria,g__norank_o__Candidatus_Kaiserbacteria,s__unclassified_g__norank_o__Candidatus_Kaiserbacteria,OTU1394,4,5.53547e-6,5.8823529411765%
d__Bacteria,k__norank_d__Bacteria,p__Firmicutes,c__Clostridia,o__Clostridiales,f__Ruminococcaceae,g__unclassified_f__Ruminococcaceae,s__unclassified_f__Ruminococcaceae,OTU2074,6,8.30321e-6,23.529411764706%
d__Bacteria,k__norank_d__Bacteria,p__Proteobacteria,c__Alphaproteobacteria,o__Acetobacterales,f__Acetobacteraceae,g__unclassified_f__Acetobacteraceae,s__unclassified_f__Acetobacteraceae,OTU1113,98,0.00014,52.941176470588%
d__Bacteria,k__norank_d__Bacteria,p__Planctomycetes,c__Phycisphaerae,o__Phycisphaerales,f__Phycisphaeraceae,g__norank_f__Phycisphaeraceae,s__uncultured_Bacteroidetes_bacterium_g__norank_f__Phycisphaeraceae,OTU1422,6,8.30321e-6,11.764705882353%
d__Bacteria,k__norank_d__Bacteria,p__Verrucomicrobia,c__Verrucomicrobiae,o__Opitutales,f__Opitutaceae,g__Lacunisphaera,s__uncultured_bacterium_g__Lacunisphaera,OTU1214,14,2.0E-5,29.411764705882%
d__Bacteria,k__norank_d__Bacteria,p__Elusimicrobia,c__Elusimicrobia,o__Lineage_IV,f__norank_o__Lineage_IV,g__norank_o__Lineage_IV,s__unclassified_g__norank_o__Lineage_IV,OTU956,57,8.0E-5,29.411764705882%
d__Bacteria,k__norank_d__Bacteria,p__Chlamydiae,c__Chlamydiae,o__Chlamydiales,f__Chlamydiaceae,g__norank_f__Chlamydiaceae,s__unclassified_g__norank_f__Chlamydiaceae,OTU1064,6,8.30321e-6,23.529411764706%
d__Bacteria,k__norank_d__Bacteria,p__Planctomycetes,c__OM190,o__norank_c__OM190,f__norank_c__OM190,g__norank_c__OM190,s__uncultured_bacterium_g__norank_c__OM190,OTU1272,12,2.0E-5,11.764705882353%
d__Bacteria,k__norank_d__Bacteria,p__Chlamydiae,c__Chlamydiae,o__Chlamydiales,f__Parachlamydiaceae,g__Candidatus_Protochlamydia,s__metagenome_g__Candidatus_Protochlamydia,OTU1045,13,2.0E-5,17.647058823529%
d__Bacteria,k__norank_d__Bacteria,p__Planctomycetes,c__unclassified_p__Planctomycetes,o__unclassified_p__Planctomycetes,f__unclassified_p__Planctomycetes,g__unclassified_p__Planctomycetes,s__unclassified_p__Planctomycetes,OTU1454,51,7.0E-5,5.8823529411765%
d__Bacteria,k__norank_d__Bacteria,p__Proteobacteria,c__Deltaproteobacteria,o__Bdellovibrionales,f__Bdellovibrionaceae,g__Bdellovibrio,s__uncultured_bacterium_g__Bdellovibrio,OTU1179,2,2.76774e-6,11.764705882353%
d__Bacteria,k__norank_d__Bacteria,p__Proteobacteria,c__Gammaproteobacteria,o__Diplorickettsiales,f__Diplorickettsiaceae,g__Aquicella,s__uncultured_bacterium_g__Aquicella,OTU1338,5,6.91934e-6,11.764705882353%
d__Bacteria,k__norank_d__Bacteria,p__Proteobacteria,c__Alphaproteobacteria,o__Rhodobacterales,f__Rhodobacteraceae,g__Rubellimicrobium,s__Rubellimicrobium_thermophilum,OTU1224,6,8.30321e-6,11.764705882353%
d__Bacteria,k__norank_d__Bacteria,p__Bacteroidetes,c__Ignavibacteria,o__Kryptoniales,f__BSV26,g__norank_f__BSV26,s__uncultured_bacterium_g__norank_f__BSV26,OTU2099,5,6.91934e-6,23.529411764706%
d__Bacteria,k__norank_d__Bacteria,p__Proteobacteria,c__Gammaproteobacteria,o__Betaproteobacteriales,f__Nitrosomonadaceae,g__MND1,s__uncultured_bacterium_g__MND1,OTU1367,14,2.0E-5,5.8823529411765%
d__Bacteria,k__norank_d__Bacteria,p__Proteobacteria,c__Gammaproteobacteria,o__Diplorickettsiales,f__Diplorickettsiaceae,g__Aquicella,s__uncultured_bacterium_g__Aquicella,OTU955,10,1.0E-5,17.647058823529%
d__Bacteria,k__norank_d__Bacteria,p__Firmicutes,c__Clostridia,o__Clostridiales,f__Lachnospiraceae,g__Lachnoclostridium_5,s__Clostridium]_celerecrescens,OTU1769,16,2.0E-5,29.411764705882%
d__Bacteria,k__norank_d__Bacteria,p__Dadabacteria,c__Dadabacteriia,o__Dadabacteriales,f__norank_o__Dadabacteriales,g__norank_o__Dadabacteriales,s__uncultured_bacterium_g__norank_o__Dadabacteriales,OTU1125,63,9.0E-5,17.647058823529%
d__Bacteria,k__norank_d__Bacteria,p__Proteobacteria,c__Alphaproteobacteria,o__Rickettsiales,f__Rickettsiaceae,g__norank_f__Rickettsiaceae,s__uncultured_bacterium_g__norank_f__Rickettsiaceae,OTU1461,4,5.53547e-6,5.8823529411765%
d__Bacteria,k__norank_d__Bacteria,p__Proteobacteria,c__Gammaproteobacteria,o__Steroidobacterales,f__Steroidobacteraceae,g__Steroidobacter,s__metagenome_g__Steroidobacter,OTU1403,4,5.53547e-6,5.8823529411765%
d__Bacteria,k__norank_d__Bacteria,p__Proteobacteria,c__Alphaproteobacteria,o__unclassified_c__Alphaproteobacteria,f__unclassified_c__Alphaproteobacteria,g__unclassified_c__Alphaproteobacteria,s__unclassified_c__Alphaproteobacteria,OTU1250,18,2.0E-5,47.058823529412%
d__Bacteria,k__norank_d__Bacteria,p__Proteobacteria,c__Alphaproteobacteria,o__Sphingomonadales,f__Sphingomonadaceae,g__Altererythrobacter,s__unclassified_g__Altererythrobacter,OTU1285,112,0.00015,64.705882352941%
d__Bacteria,k__norank_d__Bacteria,p__Bacteroidetes,c__Bacteroidia,o__Chitinophagales,f__Chitinophagaceae,g__norank_f__Chitinophagaceae,s__Chitinophaga_sp._WW12011,OTU1474,7,9.68708e-6,11.764705882353%
d__Bacteria,k__norank_d__Bacteria,p__Proteobacteria,c__Alphaproteobacteria,o__Rickettsiales,f__SM2D12,g__norank_f__SM2D12,s__uncultured_Hyphomicrobiaceae_bacterium_g__norank,OTU1191,18,2.0E-5,5.8823529411765%
d__Bacteria,k__norank_d__Bacteria,p__Proteobacteria,c__Alphaproteobacteria,o__unclassified_c__Alphaproteobacteria,f__unclassified_c__Alphaproteobacteria,g__unclassified_c__Alphaproteobacteria,s__unclassified_c__Alphaproteobacteria,OTU1050,4,5.53547e-6,11.764705882353%
d__Bacteria,k__norank_d__Bacteria,p__Proteobacteria,c__Alphaproteobacteria,o__Acetobacterales,f__Acetobacteraceae,g__Rhodovarius,s__uncultured_bacterium_g__Rhodovarius,OTU1072,26,4.0E-5,35.294117647059%
d__Bacteria,k__norank_d__Bacteria,p__Cyanobacteria,c__Melainabacteria,o__Obscuribacterales,f__norank_o__Obscuribacterales,g__norank_o__Obscuribacterales,s__uncultured_bacterium_g__norank_o__Obscuribacterales,OTU1340,30,4.0E-5,17.647058823529%
d__Bacteria,k__norank_d__Bacteria,p__Acidobacteria,c__Subgroup_15,o__norank_c__Subgroup_15,f__norank_c__Subgroup_15,g__norank_c__Subgroup_15,s__unclassified_g__norank_c__Subgroup_15,OTU1390,4,5.53547e-6,5.8823529411765%
d__Bacteria,k__norank_d__Bacteria,p__Proteobacteria,c__Gammaproteobacteria,o__Betaproteobacteriales,f__Burkholderiaceae,g__unclassified_f__Burkholderiaceae,s__unclassified_f__Burkholderiaceae,OTU2106,358,0.0005,47.058823529412%
d__Bacteria,k__norank_d__Bacteria,p__Proteobacteria,c__Alphaproteobacteria,o__Rickettsiales,f__Rickettsiaceae,g__unclassified_f__Rickettsiaceae,s__unclassified_f__Rickettsiaceae,OTU973,6,8.30321e-6,17.647058823529%
d__Bacteria,k__norank_d__Bacteria,p__Bacteroidetes,c__Bacteroidia,o__Chitinophagales,f__Saprospiraceae,g__norank_f__Saprospiraceae,s__uncultured_soil_bacterium_g__norank_f__Saprospiraceae,OTU1783,4,5.53547e-6,5.8823529411765%
d__Bacteria,k__norank_d__Bacteria,p__Proteobacteria,c__Gammaproteobacteria,o__Diplorickettsiales,f__Diplorickettsiaceae,g__Aquicella,s__unclassified_g__Aquicella,OTU1227,20,3.0E-5,17.647058823529%
d__Bacteria,k__norank_d__Bacteria,p__Chloroflexi,c__OLB14,o__norank_c__OLB14,f__norank_c__OLB14,g__norank_c__OLB14,s__unclassified_g__norank_c__OLB14,OTU1129,584,0.00081,41.176470588235%
d__Bacteria,k__norank_d__Bacteria,p__Dependentiae,c__Babeliae,o__Babeliales,f__UBA12409,g__norank_f__UBA12409,s__unclassified_g__norank_f__UBA12409,OTU1264,5,6.91934e-6,11.764705882353%
d__Bacteria,k__norank_d__Bacteria,p__Chloroflexi,c__Dehalococcoidia,o__SAR202_clade,f__norank_o__SAR202_clade,g__norank_o__SAR202_clade,s__unclassified_g__norank_o__SAR202_clade,OTU1291,2,2.76774e-6,5.8823529411765%
d__Bacteria,k__norank_d__Bacteria,p__Bacteroidetes,c__Bacteroidia,o__Cytophagales,f__Microscillaceae,g__norank_f__Microscillaceae,s__uncultured_bacterium_g__norank_f__Microscillaceae,OTU975,268,0.00037,41.176470588235%
d__Bacteria,k__norank_d__Bacteria,p__Patescibacteria,c__Parcubacteria,o__norank_c__Parcubacteria,f__norank_c__Parcubacteria,g__norank_c__Parcubacteria,s__uncultured_bacterium_g__norank_c__Parcubacteria,OTU1414,32,4.0E-5,47.058823529412%
d__Bacteria,k__norank_d__Bacteria,p__Proteobacteria,c__Deltaproteobacteria,o__Bdellovibrionales,f__Bdellovibrionaceae,g__Bdellovibrio,s__uncultured_bacterium_g__Bdellovibrio,OTU1200,3,4.15161e-6,11.764705882353%
d__Bacteria,k__norank_d__Bacteria,p__Gemmatimonadetes,c__Gemmatimonadetes,o__norank_c__Gemmatimonadetes,f__norank_c__Gemmatimonadetes,g__norank_c__Gemmatimonadetes,s__metagenome_g__norank_c__Gemmatimonadetes,OTU1475,8,1.0E-5,11.764705882353%
d__Bacteria,k__norank_d__Bacteria,p__Proteobacteria,c__Deltaproteobacteria,o__Oligoflexales,f__Oligoflexaceae,g__norank_f__Oligoflexaceae,s__unclassified_g__norank_f__Oligoflexaceae,OTU1477,3,4.15161e-6,5.8823529411765%
d__Bacteria,k__norank_d__Bacteria,p__Proteobacteria,c__Gammaproteobacteria,o__Diplorickettsiales,f__Diplorickettsiaceae,g__Aquicella,s__unclassified_g__Aquicella,OTU1091,46,6.0E-5,11.764705882353%
d__Bacteria,k__norank_d__Bacteria,p__Planctomycetes,c__OM190,o__norank_c__OM190,f__norank_c__OM190,g__norank_c__OM190,s__uncultured_bacterium_g__norank_c__OM190,OTU1083,6,8.30321e-6,11.764705882353%
d__Bacteria,k__norank_d__Bacteria,p__Dependentiae,c__Babeliae,o__Babeliales,f__unclassified_o__Babeliales,g__unclassified_o__Babeliales,s__unclassified_o__Babeliales,OTU1342,66,9.0E-5,35.294117647059%
d__Bacteria,k__norank_d__Bacteria,p__Bacteroidetes,c__Bacteroidia,o__Bacteroidales,f__Paludibacteraceae,g__Paludibacter,s__uncultured_bacterium_g__Paludibacter,OTU2122,27,4.0E-5,41.176470588235%
d__Bacteria,k__norank_d__Bacteria,p__Dependentiae,c__Babeliae,o__Babeliales,f__norank_o__Babeliales,g__norank_o__Babeliales,s__metagenome_g__norank_o__Babeliales,OTU1391,9,1.0E-5,17.647058823529%
d__Bacteria,k__norank_d__Bacteria,p__Chlamydiae,c__Chlamydiae,o__Chlamydiales,f__cvE6,g__norank_f__cvE6,s__uncultured_bacterium_g__norank_f__cvE6,OTU1790,103,0.00014,23.529411764706%
d__Bacteria,k__norank_d__Bacteria,p__Proteobacteria,c__Deltaproteobacteria,o__Oligoflexales,f__0319-6G20,g__norank_f__0319-6G20,s__unclassified_g__norank_f__0319-6G20,OTU1265,4,5.53547e-6,5.8823529411765%
d__Bacteria,k__norank_d__Bacteria,p__Proteobacteria,c__Deltaproteobacteria,o__MBNT15,f__norank_o__MBNT15,g__norank_o__MBNT15,s__unclassified_g__norank_o__MBNT15,OTU1275,102,0.00014,100%
d__Bacteria,k__norank_d__Bacteria,p__Firmicutes,c__Bacilli,o__Bacillales,f__norank_o__Bacillales,g__norank_o__Bacillales,s__uncultured_bacterium_g__norank_o__Bacillales,OTU1146,8,1.0E-5,23.529411764706%
d__Bacteria,k__norank_d__Bacteria,p__Actinobacteria,c__Actinobacteria,o__Microtrichales,f__Ilumatobacteraceae,g__CL500-29_marine_group,s__metagenome_g__CL500-29_marine_group,OTU1308,103,0.00014,52.941176470588%
d__Bacteria,k__norank_d__Bacteria,p__Patescibacteria,c__Gracilibacteria,o__Candidatus_Peribacteria,f__norank_o__Candidatus_Peribacteria,g__norank_o__Candidatus_Peribacteria,s__uncultured_bacterium_g__norank_o__Candidatus_Peribacteria,OTU1482,4,5.53547e-6,5.8823529411765%
d__Bacteria,k__norank_d__Bacteria,p__Planctomycetes,c__Planctomycetacia,o__Gemmatales,f__Gemmataceae,g__norank_f__Gemmataceae,s__unclassified_g__norank_f__Gemmataceae,OTU977,9,1.0E-5,11.764705882353%
d__Bacteria,k__norank_d__Bacteria,p__Proteobacteria,c__Deltaproteobacteria,o__Desulfarculales,f__Desulfarculaceae,g__norank_f__Desulfarculaceae,s__unclassified_g__norank_f__Desulfarculaceae,OTU1490,2,2.76774e-6,5.8823529411765%
d__Bacteria,k__norank_d__Bacteria,p__Proteobacteria,c__Gammaproteobacteria,o__Betaproteobacteriales,f__Rhodocyclaceae,g__Dechloromonas,s__uncultured_bacterium_g__Dechloromonas,OTU1141,134,0.00019,76.470588235294%
d__Bacteria,k__norank_d__Bacteria,p__Planctomycetes,c__Phycisphaerae,o__Phycisphaerales,f__Phycisphaeraceae,g__SM1A02,s__metagenome_g__SM1A02,OTU1095,14,2.0E-5,23.529411764706%
d__Bacteria,k__norank_d__Bacteria,p__Planctomycetes,c__OM190,o__norank_c__OM190,f__norank_c__OM190,g__norank_c__OM190,s__uncultured_bacterium_g__norank_c__OM190,OTU984,10,1.0E-5,11.764705882353%
d__Bacteria,k__norank_d__Bacteria,p__Proteobacteria,c__Gammaproteobacteria,o__Betaproteobacteriales,f__Nitrosomonadaceae,g__oc32,s__unclassified_g__oc32,OTU1345,9,1.0E-5,35.294117647059%
d__Bacteria,k__norank_d__Bacteria,p__Actinobacteria,c__Actinobacteria,o__Corynebacteriales,f__Nocardiaceae,g__Nocardia,s__Nocardia_asteroides,OTU1430,11,2.0E-5,47.058823529412%
d__Bacteria,k__norank_d__Bacteria,p__Chloroflexi,c__Anaerolineae,o__RBG-13-54-9,f__norank_o__RBG-13-54-9,g__norank_o__RBG-13-54-9,s__unclassified_g__norank_o__RBG-13-54-9,OTU2152,9,1.0E-5,35.294117647059%
d__Bacteria,k__norank_d__Bacteria,p__Entotheonellaeota,c__Entotheonellia,o__Entotheonellales,f__Entotheonellaceae,g__norank_f__Entotheonellaceae,s__uncultured_bacterium_g__norank_f__Entotheonellaceae,OTU1447,35,5.0E-5,5.8823529411765%
d__Bacteria,k__norank_d__Bacteria,p__Bacteroidetes,c__Bacteroidia,o__Sphingobacteriales,f__Sphingobacteriaceae,g__Sphingobacterium,s__Sphingobacterium_psychroaquaticum,OTU1807,21,3.0E-5,5.8823529411765%
d__Bacteria,k__norank_d__Bacteria,p__Patescibacteria,c__Saccharimonadia,o__Saccharimonadales,f__norank_o__Saccharimonadales,g__norank_o__Saccharimonadales,s__unclassified_g__norank_o__Saccharimonadales,OTU1314,13,2.0E-5,5.8823529411765%
d__Bacteria,k__norank_d__Bacteria,p__Dependentiae,c__Babeliae,o__Babeliales,f__Vermiphilaceae,g__norank_f__Vermiphilaceae,s__uncultured_bacterium_g__norank_f__Vermiphilaceae,OTU1486,2,2.76774e-6,11.764705882353%
d__Bacteria,k__norank_d__Bacteria,p__Acidobacteria,c__Blastocatellia_Subgroup_4,o__Blastocatellales,f__Blastocatellaceae,g__JGI_0001001-H03,s__uncultured_Acidobacteria_bacterium_g__JGI_0001001-H03,OTU1158,8770,0.01214,82.352941176471%
d__Bacteria,k__norank_d__Bacteria,p__Proteobacteria,c__Deltaproteobacteria,o__Myxococcales,f__bacteriap25,g__norank_f__bacteriap25,s__unclassified_g__norank_f__bacteriap25,OTU1267,4,5.53547e-6,11.764705882353%
d__Bacteria,k__norank_d__Bacteria,p__Acidobacteria,c__Acidobacteriia,o__Solibacterales,f__Solibacteraceae_Subgroup_3,g__Bryobacter,s__Acidobacteria_bacterium_IGE-015,OTU978,53,7.0E-5,35.294117647059%
d__Bacteria,k__norank_d__Bacteria,p__Planctomycetes,c__Phycisphaerae,o__Phycisphaerales,f__Phycisphaeraceae,g__SM1A02,s__metagenome_g__SM1A02,OTU1497,17,2.0E-5,5.8823529411765%
d__Bacteria,k__norank_d__Bacteria,p__Patescibacteria,c__Saccharimonadia,o__Saccharimonadales,f__norank_o__Saccharimonadales,g__norank_o__Saccharimonadales,s__unclassified_g__norank_o__Saccharimonadales,OTU1315,26,4.0E-5,5.8823529411765%
d__Bacteria,k__norank_d__Bacteria,p__Chloroflexi,c__JG30-KF-CM66,o__norank_c__JG30-KF-CM66,f__norank_c__JG30-KF-CM66,g__norank_c__JG30-KF-CM66,s__unclassified_g__norank_c__JG30-KF-CM66,OTU1119,121,0.00017,17.647058823529%
d__Bacteria,k__norank_d__Bacteria,p__Verrucomicrobia,c__Verrucomicrobiae,o__Pedosphaerales,f__Pedosphaeraceae,g__norank_f__Pedosphaeraceae,s__uncultured_bacterium_g__norank_f__Pedosphaeraceae,OTU1162,4,5.53547e-6,11.764705882353%
d__Bacteria,k__norank_d__Bacteria,p__Proteobacteria,c__Gammaproteobacteria,o__unclassified_c__Gammaproteobacteria,f__unclassified_c__Gammaproteobacteria,g__unclassified_c__Gammaproteobacteria,s__unclassified_c__Gammaproteobacteria,OTU1016,15,2.0E-5,5.8823529411765%
d__Bacteria,k__norank_d__Bacteria,p__Chloroflexi,c__Chloroflexia,o__Thermomicrobiales,f__JG30-KF-CM45,g__norank_f__JG30-KF-CM45,s__unclassified_g__norank_f__JG30-KF-CM45,OTU1220,10,1.0E-5,11.764705882353%
d__Bacteria,k__norank_d__Bacteria,p__Acidobacteria,c__Blastocatellia_Subgroup_4,o__11-24,f__norank_o__11-24,g__norank_o__11-24,s__uncultured_Acidobacteria_bacterium_g__norank_o__11-24,OTU1356,399,0.00055,64.705882352941%
d__Bacteria,k__norank_d__Bacteria,p__Planctomycetes,c__Planctomycetacia,o__Isosphaerales,f__Isosphaeraceae,g__Singulisphaera,s__uncultured_bacterium_g__Singulisphaera,OTU1826,74,0.0001,17.647058823529%
d__Bacteria,k__norank_d__Bacteria,p__Proteobacteria,c__Gammaproteobacteria,o__unclassified_c__Gammaproteobacteria,f__unclassified_c__Gammaproteobacteria,g__unclassified_c__Gammaproteobacteria,s__unclassified_c__Gammaproteobacteria,OTU1382,15,2.0E-5,5.8823529411765%
d__Bacteria,k__norank_d__Bacteria,p__Chloroflexi,c__unclassified_p__Chloroflexi,o__unclassified_p__Chloroflexi,f__unclassified_p__Chloroflexi,g__unclassified_p__Chloroflexi,s__unclassified_p__Chloroflexi,OTU1453,13,2.0E-5,5.8823529411765%
d__Bacteria,k__norank_d__Bacteria,p__Firmicutes,c__Clostridia,o__Clostridiales,f__Christensenellaceae,g__Christensenellaceae_R-7_group,s__bacterium_enrichment_culture_clone_DPF35,OTU2160,445,0.00062,47.058823529412%
d__Bacteria,k__norank_d__Bacteria,p__Bacteroidetes,c__Bacteroidia,o__Chitinophagales,f__Chitinophagaceae,g__Terrimonas,s__unclassified_g__Terrimonas,OTU1159,5,6.91934e-6,11.764705882353%
d__Bacteria,k__norank_d__Bacteria,p__Proteobacteria,c__Deltaproteobacteria,o__Bdellovibrionales,f__Bdellovibrionaceae,g__Bdellovibrio,s__uncultured_bacterium_g__Bdellovibrio,OTU1042,5,6.91934e-6,5.8823529411765%
d__Bacteria,k__norank_d__Bacteria,p__Cyanobacteria,c__Melainabacteria,o__Obscuribacterales,f__norank_o__Obscuribacterales,g__norank_o__Obscuribacterales,s__uncultured_bacterium_g__norank_o__Obscuribacterales,OTU1510,4,5.53547e-6,23.529411764706%
d__Bacteria,k__norank_d__Bacteria,p__Chloroflexi,c__Anaerolineae,o__SBR1031,f__A4b,g__norank_f__A4b,s__unclassified_g__norank_f__A4b,OTU1317,4,5.53547e-6,17.647058823529%
d__Bacteria,k__norank_d__Bacteria,p__Proteobacteria,c__Deltaproteobacteria,o__NB1-j,f__norank_o__NB1-j,g__norank_o__NB1-j,s__uncultured_bacterium_g__norank_o__NB1-j,OTU1531,106,0.00015,35.294117647059%
d__Bacteria,k__norank_d__Bacteria,p__Cyanobacteria,c__Melainabacteria,o__Obscuribacterales,f__norank_o__Obscuribacterales,g__norank_o__Obscuribacterales,s__uncultured_bacterium_g__norank_o__Obscuribacterales,OTU1123,111,0.00015,82.352941176471%
d__Bacteria,k__norank_d__Bacteria,p__Proteobacteria,c__Deltaproteobacteria,o__Oligoflexales,f__Oligoflexaceae,g__Silvanigrella,s__unclassified_g__Silvanigrella,OTU1283,15,2.0E-5,23.529411764706%
d__Bacteria,k__norank_d__Bacteria,p__Proteobacteria,c__Alphaproteobacteria,o__norank_c__Alphaproteobacteria,f__norank_c__Alphaproteobacteria,g__norank_c__Alphaproteobacteria,s__unclassified_g__norank_c__Alphaproteobacteria,OTU1173,207,0.00029,64.705882352941%
d__Bacteria,k__norank_d__Bacteria,p__Planctomycetes,c__OM190,o__norank_c__OM190,f__norank_c__OM190,g__norank_c__OM190,s__planctomycete_A-2,OTU1459,5,6.91934e-6,23.529411764706%
d__Bacteria,k__norank_d__Bacteria,p__Proteobacteria,c__Deltaproteobacteria,o__Oligoflexales,f__0319-6G20,g__norank_f__0319-6G20,s__unclassified_g__norank_f__0319-6G20,OTU1226,6,8.30321e-6,5.8823529411765%
d__Bacteria,k__norank_d__Bacteria,p__Patescibacteria,c__Parcubacteria,o__Candidatus_Kaiserbacteria,f__norank_o__Candidatus_Kaiserbacteria,g__norank_o__Candidatus_Kaiserbacteria,s__uncultured_bacterium_g__norank_o__Candidatus_Kaiserbacteria,OTU1366,18,2.0E-5,5.8823529411765%
d__Bacteria,k__norank_d__Bacteria,p__Planctomycetes,c__BD7-11,o__norank_c__BD7-11,f__norank_c__BD7-11,g__norank_c__BD7-11,s__uncultured_bacterium_g__norank_c__BD7-11,OTU1059,9,1.0E-5,23.529411764706%
d__Bacteria,k__norank_d__Bacteria,p__Chlamydiae,c__Chlamydiae,o__Chlamydiales,f__cvE6,g__norank_f__cvE6,s__uncultured_bacterium_g__norank_f__cvE6,OTU1388,21,3.0E-5,41.176470588235%
d__Bacteria,k__norank_d__Bacteria,p__Firmicutes,c__Erysipelotrichia,o__Erysipelotrichales,f__Erysipelotrichaceae,g__Erysipelothrix,s__unclassified_g__Erysipelothrix,OTU1833,41,6.0E-5,5.8823529411765%
d__Bacteria,k__norank_d__Bacteria,p__Entotheonellaeota,c__Entotheonellia,o__Entotheonellales,f__Entotheonellaceae,g__norank_f__Entotheonellaceae,s__unclassified_g__norank_f__Entotheonellaceae,OTU1455,13,2.0E-5,5.8823529411765%
d__Bacteria,k__norank_d__Bacteria,p__Firmicutes,c__Clostridia,o__Clostridiales,f__Ruminococcaceae,g__Ruminococcaceae_UCG-002,s__uncultured_bacterium_g__Ruminococcaceae_UCG-002,OTU2179,126,0.00017,47.058823529412%
d__Bacteria,k__norank_d__Bacteria,p__Gemmatimonadetes,c__Gemmatimonadetes,o__Gemmatimonadales,f__Gemmatimonadaceae,g__norank_f__Gemmatimonadaceae,s__metagenome_g__norank_f__Gemmatimonadaceae,OTU1165,546,0.00076,94.117647058824%
d__Bacteria,k__norank_d__Bacteria,p__Acidobacteria,c__Acidobacteriia,o__Solibacterales,f__Solibacteraceae_Subgroup_3,g__Bryobacter,s__uncultured_Acidobacteria_bacterium_g__Bryobacter,OTU1046,83,0.00011,41.176470588235%
d__Bacteria,k__norank_d__Bacteria,p__Patescibacteria,c__Parcubacteria,o__Candidatus_Kaiserbacteria,f__norank_o__Candidatus_Kaiserbacteria,g__norank_o__Candidatus_Kaiserbacteria,s__metagenome_g__norank_o__Candidatus_Kaiserbacteria,OTU1547,8,1.0E-5,5.8823529411765%
d__Bacteria,k__norank_d__Bacteria,p__Proteobacteria,c__Deltaproteobacteria,o__Bdellovibrionales,f__Bdellovibrionaceae,g__Bdellovibrio,s__uncultured_deep-sea_bacterium_g__Bdellovibrio,OTU1365,2,2.76774e-6,5.8823529411765%
d__Bacteria,k__norank_d__Bacteria,p__Proteobacteria,c__Deltaproteobacteria,o__Desulfarculales,f__Desulfarculaceae,g__norank_f__Desulfarculaceae,s__unclassified_g__norank_f__Desulfarculaceae,OTU1534,9,1.0E-5,5.8823529411765%
d__Bacteria,k__norank_d__Bacteria,p__Planctomycetes,c__Planctomycetacia,o__Gemmatales,f__Gemmataceae,g__norank_f__Gemmataceae,s__uncultured_bacterium_g__norank_f__Gemmataceae,OTU1242,7,9.68708e-6,17.647058823529%
d__Bacteria,k__norank_d__Bacteria,p__Proteobacteria,c__Gammaproteobacteria,o__Gammaproteobacteria_Incertae_Sedis,f__unclassified_o__Gammaproteobacteria_Incertae_Sedis,g__Candidatus_Berkiella,s__uncultured_bacterium_g__Candidatus_Berkiella,OTU1284,4,5.53547e-6,11.764705882353%
d__Bacteria,k__norank_d__Bacteria,p__Bacteroidetes,c__Bacteroidia,o__Sphingobacteriales,f__AKYH767,g__norank_f__AKYH767,s__uncultured_bacterium_g__norank_f__AKYH767,OTU1368,14,2.0E-5,41.176470588235%
d__Bacteria,k__norank_d__Bacteria,p__Proteobacteria,c__Gammaproteobacteria,o__Betaproteobacteriales,f__Nitrosomonadaceae,g__IS-44,s__unclassified_g__IS-44,OTU1407,290,0.0004,23.529411764706%
d__Bacteria,k__norank_d__Bacteria,p__Planctomycetes,c__Phycisphaerae,o__Phycisphaerales,f__Phycisphaeraceae,g__SM1A02,s__uncultured_bacterium_g__SM1A02,OTU1487,3,4.15161e-6,11.764705882353%
d__Bacteria,k__norank_d__Bacteria,p__Bacteroidetes,c__Bacteroidia,o__Sphingobacteriales,f__env.OPS_17,g__norank_f__env.OPS_17,s__unclassified_g__norank_f__env.OPS_17,OTU1211,32,4.0E-5,5.8823529411765%
d__Bacteria,k__norank_d__Bacteria,p__Proteobacteria,c__Deltaproteobacteria,o__SAR324_cladeMarine_group_B,f__norank_o__SAR324_cladeMarine_group_B,g__norank_o__SAR324_cladeMarine_group_B,s__unclassified_g__norank_o__SAR324_cladeMarine_group_B,OTU1075,25,3.0E-5,11.764705882353%
d__Bacteria,k__norank_d__Bacteria,p__Chlamydiae,c__Chlamydiae,o__Chlamydiales,f__Simkaniaceae,g__norank_f__Simkaniaceae,s__unclassified_g__norank_f__Simkaniaceae,OTU1132,7,9.68708e-6,11.764705882353%
d__Bacteria,k__norank_d__Bacteria,p__Cyanobacteria,c__Melainabacteria,o__Obscuribacterales,f__norank_o__Obscuribacterales,g__norank_o__Obscuribacterales,s__uncultured_bacterium_g__norank_o__Obscuribacterales,OTU1166,7,9.68708e-6,17.647058823529%
d__Bacteria,k__norank_d__Bacteria,p__Bacteroidetes,c__Ignavibacteria,o__OPB56,f__norank_o__OPB56,g__norank_o__OPB56,s__uncultured_BacteroidetesChlorobi_group_bacterium_g__norank_o__OPB56,OTU1374,2,2.76774e-6,5.8823529411765%
d__Bacteria,k__norank_d__Bacteria,p__Proteobacteria,c__Deltaproteobacteria,o__MBNT15,f__norank_o__MBNT15,g__norank_o__MBNT15,s__unclassified_g__norank_o__MBNT15,OTU1545,16,2.0E-5,11.764705882353%
d__Bacteria,k__norank_d__Bacteria,p__Proteobacteria,c__Alphaproteobacteria,o__Rhizobiales,f__Hyphomicrobiaceae,g__Hyphomicrobium,s__unclassified_g__Hyphomicrobium,OTU1269,554,0.00077,58.823529411765%
d__Bacteria,k__norank_d__Bacteria,p__Proteobacteria,c__Gammaproteobacteria,o__Coxiellales,f__Coxiellaceae,g__Coxiella,s__unclassified_g__Coxiella,OTU1062,3,4.15161e-6,5.8823529411765%
d__Bacteria,k__norank_d__Bacteria,p__Gemmatimonadetes,c__Gemmatimonadetes,o__Gemmatimonadales,f__Gemmatimonadaceae,g__unclassified_f__Gemmatimonadaceae,s__unclassified_f__Gemmatimonadaceae,OTU1592,8,1.0E-5,5.8823529411765%
d__Bacteria,k__norank_d__Bacteria,p__Chloroflexi,c__Anaerolineae,o__SBR1031,f__norank_o__SBR1031,g__norank_o__SBR1031,s__unclassified_g__norank_o__SBR1031,OTU2200,4,5.53547e-6,23.529411764706%
d__Bacteria,k__norank_d__Bacteria,p__unclassified_k__norank_d__Bacteria,c__unclassified_k__norank_d__Bacteria,o__unclassified_k__norank_d__Bacteria,f__unclassified_k__norank_d__Bacteria,g__unclassified_k__norank_d__Bacteria,s__unclassified_k__norank_d__Bacteria,OTU1392,8,1.0E-5,5.8823529411765%
d__Bacteria,k__norank_d__Bacteria,p__Chloroflexi,c__JG30-KF-CM66,o__norank_c__JG30-KF-CM66,f__norank_c__JG30-KF-CM66,g__norank_c__JG30-KF-CM66,s__metagenome_g__norank_c__JG30-KF-CM66,OTU1856,470,0.00065,94.117647058824%
d__Bacteria,k__norank_d__Bacteria,p__Chloroflexi,c__TK10,o__norank_c__TK10,f__norank_c__TK10,g__norank_c__TK10,s__unclassified_g__norank_c__TK10,OTU1411,8,1.0E-5,5.8823529411765%
d__Bacteria,k__norank_d__Bacteria,p__Proteobacteria,c__Deltaproteobacteria,o__Oligoflexales,f__0319-6G20,g__norank_f__0319-6G20,s__unclassified_g__norank_f__0319-6G20,OTU1494,2,2.76774e-6,5.8823529411765%
d__Bacteria,k__norank_d__Bacteria,p__Planctomycetes,c__unclassified_p__Planctomycetes,o__unclassified_p__Planctomycetes,f__unclassified_p__Planctomycetes,g__unclassified_p__Planctomycetes,s__unclassified_p__Planctomycetes,OTU1493,4,5.53547e-6,5.8823529411765%
d__Bacteria,k__norank_d__Bacteria,p__Zixibacteria,c__norank_p__Zixibacteria,o__norank_p__Zixibacteria,f__norank_p__Zixibacteria,g__norank_p__Zixibacteria,s__uncultured_bacterium_g__norank_p__Zixibacteria,OTU1287,3,4.15161e-6,11.764705882353%
d__Bacteria,k__norank_d__Bacteria,p__Proteobacteria,c__Deltaproteobacteria,o__Oligoflexales,f__0319-6G20,g__norank_f__0319-6G20,s__unclassified_g__norank_f__0319-6G20,OTU1229,3,4.15161e-6,5.8823529411765%
d__Bacteria,k__norank_d__Bacteria,p__Proteobacteria,c__Gammaproteobacteria,o__unclassified_c__Gammaproteobacteria,f__unclassified_c__Gammaproteobacteria,g__unclassified_c__Gammaproteobacteria,s__unclassified_c__Gammaproteobacteria,OTU1100,3,4.15161e-6,17.647058823529%
d__Bacteria,k__norank_d__Bacteria,p__Proteobacteria,c__Deltaproteobacteria,o__MBNT15,f__norank_o__MBNT15,g__norank_o__MBNT15,s__uncultured_delta_proteobacterium_g__norank_o__MBNT15,OTU1152,66,9.0E-5,23.529411764706%
d__Bacteria,k__norank_d__Bacteria,p__Proteobacteria,c__Deltaproteobacteria,o__Myxococcales,f__Phaselicystidaceae,g__Phaselicystis,s__unclassified_g__Phaselicystis,OTU1174,3,4.15161e-6,5.8823529411765%
d__Bacteria,k__norank_d__Bacteria,p__Dependentiae,c__Babeliae,o__Babeliales,f__norank_o__Babeliales,g__norank_o__Babeliales,s__uncultured_bacterium_g__norank_o__Babeliales,OTU1584,6,8.30321e-6,11.764705882353%
d__Bacteria,k__norank_d__Bacteria,p__Patescibacteria,c__ABY1,o__Candidatus_Magasanikbacteria,f__norank_o__Candidatus_Magasanikbacteria,g__norank_o__Candidatus_Magasanikbacteria,s__Candidatus_Magasanikbacteria_bacterium_RIFOXYD1_FULL_40_23,OTU1594,2,2.76774e-6,5.8823529411765%
d__Bacteria,k__norank_d__Bacteria,p__Chloroflexi,c__Chloroflexia,o__Thermomicrobiales,f__Thermomicrobiaceae,g__Nitrolancea,s__uncultured_bacterium_g__Nitrolancea,OTU2219,13,2.0E-5,47.058823529412%
d__Bacteria,k__norank_d__Bacteria,p__Proteobacteria,c__Gammaproteobacteria,o__Diplorickettsiales,f__Diplorickettsiaceae,g__norank_f__Diplorickettsiaceae,s__uncultured_Coxiellaceae_bacterium_g__norank_f__Diplorickettsiaceae,OTU1273,19,3.0E-5,17.647058823529%
d__Bacteria,k__norank_d__Bacteria,p__Chloroflexi,c__OLB14,o__norank_c__OLB14,f__norank_c__OLB14,g__norank_c__OLB14,s__metagenome_g__norank_c__OLB14,OTU1413,22,3.0E-5,35.294117647059%
d__Bacteria,k__norank_d__Bacteria,p__Actinobacteria,c__Actinobacteria,o__Solirubrobacterales,f__Solirubrobacteraceae,g__Conexibacter,s__metagenome_g__Conexibacter,OTU1409,370,0.00051,76.470588235294%
d__Bacteria,k__norank_d__Bacteria,p__Proteobacteria,c__Alphaproteobacteria,o__Paracaedibacterales,f__Paracaedibacteraceae,g__Candidatus_Captivus,s__unclassified_g__Candidatus_Captivus,OTU1526,8,1.0E-5,5.8823529411765%
d__Bacteria,k__norank_d__Bacteria,p__Proteobacteria,c__Deltaproteobacteria,o__Myxococcales,f__Polyangiaceae,g__Pajaroellobacter,s__uncultured_delta_proteobacterium_g__Pajaroellobacter,OTU1861,132,0.00018,23.529411764706%
d__Bacteria,k__norank_d__Bacteria,p__Proteobacteria,c__Gammaproteobacteria,o__Legionellales,f__Legionellaceae,g__Legionella,s__uncultured_bacterium_g__Legionella,OTU1082,13,2.0E-5,29.411764705882%
d__Bacteria,k__norank_d__Bacteria,p__Proteobacteria,c__Gammaproteobacteria,o__Gammaproteobacteria_Incertae_Sedis,f__unclassified_o__Gammaproteobacteria_Incertae_Sedis,g__Candidatus_Ovatusbacter,s__unclassified_g__Candidatus_Ovatusbacter,OTU1252,12,2.0E-5,11.764705882353%
d__Bacteria,k__norank_d__Bacteria,p__Cyanobacteria,c__Oxyphotobacteria,o__Chloroplast,f__norank_o__Chloroplast,g__norank_o__Chloroplast,s__Castanea_mollissima_Chinese_chestnut_g__norank,OTU1143,2,2.76774e-6,5.8823529411765%
d__Bacteria,k__norank_d__Bacteria,p__Proteobacteria,c__Alphaproteobacteria,o__Rhizobiales,f__Hyphomicrobiaceae,g__Hyphomicrobium,s__uncultured_Hyphomicrobium_sp._g__Hyphomicrobium,OTU1410,2911,0.00403,52.941176470588%
d__Bacteria,k__norank_d__Bacteria,p__Proteobacteria,c__Deltaproteobacteria,o__Myxococcales,f__bacteriap25,g__norank_f__bacteriap25,s__unclassified_g__norank_f__bacteriap25,OTU1180,14,2.0E-5,17.647058823529%
d__Bacteria,k__norank_d__Bacteria,p__Proteobacteria,c__Alphaproteobacteria,o__unclassified_c__Alphaproteobacteria,f__unclassified_c__Alphaproteobacteria,g__unclassified_c__Alphaproteobacteria,s__unclassified_c__Alphaproteobacteria,OTU1499,2,2.76774e-6,5.8823529411765%
d__Bacteria,k__norank_d__Bacteria,p__Patescibacteria,c__Parcubacteria,o__Candidatus_Staskawiczbacteria,f__norank_o__Candidatus_Staskawiczbacteria,g__norank_o__Candidatus_Staskawiczbacteria,s__uncultured_bacterium_g__norank_o__Candidatus_Staskawiczbacteria,OTU1593,10,1.0E-5,5.8823529411765%
d__Bacteria,k__norank_d__Bacteria,p__Proteobacteria,c__Deltaproteobacteria,o__Myxococcales,f__unclassified_o__Myxococcales,g__unclassified_o__Myxococcales,s__unclassified_o__Myxococcales,OTU1288,5,6.91934e-6,5.8823529411765%
d__Bacteria,k__norank_d__Bacteria,p__Planctomycetes,c__Planctomycetacia,o__Gemmatales,f__Gemmataceae,g__norank_f__Gemmataceae,s__unclassified_g__norank_f__Gemmataceae,OTU1600,2,2.76774e-6,5.8823529411765%
d__Bacteria,k__norank_d__Bacteria,p__Acidobacteria,c__Blastocatellia_Subgroup_4,o__Blastocatellales,f__Blastocatellaceae,g__JGI_0001001-H03,s__uncultured_bacterium_g__JGI_0001001-H03,OTU2249,1399,0.00194,58.823529411765%
d__Bacteria,k__norank_d__Bacteria,p__Chloroflexi,c__Anaerolineae,o__SBR1031,f__A4b,g__norank_f__A4b,s__uncultured_bacterium_g__norank_f__A4b,OTU1423,20,3.0E-5,11.764705882353%
d__Bacteria,k__norank_d__Bacteria,p__Proteobacteria,c__Alphaproteobacteria,o__Rickettsiales,f__unclassified_o__Rickettsiales,g__unclassified_o__Rickettsiales,s__unclassified_o__Rickettsiales,OTU1289,3,4.15161e-6,5.8823529411765%
d__Bacteria,k__norank_d__Bacteria,p__Bacteroidetes,c__Bacteroidia,o__Chitinophagales,f__Saprospiraceae,g__norank_f__Saprospiraceae,s__wastewater_metagenome_g__norank_f__Saprospiraceae,OTU1870,6,8.30321e-6,29.411764705882%
d__Bacteria,k__norank_d__Bacteria,p__Proteobacteria,c__Alphaproteobacteria,o__Rickettsiales,f__Rickettsiaceae,g__Candidatus_Megaira,s__uncultured_bacterium_g__Candidatus_Megaira,OTU1156,20,3.0E-5,58.823529411765%
d__Bacteria,k__norank_d__Bacteria,p__Actinobacteria,c__Actinobacteria,o__Solirubrobacterales,f__67-14,g__norank_f__67-14,s__uncultured_bacterium_g__norank_f__67-14,OTU1254,3,4.15161e-6,5.8823529411765%
d__Bacteria,k__norank_d__Bacteria,p__Planctomycetes,c__BD7-11,o__norank_c__BD7-11,f__norank_c__BD7-11,g__norank_c__BD7-11,s__unclassified_g__norank_c__BD7-11,OTU1440,2,2.76774e-6,5.8823529411765%
d__Bacteria,k__norank_d__Bacteria,p__Bacteroidetes,c__Bacteroidia,o__Cytophagales,f__Microscillaceae,g__norank_f__Microscillaceae,s__uncultured_Sphingobacteriales_bacterium_g__norank_f__Microscillaceae,OTU1232,63,9.0E-5,17.647058823529%
d__Bacteria,k__norank_d__Bacteria,p__Chloroflexi,c__Chloroflexia,o__Thermomicrobiales,f__JG30-KF-CM45,g__norank_f__JG30-KF-CM45,s__metagenome_g__norank_f__JG30-KF-CM45,OTU1555,9,1.0E-5,5.8823529411765%
d__Bacteria,k__norank_d__Bacteria,p__Proteobacteria,c__Alphaproteobacteria,o__Reyranellales,f__Reyranellaceae,g__Reyranella,s__unclassified_g__Reyranella,OTU1104,712,0.00099,100%
d__Bacteria,k__norank_d__Bacteria,p__Patescibacteria,c__Microgenomatia,o__Candidatus_Woykebacteria,f__norank_o__Candidatus_Woykebacteria,g__norank_o__Candidatus_Woykebacteria,s__uncultured_bacterium_g__norank_o__Candidatus_Woykebacteria,OTU1304,63,9.0E-5,5.8823529411765%
d__Bacteria,k__norank_d__Bacteria,p__Proteobacteria,c__Alphaproteobacteria,o__Reyranellales,f__Reyranellaceae,g__norank_f__Reyranellaceae,s__metagenome_g__norank_f__Reyranellaceae,OTU1189,27,4.0E-5,17.647058823529%
d__Bacteria,k__norank_d__Bacteria,p__Chloroflexi,c__Anaerolineae,o__SBR1031,f__A4b,g__norank_f__A4b,s__uncultured_bacterium_g__norank_f__A4b,OTU1429,2,2.76774e-6,5.8823529411765%
d__Bacteria,k__norank_d__Bacteria,p__Proteobacteria,c__Gammaproteobacteria,o__Cellvibrionales,f__Cellvibrionaceae,g__norank_f__Cellvibrionaceae,s__unclassified_g__norank_f__Cellvibrionaceae,OTU1596,19,3.0E-5,23.529411764706%
d__Bacteria,k__norank_d__Bacteria,p__Patescibacteria,c__Saccharimonadia,o__Saccharimonadales,f__norank_o__Saccharimonadales,g__norank_o__Saccharimonadales,s__uncultured_bacterium_g__norank_o__Saccharimonadales,OTU1503,13,2.0E-5,11.764705882353%
d__Bacteria,k__norank_d__Bacteria,p__Firmicutes,c__Clostridia,o__Clostridiales,f__Clostridiaceae_1,g__Clostridium_sensu_stricto_1,s__unclassified_g__Clostridium_sensu_stricto_1,OTU2250,19,3.0E-5,52.941176470588%
d__Bacteria,k__norank_d__Bacteria,p__Proteobacteria,c__Deltaproteobacteria,o__Desulfarculales,f__Desulfarculaceae,g__norank_f__Desulfarculaceae,s__unclassified_g__norank_f__Desulfarculaceae,OTU1874,387,0.00054,41.176470588235%
d__Bacteria,k__norank_d__Bacteria,p__Gemmatimonadetes,c__Gemmatimonadetes,o__Gemmatimonadales,f__Gemmatimonadaceae,g__norank_f__Gemmatimonadaceae,s__metagenome_g__norank_f__Gemmatimonadaceae,OTU1624,207,0.00029,76.470588235294%
d__Bacteria,k__norank_d__Bacteria,p__Proteobacteria,c__Deltaproteobacteria,o__Syntrophobacterales,f__Syntrophaceae,g__norank_f__Syntrophaceae,s__Myxococcales_bacterium_enrichment_culture_clone_11380,OTU1450,19,3.0E-5,35.294117647059%
d__Bacteria,k__norank_d__Bacteria,p__Actinobacteria,c__Actinobacteria,o__IMCC26256,f__norank_o__IMCC26256,g__norank_o__IMCC26256,s__uncultured_actinobacterium_g__norank_o__IMCC26256,OTU1311,29,4.0E-5,11.764705882353%
d__Bacteria,k__norank_d__Bacteria,p__Acidobacteria,c__Subgroup_11,o__norank_c__Subgroup_11,f__norank_c__Subgroup_11,g__norank_c__Subgroup_11,s__uncultured_bacterium_g__norank_c__Subgroup_11,OTU1167,108,0.00015,23.529411764706%
d__Bacteria,k__norank_d__Bacteria,p__Proteobacteria,c__Gammaproteobacteria,o__Coxiellales,f__Coxiellaceae,g__Coxiella,s__unclassified_g__Coxiella,OTU1479,4,5.53547e-6,11.764705882353%
d__Bacteria,k__norank_d__Bacteria,p__Proteobacteria,c__Alphaproteobacteria,o__unclassified_c__Alphaproteobacteria,f__unclassified_c__Alphaproteobacteria,g__unclassified_c__Alphaproteobacteria,s__unclassified_c__Alphaproteobacteria,OTU1263,1942,0.00269,35.294117647059%
d__Bacteria,k__norank_d__Bacteria,p__Proteobacteria,c__Gammaproteobacteria,o__Betaproteobacteriales,f__Burkholderiaceae,g__Undibacterium,s__unclassified_g__Undibacterium,OTU1237,40,6.0E-5,41.176470588235%
d__Bacteria,k__norank_d__Bacteria,p__Proteobacteria,c__Alphaproteobacteria,o__unclassified_c__Alphaproteobacteria,f__unclassified_c__Alphaproteobacteria,g__unclassified_c__Alphaproteobacteria,s__unclassified_c__Alphaproteobacteria,OTU1193,8,1.0E-5,5.8823529411765%
d__Bacteria,k__norank_d__Bacteria,p__Proteobacteria,c__Deltaproteobacteria,o__Myxococcales,f__27F-1492R,g__norank_f__27F-1492R,s__uncultured_delta_proteobacterium_g__norank_f__27F-1492R,OTU1431,5,6.91934e-6,11.764705882353%
d__Bacteria,k__norank_d__Bacteria,p__Proteobacteria,c__Alphaproteobacteria,o__Tistrellales,f__Geminicoccaceae,g__Candidatus_Alysiosphaera,s__unclassified_g__Candidatus_Alysiosphaera,OTU1615,27,4.0E-5,11.764705882353%
d__Bacteria,k__norank_d__Bacteria,p__Planctomycetes,c__Phycisphaerae,o__Phycisphaerales,f__Phycisphaeraceae,g__SM1A02,s__unclassified_g__SM1A02,OTU1107,143,0.0002,17.647058823529%
d__Bacteria,k__norank_d__Bacteria,p__Proteobacteria,c__Alphaproteobacteria,o__Rhodospirillales,f__norank_o__Rhodospirillales,g__norank_o__Rhodospirillales,s__uncultured_soil_bacterium_g__norank_o__Rhodospirillales,OTU1536,2,2.76774e-6,5.8823529411765%
d__Bacteria,k__norank_d__Bacteria,p__Planctomycetes,c__Phycisphaerae,o__Phycisphaerales,f__Phycisphaeraceae,g__SM1A02,s__uncultured_bacterium_g__SM1A02,OTU1324,7,9.68708e-6,29.411764705882%
d__Bacteria,k__norank_d__Bacteria,p__Actinobacteria,c__Actinobacteria,o__Gaiellales,f__norank_o__Gaiellales,g__norank_o__Gaiellales,s__uncultured_bacterium_g__norank_o__Gaiellales,OTU1570,3,4.15161e-6,5.8823529411765%
d__Bacteria,k__norank_d__Bacteria,p__Planctomycetes,c__OM190,o__norank_c__OM190,f__norank_c__OM190,g__norank_c__OM190,s__uncultured_bacterium_g__norank_c__OM190,OTU2261,34,5.0E-5,47.058823529412%
d__Bacteria,k__norank_d__Bacteria,p__Gemmatimonadetes,c__Gemmatimonadetes,o__Gemmatimonadales,f__Gemmatimonadaceae,g__norank_f__Gemmatimonadaceae,s__unclassified_g__norank_f__Gemmatimonadaceae,OTU1633,374,0.00052,82.352941176471%
d__Bacteria,k__norank_d__Bacteria,p__Cyanobacteria,c__Oxyphotobacteria,o__Leptolyngbyales,f__Leptolyngbyaceae,g__JSC-12,s__cf._Leptolyngbya_sp._Greenland_9,OTU1201,145,0.0002,17.647058823529%
d__Bacteria,k__norank_d__Bacteria,p__Entotheonellaeota,c__Entotheonellia,o__Entotheonellales,f__Entotheonellaceae,g__norank_f__Entotheonellaceae,s__uncultured_bacterium_g__norank_f__Entotheonellaceae,OTU1875,32,4.0E-5,29.411764705882%
d__Bacteria,k__norank_d__Bacteria,p__Proteobacteria,c__Alphaproteobacteria,o__norank_c__Alphaproteobacteria,f__norank_c__Alphaproteobacteria,g__norank_c__Alphaproteobacteria,s__uncultured_Rhodobacteraceae_bacterium_g__norank_c__Alphaproteobacteria,OTU1519,145,0.0002,11.764705882353%
d__Bacteria,k__norank_d__Bacteria,p__Proteobacteria,c__Deltaproteobacteria,o__unclassified_c__Deltaproteobacteria,f__unclassified_c__Deltaproteobacteria,g__unclassified_c__Deltaproteobacteria,s__unclassified_c__Deltaproteobacteria,OTU1266,5,6.91934e-6,17.647058823529%
d__Bacteria,k__norank_d__Bacteria,p__Chloroflexi,c__Dehalococcoidia,o__S085,f__norank_o__S085,g__norank_o__S085,s__metagenome_g__norank_o__S085,OTU1249,69,0.0001,29.411764705882%
d__Bacteria,k__norank_d__Bacteria,p__Proteobacteria,c__Gammaproteobacteria,o__Gammaproteobacteria_Incertae_Sedis,f__unclassified_o__Gammaproteobacteria_Incertae_Sedis,g__norank_f__unclassified_o__Gammaproteobacteria_Incertae_Sedis,s__unclassified_g__norank_f__unclassified_o__Gammaproteobacteria_Incertae_Sedis,OTU1231,20,3.0E-5,5.8823529411765%
d__Bacteria,k__norank_d__Bacteria,p__Patescibacteria,c__Parcubacteria,o__norank_c__Parcubacteria,f__norank_c__Parcubacteria,g__norank_c__Parcubacteria,s__uncultured_bacterium_g__norank_c__Parcubacteria,OTU1472,17,2.0E-5,17.647058823529%
d__Bacteria,k__norank_d__Bacteria,p__Patescibacteria,c__Parcubacteria,o__Candidatus_Kaiserbacteria,f__norank_o__Candidatus_Kaiserbacteria,g__norank_o__Candidatus_Kaiserbacteria,s__uncultured_bacterium_g__norank_o__Candidatus_Kaiserbacteria,OTU1373,13,2.0E-5,5.8823529411765%
d__Bacteria,k__norank_d__Bacteria,p__Actinobacteria,c__Actinobacteria,o__Corynebacteriales,f__Mycobacteriaceae,g__Mycobacterium,s__unclassified_g__Mycobacterium,OTU1467,20,3.0E-5,17.647058823529%
d__Bacteria,k__norank_d__Bacteria,p__Chloroflexi,c__TK10,o__norank_c__TK10,f__norank_c__TK10,g__norank_c__TK10,s__uncultured_bacterium_g__norank_c__TK10,OTU1628,43,6.0E-5,58.823529411765%
d__Bacteria,k__norank_d__Bacteria,p__Proteobacteria,c__Alphaproteobacteria,o__Caulobacterales,f__Caulobacteraceae,g__Brevundimonas,s__unclassified_g__Brevundimonas,OTU1109,1357,0.00188,52.941176470588%
d__Bacteria,k__norank_d__Bacteria,p__Chloroflexi,c__TK10,o__norank_c__TK10,f__norank_c__TK10,g__norank_c__TK10,s__uncultured_bacterium_g__norank_c__TK10,OTU1333,6,8.30321e-6,5.8823529411765%
d__Bacteria,k__norank_d__Bacteria,p__Planctomycetes,c__Planctomycetacia,o__Gemmatales,f__Gemmataceae,g__norank_f__Gemmataceae,s__unclassified_g__norank_f__Gemmataceae,OTU2262,34,5.0E-5,41.176470588235%
d__Bacteria,k__norank_d__Bacteria,p__Armatimonadetes,c__Fimbriimonadia,o__Fimbriimonadales,f__Fimbriimonadaceae,g__norank_f__Fimbriimonadaceae,s__uncultured_bacterium_g__norank_f__Fimbriimonadaceae,OTU1558,18,2.0E-5,17.647058823529%
d__Bacteria,k__norank_d__Bacteria,p__Proteobacteria,c__Deltaproteobacteria,o__Myxococcales,f__Haliangiaceae,g__Haliangium,s__uncultured_Polyangiaceae_bacterium_g__Haliangium,OTU1580,8,1.0E-5,5.8823529411765%
d__Bacteria,k__norank_d__Bacteria,p__Chlamydiae,c__Chlamydiae,o__Chlamydiales,f__cvE6,g__norank_f__cvE6,s__uncultured_bacterium_g__norank_f__cvE6,OTU1233,2,2.76774e-6,5.8823529411765%
d__Bacteria,k__norank_d__Bacteria,p__Chloroflexi,c__Anaerolineae,o__SBR1031,f__A4b,g__norank_f__A4b,s__metagenome_g__norank_f__A4b,OTU1645,33,5.0E-5,23.529411764706%
d__Bacteria,k__norank_d__Bacteria,p__Proteobacteria,c__Alphaproteobacteria,o__Caulobacterales,f__Caulobacteraceae,g__Phenylobacterium,s__metagenome_g__Phenylobacterium,OTU1277,1890,0.00262,100%
d__Bacteria,k__norank_d__Bacteria,p__Chloroflexi,c__unclassified_p__Chloroflexi,o__unclassified_p__Chloroflexi,f__unclassified_p__Chloroflexi,g__unclassified_p__Chloroflexi,s__unclassified_p__Chloroflexi,OTU1521,5,6.91934e-6,5.8823529411765%
d__Bacteria,k__norank_d__Bacteria,p__Proteobacteria,c__Alphaproteobacteria,o__Rhizobiales,f__Rhizobiales_Incertae_Sedis,g__Phreatobacter,s__unclassified_g__Phreatobacter,OTU1245,14,2.0E-5,29.411764705882%
d__Bacteria,k__norank_d__Bacteria,p__Proteobacteria,c__Deltaproteobacteria,o__unclassified_c__Deltaproteobacteria,f__unclassified_c__Deltaproteobacteria,g__unclassified_c__Deltaproteobacteria,s__unclassified_c__Deltaproteobacteria,OTU1883,253,0.00035,52.941176470588%
d__Bacteria,k__norank_d__Bacteria,p__Proteobacteria,c__Alphaproteobacteria,o__Rickettsiales,f__SM2D12,g__norank_f__SM2D12,s__uncultured_alpha_proteobacterium_g__norank_f__SM2D12,OTU1476,4,5.53547e-6,23.529411764706%
d__Bacteria,k__norank_d__Bacteria,p__Proteobacteria,c__Deltaproteobacteria,o__Desulfarculales,f__Desulfarculaceae,g__norank_f__Desulfarculaceae,s__unclassified_g__norank_f__Desulfarculaceae,OTU1378,9,1.0E-5,5.8823529411765%
d__Bacteria,k__norank_d__Bacteria,p__Proteobacteria,c__Alphaproteobacteria,o__Rhizobiales,f__Rhizobiales_Incertae_Sedis,g__norank_f__Rhizobiales_Incertae_Sedis,s__uncultured_bacterium_g__norank_f__Rhizobiales_Incertae_Sedis,OTU1337,42,6.0E-5,47.058823529412%
d__Bacteria,k__norank_d__Bacteria,p__Chlamydiae,c__Chlamydiae,o__Chlamydiales,f__Parachlamydiaceae,g__Candidatus_Protochlamydia,s__unclassified_g__Candidatus_Protochlamydia,OTU1653,10,1.0E-5,41.176470588235%
d__Bacteria,k__norank_d__Bacteria,p__Proteobacteria,c__Alphaproteobacteria,o__unclassified_c__Alphaproteobacteria,f__unclassified_c__Alphaproteobacteria,g__unclassified_c__Alphaproteobacteria,s__unclassified_c__Alphaproteobacteria,OTU1470,7,9.68708e-6,23.529411764706%
d__Bacteria,k__norank_d__Bacteria,p__Proteobacteria,c__Gammaproteobacteria,o__Thiotrichales,f__Thiotrichaceae,g__Thiothrix,s__uncultured_bacterium_g__Thiothrix,OTU2272,30,4.0E-5,41.176470588235%
d__Bacteria,k__norank_d__Bacteria,p__Acidobacteria,c__Subgroup_6,o__norank_c__Subgroup_6,f__norank_c__Subgroup_6,g__norank_c__Subgroup_6,s__unclassified_g__norank_c__Subgroup_6,OTU1130,2072,0.00287,70.588235294118%
d__Bacteria,k__norank_d__Bacteria,p__Acidobacteria,c__Blastocatellia_Subgroup_4,o__Blastocatellales,f__Blastocatellaceae,g__Blastocatella,s__unclassified_g__Blastocatella,OTU1258,690,0.00095,52.941176470588%
d__Bacteria,k__norank_d__Bacteria,p__Patescibacteria,c__Parcubacteria,o__unclassified_c__Parcubacteria,f__unclassified_c__Parcubacteria,g__unclassified_c__Parcubacteria,s__unclassified_c__Parcubacteria,OTU1564,4,5.53547e-6,5.8823529411765%
d__Bacteria,k__norank_d__Bacteria,p__Proteobacteria,c__Deltaproteobacteria,o__Bdellovibrionales,f__Bdellovibrionaceae,g__Bdellovibrio,s__Bdellovibrio_sp._oral_clone_CA006,OTU1614,84,0.00012,11.764705882353%
d__Bacteria,k__norank_d__Bacteria,p__Proteobacteria,c__Deltaproteobacteria,o__Bdellovibrionales,f__Bdellovibrionaceae,g__Bdellovibrio,s__unclassified_g__Bdellovibrio,OTU1290,2,2.76774e-6,5.8823529411765%
d__Bacteria,k__norank_d__Bacteria,p__Proteobacteria,c__Gammaproteobacteria,o__Xanthomonadales,f__Rhodanobacteraceae,g__Tahibacter,s__unclassified_g__Tahibacter,OTU1655,8,1.0E-5,5.8823529411765%
d__Bacteria,k__norank_d__Bacteria,p__Proteobacteria,c__Gammaproteobacteria,o__unclassified_c__Gammaproteobacteria,f__unclassified_c__Gammaproteobacteria,g__unclassified_c__Gammaproteobacteria,s__unclassified_c__Gammaproteobacteria,OTU1280,11,2.0E-5,29.411764705882%
d__Bacteria,k__norank_d__Bacteria,p__Planctomycetes,c__Planctomycetacia,o__Gemmatales,f__Gemmataceae,g__norank_f__Gemmataceae,s__unclassified_g__norank_f__Gemmataceae,OTU1480,21,3.0E-5,23.529411764706%
d__Bacteria,k__norank_d__Bacteria,p__Acidobacteria,c__Acidobacteriia,o__Solibacterales,f__Solibacteraceae_Subgroup_3,g__unclassified_f__Solibacteraceae_Subgroup_3,s__unclassified_f__Solibacteraceae_Subgroup_3,OTU1663,42,6.0E-5,11.764705882353%
d__Bacteria,k__norank_d__Bacteria,p__Chloroflexi,c__JG30-KF-CM66,o__norank_c__JG30-KF-CM66,f__norank_c__JG30-KF-CM66,g__norank_c__JG30-KF-CM66,s__uncultured_bacterium_g__norank_c__JG30-KF-CM66,OTU1889,4,5.53547e-6,5.8823529411765%
d__Bacteria,k__norank_d__Bacteria,p__Firmicutes,c__Clostridia,o__Clostridiales,f__Ruminococcaceae,g__unclassified_f__Ruminococcaceae,s__unclassified_f__Ruminococcaceae,OTU2299,13,2.0E-5,35.294117647059%
d__Bacteria,k__norank_d__Bacteria,p__Chlamydiae,c__Chlamydiae,o__Chlamydiales,f__cvE6,g__norank_f__cvE6,s__uncultured_bacterium_g__norank_f__cvE6,OTU1246,6,8.30321e-6,5.8823529411765%
d__Bacteria,k__norank_d__Bacteria,p__Proteobacteria,c__Deltaproteobacteria,o__Myxococcales,f__Polyangiaceae,g__Pajaroellobacter,s__uncultured_Polyangiaceae_bacterium_g__Pajaroellobacter,OTU1352,3,4.15161e-6,5.8823529411765%
d__Bacteria,k__norank_d__Bacteria,p__Proteobacteria,c__Alphaproteobacteria,o__Paracaedibacterales,f__Paracaedibacteraceae,g__unclassified_f__Paracaedibacteraceae,s__unclassified_f__Paracaedibacteraceae,OTU1471,4,5.53547e-6,5.8823529411765%
d__Bacteria,k__norank_d__Bacteria,p__Bacteroidetes,c__Bacteroidia,o__Chitinophagales,f__Chitinophagaceae,g__Ferruginibacter,s__unclassified_g__Ferruginibacter,OTU1139,48,7.0E-5,41.176470588235%
d__Bacteria,k__norank_d__Bacteria,p__unclassified_k__norank_d__Bacteria,c__unclassified_k__norank_d__Bacteria,o__unclassified_k__norank_d__Bacteria,f__unclassified_k__norank_d__Bacteria,g__unclassified_k__norank_d__Bacteria,s__unclassified_k__norank_d__Bacteria,OTU1380,5,6.91934e-6,11.764705882353%
d__Bacteria,k__norank_d__Bacteria,p__Acidobacteria,c__Acidobacteriia,o__Solibacterales,f__Solibacteraceae_Subgroup_3,g__Bryobacter,s__uncultured_prokaryote_g__Bryobacter,OTU1279,5,6.91934e-6,23.529411764706%
d__Bacteria,k__norank_d__Bacteria,p__Proteobacteria,c__Alphaproteobacteria,o__Acetobacterales,f__Acetobacteraceae,g__Craurococcus,s__Craurococcus_roseus,OTU1538,7,9.68708e-6,29.411764705882%
d__Bacteria,k__norank_d__Bacteria,p__Proteobacteria,c__Alphaproteobacteria,o__Acetobacterales,f__Acetobacteraceae,g__norank_f__Acetobacteraceae,s__unclassified_g__norank_f__Acetobacteraceae,OTU1309,26,4.0E-5,11.764705882353%
d__Bacteria,k__norank_d__Bacteria,p__Proteobacteria,c__Deltaproteobacteria,o__Desulfarculales,f__Desulfarculaceae,g__norank_f__Desulfarculaceae,s__unclassified_g__norank_f__Desulfarculaceae,OTU1569,10,1.0E-5,17.647058823529%
d__Bacteria,k__norank_d__Bacteria,p__Proteobacteria,c__Deltaproteobacteria,o__Bdellovibrionales,f__Bdellovibrionaceae,g__Bdellovibrio,s__uncultured_bacterium_g__Bdellovibrio,OTU1666,3,4.15161e-6,5.8823529411765%
d__Bacteria,k__norank_d__Bacteria,p__Proteobacteria,c__Deltaproteobacteria,o__Bdellovibrionales,f__Bdellovibrionaceae,g__Bdellovibrio,s__unclassified_g__Bdellovibrio,OTU1658,16,2.0E-5,17.647058823529%
d__Bacteria,k__norank_d__Bacteria,p__Chloroflexi,c__Chloroflexia,o__Chloroflexales,f__Roseiflexaceae,g__unclassified_f__Roseiflexaceae,s__unclassified_f__Roseiflexaceae,OTU1516,410,0.00057,52.941176470588%
d__Bacteria,k__norank_d__Bacteria,p__Proteobacteria,c__Alphaproteobacteria,o__NRL2,f__norank_o__NRL2,g__norank_o__NRL2,s__unclassified_g__norank_o__NRL2,OTU1691,76,0.00011,47.058823529412%
d__Bacteria,k__norank_d__Bacteria,p__Proteobacteria,c__Deltaproteobacteria,o__Bdellovibrionales,f__Bdellovibrionaceae,g__Bdellovibrio,s__unclassified_g__Bdellovibrio,OTU1298,4,5.53547e-6,5.8823529411765%
d__Bacteria,k__norank_d__Bacteria,p__Caldiserica,c__Caldisericia,o__Caldisericales,f__Caldisericaceae,g__Caldisericum,s__uncultured_Caldiserica_bacterium_g__Caldisericum,OTU2309,11,2.0E-5,29.411764705882%
d__Bacteria,k__norank_d__Bacteria,p__Acidobacteria,c__Subgroup_22,o__norank_c__Subgroup_22,f__norank_c__Subgroup_22,g__norank_c__Subgroup_22,s__uncultured_bacterium_g__norank_c__Subgroup_22,OTU1253,120,0.00017,11.764705882353%
d__Bacteria,k__norank_d__Bacteria,p__Acidobacteria,c__Blastocatellia_Subgroup_4,o__11-24,f__norank_o__11-24,g__norank_o__11-24,s__unclassified_g__norank_o__11-24,OTU1913,654,0.00091,41.176470588235%
d__Bacteria,k__norank_d__Bacteria,p__Bacteroidetes,c__Bacteroidia,o__Chitinophagales,f__Chitinophagaceae,g__UTBCD1,s__uncultured_bacterium_g__UTBCD1,OTU1524,14,2.0E-5,5.8823529411765%
d__Bacteria,k__norank_d__Bacteria,p__Firmicutes,c__Bacilli,o__Bacillales,f__norank_o__Bacillales,g__norank_o__Bacillales,s__uncultured_bacterium_g__norank_o__Bacillales,OTU1362,6,8.30321e-6,11.764705882353%
d__Bacteria,k__norank_d__Bacteria,p__Acidobacteria,c__Acidobacteriia,o__Subgroup_2,f__norank_o__Subgroup_2,g__norank_o__Subgroup_2,s__uncultured_bacterium_g__norank_o__Subgroup_2,OTU1571,32,4.0E-5,23.529411764706%
d__Bacteria,k__norank_d__Bacteria,p__Proteobacteria,c__Deltaproteobacteria,o__SAR324_cladeMarine_group_B,f__norank_o__SAR324_cladeMarine_group_B,g__norank_o__SAR324_cladeMarine_group_B,s__metagenome_g__norank_o__SAR324_cladeMarine_group_B,OTU1660,7,9.68708e-6,5.8823529411765%
d__Bacteria,k__norank_d__Bacteria,p__Proteobacteria,c__Gammaproteobacteria,o__Gammaproteobacteria_Incertae_Sedis,f__unclassified_o__Gammaproteobacteria_Incertae_Sedis,g__Candidatus_Ovatusbacter,s__uncultured_bacterium_g__Candidatus_Ovatusbacter,OTU1562,4,5.53547e-6,11.764705882353%
d__Bacteria,k__norank_d__Bacteria,p__Patescibacteria,c__Parcubacteria,o__unclassified_c__Parcubacteria,f__unclassified_c__Parcubacteria,g__unclassified_c__Parcubacteria,s__unclassified_c__Parcubacteria,OTU1293,12,2.0E-5,5.8823529411765%
d__Bacteria,k__norank_d__Bacteria,p__Proteobacteria,c__Alphaproteobacteria,o__Rhizobiales,f__Beijerinckiaceae,g__Methylobacterium,s__Methylobacterium_populi,OTU1155,45,6.0E-5,35.294117647059%
d__Bacteria,k__norank_d__Bacteria,p__Dependentiae,c__Babeliae,o__Babeliales,f__unclassified_o__Babeliales,g__unclassified_o__Babeliales,s__unclassified_o__Babeliales,OTU1698,4,5.53547e-6,11.764705882353%
d__Bacteria,k__norank_d__Bacteria,p__Proteobacteria,c__Gammaproteobacteria,o__Diplorickettsiales,f__Diplorickettsiaceae,g__Aquicella,s__uncultured_bacterium_g__Aquicella,OTU1313,10,1.0E-5,29.411764705882%
d__Bacteria,k__norank_d__Bacteria,p__Proteobacteria,c__Alphaproteobacteria,o__Rickettsiales,f__SM2D12,g__norank_f__SM2D12,s__metagenome_g__norank_f__SM2D12,OTU1537,4,5.53547e-6,5.8823529411765%
d__Bacteria,k__norank_d__Bacteria,p__Acidobacteria,c__Acidobacteriia,o__Acidobacteriales,f__norank_o__Acidobacteriales,g__norank_o__Acidobacteriales,s__uncultured_Acidobacteria_bacterium_g__norank_o__Acidobacteriales,OTU1676,4,5.53547e-6,5.8823529411765%
d__Bacteria,k__norank_d__Bacteria,p__Proteobacteria,c__Deltaproteobacteria,o__Bdellovibrionales,f__Bdellovibrionaceae,g__Bdellovibrio,s__unclassified_g__Bdellovibrio,OTU1921,5,6.91934e-6,11.764705882353%
d__Bacteria,k__norank_d__Bacteria,p__Proteobacteria,c__Deltaproteobacteria,o__Myxococcales,f__P3OB-42,g__norank_f__P3OB-42,s__uncultured_bacterium_g__norank_f__P3OB-42,OTU1384,2,2.76774e-6,5.8823529411765%
d__Bacteria,k__norank_d__Bacteria,p__Actinobacteria,c__Actinobacteria,o__Propionibacteriales,f__Propionibacteriaceae,g__Propioniciclava,s__metagenome_g__Propioniciclava,OTU2325,6,8.30321e-6,23.529411764706%
d__Bacteria,k__norank_d__Bacteria,p__Patescibacteria,c__ABY1,o__Candidatus_Kerfeldbacteria,f__norank_o__Candidatus_Kerfeldbacteria,g__norank_o__Candidatus_Kerfeldbacteria,s__Parcubacteria_group_bacterium_GW2011_GWD2_43_10,OTU1300,12,2.0E-5,5.8823529411765%
d__Bacteria,k__norank_d__Bacteria,p__Actinobacteria,c__Actinobacteria,o__Gaiellales,f__norank_o__Gaiellales,g__norank_o__Gaiellales,s__uncultured_bacterium_g__norank_o__Gaiellales,OTU1575,6,8.30321e-6,17.647058823529%
d__Bacteria,k__norank_d__Bacteria,p__Proteobacteria,c__Gammaproteobacteria,o__Betaproteobacteriales,f__Nitrosomonadaceae,g__Ellin6067,s__uncultured_bacterium_g__Ellin6067,OTU1370,13,2.0E-5,47.058823529412%
d__Bacteria,k__norank_d__Bacteria,p__Proteobacteria,c__Alphaproteobacteria,o__Elsterales,f__norank_o__Elsterales,g__norank_o__Elsterales,s__unclassified_g__norank_o__Elsterales,OTU1260,175,0.00024,23.529411764706%
d__Bacteria,k__norank_d__Bacteria,p__Proteobacteria,c__Alphaproteobacteria,o__norank_c__Alphaproteobacteria,f__norank_c__Alphaproteobacteria,g__norank_c__Alphaproteobacteria,s__uncultured_soil_bacterium_g__norank_c__Alphaproteobacteria,OTU1541,11,2.0E-5,17.647058823529%
d__Bacteria,k__norank_d__Bacteria,p__Cyanobacteria,c__Oxyphotobacteria,o__Chloroplast,f__norank_o__Chloroplast,g__norank_o__Chloroplast,s__Trachydiscus_minutus,OTU1672,31,4.0E-5,47.058823529412%
d__Bacteria,k__norank_d__Bacteria,p__Actinobacteria,c__Actinobacteria,o__IMCC26256,f__norank_o__IMCC26256,g__norank_o__IMCC26256,s__uncultured_bacterium_g__norank_o__IMCC26256,OTU1306,53,7.0E-5,11.764705882353%
d__Bacteria,k__norank_d__Bacteria,p__Proteobacteria,c__Alphaproteobacteria,o__Rhizobiales,f__Rhizobiales_Incertae_Sedis,g__norank_f__Rhizobiales_Incertae_Sedis,s__unclassified_g__norank_f__Rhizobiales_Incertae_Sedis,OTU1720,83,0.00011,35.294117647059%
d__Bacteria,k__norank_d__Bacteria,p__Verrucomicrobia,c__Verrucomicrobiae,o__Methylacidiphilales,f__Methylacidiphilaceae,g__norank_f__Methylacidiphilaceae,s__unclassified_g__norank_f__Methylacidiphilaceae,OTU1933,10,1.0E-5,5.8823529411765%
d__Bacteria,k__norank_d__Bacteria,p__Proteobacteria,c__Deltaproteobacteria,o__Bdellovibrionales,f__Bdellovibrionaceae,g__Bdellovibrio,s__uncultured_bacterium_g__Bdellovibrio,OTU1587,5,6.91934e-6,17.647058823529%
d__Bacteria,k__norank_d__Bacteria,p__Planctomycetes,c__Planctomycetacia,o__Gemmatales,f__Gemmataceae,g__norank_f__Gemmataceae,s__uncultured_bacterium_g__norank_f__Gemmataceae,OTU1608,3,4.15161e-6,5.8823529411765%
d__Bacteria,k__norank_d__Bacteria,p__Firmicutes,c__Clostridia,o__Clostridiales,f__Lachnospiraceae,g__Lachnospiraceae_ND3007_group,s__metagenome_g__Lachnospiraceae_ND3007_group,OTU2332,31,4.0E-5,47.058823529412%
d__Bacteria,k__norank_d__Bacteria,p__Actinobacteria,c__Actinobacteria,o__Micrococcales,f__Microbacteriaceae,g__Leifsonia,s__unclassified_g__Leifsonia,OTU1460,2,2.76774e-6,5.8823529411765%
d__Bacteria,k__norank_d__Bacteria,p__Proteobacteria,c__Alphaproteobacteria,o__Rhizobiales,f__Beijerinckiaceae,g__alphaI_cluster,s__metagenome_g__alphaI_cluster,OTU1708,113,0.00016,70.588235294118%
d__Bacteria,k__norank_d__Bacteria,p__Proteobacteria,c__Deltaproteobacteria,o__Myxococcales,f__Polyangiaceae,g__Pajaroellobacter,s__unclassified_g__Pajaroellobacter,OTU1172,17,2.0E-5,23.529411764706%
d__Bacteria,k__norank_d__Bacteria,p__Proteobacteria,c__Gammaproteobacteria,o__Betaproteobacteriales,f__Burkholderiaceae,g__Undibacterium,s__uncultured_beta_proteobacterium_g__Undibacterium,OTU1416,27,4.0E-5,17.647058823529%
d__Bacteria,k__norank_d__Bacteria,p__Proteobacteria,c__Alphaproteobacteria,o__Rickettsiales,f__AB1,g__norank_f__AB1,s__uncultured_bacterium_g__norank_f__AB1,OTU1577,35,5.0E-5,23.529411764706%
d__Bacteria,k__norank_d__Bacteria,p__Actinobacteria,c__Actinobacteria,o__norank_c__Actinobacteria,f__norank_c__Actinobacteria,g__norank_c__Actinobacteria,s__uncultured_Acidimicrobidae_bacterium_g__norank_c__Actinobacteria,OTU1319,16,2.0E-5,5.8823529411765%
d__Bacteria,k__norank_d__Bacteria,p__Chlamydiae,c__Chlamydiae,o__Chlamydiales,f__cvE6,g__norank_f__cvE6,s__uncultured_bacterium_g__norank_f__cvE6,OTU1360,37,5.0E-5,47.058823529412%
d__Bacteria,k__norank_d__Bacteria,p__Proteobacteria,c__Alphaproteobacteria,o__Rhizobiales,f__Xanthobacteraceae,g__Afipia,s__unclassified_g__Afipia,OTU1335,9728,0.01346,100%
d__Bacteria,k__norank_d__Bacteria,p__Firmicutes,c__Clostridia,o__Clostridiales,f__Clostridiaceae_1,g__Clostridium_sensu_stricto_13,s__unclassified_g__Clostridium_sensu_stricto_13,OTU1261,37,5.0E-5,29.411764705882%
d__Bacteria,k__norank_d__Bacteria,p__Proteobacteria,c__Deltaproteobacteria,o__Oligoflexales,f__0319-6G20,g__norank_f__0319-6G20,s__unclassified_g__norank_f__0319-6G20,OTU1682,18,2.0E-5,29.411764705882%
d__Bacteria,k__norank_d__Bacteria,p__Proteobacteria,c__Deltaproteobacteria,o__Bdellovibrionales,f__Bdellovibrionaceae,g__Bdellovibrio,s__unclassified_g__Bdellovibrio,OTU1721,26,4.0E-5,23.529411764706%
d__Bacteria,k__norank_d__Bacteria,p__Proteobacteria,c__Alphaproteobacteria,o__Rhizobiales,f__Beijerinckiaceae,g__Bosea,s__metagenome_g__Bosea,OTU1618,425,0.00059,64.705882352941%
d__Bacteria,k__norank_d__Bacteria,p__Proteobacteria,c__Alphaproteobacteria,o__Rhizobiales,f__Rhizobiales_Incertae_Sedis,g__Bauldia,s__uncultured_bacterium_g__Bauldia,OTU1934,36,5.0E-5,17.647058823529%
d__Bacteria,k__norank_d__Bacteria,p__Proteobacteria,c__Deltaproteobacteria,o__Bdellovibrionales,f__Bdellovibrionaceae,g__Bdellovibrio,s__uncultured_bacterium_g__Bdellovibrio,OTU1559,21,3.0E-5,5.8823529411765%
d__Bacteria,k__norank_d__Bacteria,p__Proteobacteria,c__Alphaproteobacteria,o__Sphingomonadales,f__Sphingomonadaceae,g__Porphyrobacter,s__uncultured_bacterium_g__Porphyrobacter,OTU1621,1505,0.00208,88.235294117647%
d__Bacteria,k__norank_d__Bacteria,p__Proteobacteria,c__Gammaproteobacteria,o__Ga0077536,f__norank_o__Ga0077536,g__norank_o__Ga0077536,s__metagenome_g__norank_o__Ga0077536,OTU1713,25,3.0E-5,52.941176470588%
d__Bacteria,k__norank_d__Bacteria,p__Proteobacteria,c__Gammaproteobacteria,o__unclassified_c__Gammaproteobacteria,f__unclassified_c__Gammaproteobacteria,g__unclassified_c__Gammaproteobacteria,s__unclassified_c__Gammaproteobacteria,OTU1466,3,4.15161e-6,11.764705882353%
d__Bacteria,k__norank_d__Bacteria,p__Chlamydiae,c__Chlamydiae,o__Chlamydiales,f__Simkaniaceae,g__norank_f__Simkaniaceae,s__metagenome_g__norank_f__Simkaniaceae,OTU1210,52,7.0E-5,11.764705882353%
d__Bacteria,k__norank_d__Bacteria,p__Chloroflexi,c__Chloroflexia,o__Chloroflexales,f__Roseiflexaceae,g__norank_f__Roseiflexaceae,s__unclassified_g__norank_f__Roseiflexaceae,OTU1428,6,8.30321e-6,17.647058823529%
d__Bacteria,k__norank_d__Bacteria,p__Firmicutes,c__Clostridia,o__Clostridiales,f__Clostridiaceae_1,g__Clostridium_sensu_stricto_12,s__uncultured_bacterium_g__Clostridium_sensu_stricto_12,OTU2333,50,7.0E-5,47.058823529412%
d__Bacteria,k__norank_d__Bacteria,p__Proteobacteria,c__Deltaproteobacteria,o__Bdellovibrionales,f__Bacteriovoracaceae,g__Peredibacter,s__metagenome_g__Peredibacter,OTU1377,2,2.76774e-6,5.8823529411765%
d__Bacteria,k__norank_d__Bacteria,p__Proteobacteria,c__Deltaproteobacteria,o__Bdellovibrionales,f__Bdellovibrionaceae,g__OM27_clade,s__unclassified_g__OM27_clade,OTU1357,38,5.0E-5,11.764705882353%
d__Bacteria,k__norank_d__Bacteria,p__Proteobacteria,c__Alphaproteobacteria,o__Rhodovibrionales,f__Fodinicurvataceae,g__norank_f__Fodinicurvataceae,s__metagenome_g__norank_f__Fodinicurvataceae,OTU1610,23,3.0E-5,23.529411764706%
d__Bacteria,k__norank_d__Bacteria,p__Bacteroidetes,c__Bacteroidia,o__Bacteroidales,f__Dysgonomonadaceae,g__Dysgonomonas,s__uncultured_bacterium_g__Dysgonomonas,OTU1726,64,9.0E-5,5.8823529411765%
d__Bacteria,k__norank_d__Bacteria,p__Proteobacteria,c__Alphaproteobacteria,o__Rickettsiales,f__SM2D12,g__norank_f__SM2D12,s__unclassified_g__norank_f__SM2D12,OTU1689,28,4.0E-5,35.294117647059%
d__Bacteria,k__norank_d__Bacteria,p__Proteobacteria,c__Alphaproteobacteria,o__Elsterales,f__Elsteraceae,g__norank_f__Elsteraceae,s__uncultured_bacterium_g__norank_f__Elsteraceae,OTU1963,89,0.00012,29.411764705882%
d__Bacteria,k__norank_d__Bacteria,p__Dependentiae,c__Babeliae,o__Babeliales,f__norank_o__Babeliales,g__norank_o__Babeliales,s__uncultured_bacterium_g__norank_o__Babeliales,OTU1274,4,5.53547e-6,5.8823529411765%
d__Bacteria,k__norank_d__Bacteria,p__Proteobacteria,c__Gammaproteobacteria,o__Pseudomonadales,f__Moraxellaceae,g__Perlucidibaca,s__uncultured_bacterium_g__Perlucidibaca,OTU1322,36,5.0E-5,17.647058823529%
d__Bacteria,k__norank_d__Bacteria,p__Proteobacteria,c__Gammaproteobacteria,o__Immundisolibacterales,f__Immundisolibacteraceae,g__Immundisolibacter,s__unclassified_g__Immundisolibacter,OTU1634,283,0.00039,35.294117647059%
d__Bacteria,k__norank_d__Bacteria,p__Proteobacteria,c__Deltaproteobacteria,o__Oligoflexales,f__0319-6G20,g__norank_f__0319-6G20,s__uncultured_bacterium_g__norank_f__0319-6G20,OTU1755,4,5.53547e-6,5.8823529411765%
d__Bacteria,k__norank_d__Bacteria,p__Rokubacteria,c__NC10,o__Rokubacteriales,f__norank_o__Rokubacteriales,g__norank_o__Rokubacteriales,s__uncultured_bacterium_g__norank_o__Rokubacteriales,OTU1468,19,3.0E-5,11.764705882353%
d__Bacteria,k__norank_d__Bacteria,p__Proteobacteria,c__Gammaproteobacteria,o__Diplorickettsiales,f__Diplorickettsiaceae,g__Aquicella,s__unclassified_g__Aquicella,OTU1622,106,0.00015,23.529411764706%
d__Bacteria,k__norank_d__Bacteria,p__Gemmatimonadetes,c__Gemmatimonadetes,o__Gemmatimonadales,f__Gemmatimonadaceae,g__norank_f__Gemmatimonadaceae,s__unclassified_g__norank_f__Gemmatimonadaceae,OTU1216,1516,0.0021,5.8823529411765%
d__Bacteria,k__norank_d__Bacteria,p__Chloroflexi,c__TK10,o__norank_c__TK10,f__norank_c__TK10,g__norank_c__TK10,s__uncultured_bacterium_g__norank_c__TK10,OTU1444,3,4.15161e-6,5.8823529411765%
d__Bacteria,k__norank_d__Bacteria,p__Proteobacteria,c__Deltaproteobacteria,o__Syntrophobacterales,f__Syntrophaceae,g__Desulfobacca,s__unclassified_g__Desulfobacca,OTU2386,4,5.53547e-6,23.529411764706%
d__Bacteria,k__norank_d__Bacteria,p__Proteobacteria,c__Deltaproteobacteria,o__unclassified_c__Deltaproteobacteria,f__unclassified_c__Deltaproteobacteria,g__unclassified_c__Deltaproteobacteria,s__unclassified_c__Deltaproteobacteria,OTU1379,7,9.68708e-6,23.529411764706%
d__Bacteria,k__norank_d__Bacteria,p__Chlamydiae,c__Chlamydiae,o__Chlamydiales,f__Simkaniaceae,g__norank_f__Simkaniaceae,s__unclassified_g__norank_f__Simkaniaceae,OTU1364,4,5.53547e-6,5.8823529411765%
d__Bacteria,k__norank_d__Bacteria,p__Proteobacteria,c__Alphaproteobacteria,o__Sphingomonadales,f__Sphingomonadaceae,g__unclassified_f__Sphingomonadaceae,s__unclassified_f__Sphingomonadaceae,OTU1611,486,0.00067,47.058823529412%
d__Bacteria,k__norank_d__Bacteria,p__Proteobacteria,c__Deltaproteobacteria,o__Myxococcales,f__BIrii41,g__norank_f__BIrii41,s__unclassified_g__norank_f__BIrii41,OTU1699,9,1.0E-5,17.647058823529%
d__Bacteria,k__norank_d__Bacteria,p__Proteobacteria,c__Alphaproteobacteria,o__unclassified_c__Alphaproteobacteria,f__unclassified_c__Alphaproteobacteria,g__unclassified_c__Alphaproteobacteria,s__unclassified_c__Alphaproteobacteria,OTU1970,33,5.0E-5,17.647058823529%
d__Bacteria,k__norank_d__Bacteria,p__Proteobacteria,c__Gammaproteobacteria,o__Betaproteobacteriales,f__TRA3-20,g__norank_f__TRA3-20,s__uncultured_beta_proteobacterium_g__norank_f__TRA3-20,OTU1276,30,4.0E-5,5.8823529411765%
d__Bacteria,k__norank_d__Bacteria,p__Chloroflexi,c__JG30-KF-CM66,o__norank_c__JG30-KF-CM66,f__norank_c__JG30-KF-CM66,g__norank_c__JG30-KF-CM66,s__unclassified_g__norank_c__JG30-KF-CM66,OTU1737,6902,0.00955,82.352941176471%
d__Bacteria,k__norank_d__Bacteria,p__Proteobacteria,c__Gammaproteobacteria,o__Diplorickettsiales,f__Diplorickettsiaceae,g__norank_f__Diplorickettsiaceae,s__uncultured_Coxiellaceae_bacterium_g__norank_f__Diplorickettsiaceae,OTU1327,12,2.0E-5,11.764705882353%
d__Bacteria,k__norank_d__Bacteria,p__Bacteroidetes,c__Bacteroidia,o__Cytophagales,f__Cytophagaceae,g__Cytophaga,s__metagenome_g__Cytophaga,OTU1647,27,4.0E-5,11.764705882353%
d__Bacteria,k__norank_d__Bacteria,p__Patescibacteria,c__Parcubacteria,o__Candidatus_Jorgensenbacteria,f__norank_o__Candidatus_Jorgensenbacteria,g__norank_o__Candidatus_Jorgensenbacteria,s__Parcubacteria_group_bacterium_GW2011_GWA2_47_8b,OTU1485,2,2.76774e-6,5.8823529411765%
d__Bacteria,k__norank_d__Bacteria,p__Proteobacteria,c__Gammaproteobacteria,o__Gammaproteobacteria_Incertae_Sedis,f__unclassified_o__Gammaproteobacteria_Incertae_Sedis,g__norank_f__unclassified_o__Gammaproteobacteria_Incertae_Sedis,s__uncultured_soil_bacterium_g__norank_f__unclassified,OTU1603,7,9.68708e-6,17.647058823529%
d__Bacteria,k__norank_d__Bacteria,p__Planctomycetes,c__Phycisphaerae,o__Phycisphaerales,f__Phycisphaeraceae,g__SM1A02,s__uncultured_bacterium_g__SM1A02,OTU1652,11,2.0E-5,11.764705882353%
d__Bacteria,k__norank_d__Bacteria,p__Firmicutes,c__Clostridia,o__Clostridiales,f__Ruminococcaceae,g__Ruminococcaceae_UCG-014,s__gut_metagenome_g__Ruminococcaceae_UCG-014,OTU2387,2,2.76774e-6,11.764705882353%
d__Bacteria,k__norank_d__Bacteria,p__Patescibacteria,c__Parcubacteria,o__Candidatus_Kaiserbacteria,f__norank_o__Candidatus_Kaiserbacteria,g__norank_o__Candidatus_Kaiserbacteria,s__uncultured_bacterium_g__norank_o__Candidatus_Kaiserbacteria,OTU1387,2,2.76774e-6,5.8823529411765%
d__Bacteria,k__norank_d__Bacteria,p__Bacteroidetes,c__Bacteroidia,o__Sphingobacteriales,f__env.OPS_17,g__norank_f__env.OPS_17,s__metagenome_g__norank_f__env.OPS_17,OTU1222,10,1.0E-5,17.647058823529%
d__Bacteria,k__norank_d__Bacteria,p__Proteobacteria,c__Gammaproteobacteria,o__Betaproteobacteriales,f__unclassified_o__Betaproteobacteriales,g__unclassified_o__Betaproteobacteriales,s__unclassified_o__Betaproteobacteriales,OTU1386,4,5.53547e-6,5.8823529411765%
d__Bacteria,k__norank_d__Bacteria,p__Proteobacteria,c__Alphaproteobacteria,o__norank_c__Alphaproteobacteria,f__norank_c__Alphaproteobacteria,g__norank_c__Alphaproteobacteria,s__unclassified_g__norank_c__Alphaproteobacteria,OTU1759,21,3.0E-5,11.764705882353%
d__Bacteria,k__norank_d__Bacteria,p__Actinobacteria,c__Actinobacteria,o__Microtrichales,f__Iamiaceae,g__Iamia,s__unclassified_g__Iamia,OTU1452,34,5.0E-5,29.411764705882%
d__Bacteria,k__norank_d__Bacteria,p__Proteobacteria,c__Alphaproteobacteria,o__Caulobacterales,f__Hyphomonadaceae,g__norank_f__Hyphomonadaceae,s__uncultured_bacterium_g__norank_f__Hyphomonadaceae,OTU1979,37,5.0E-5,47.058823529412%
d__Bacteria,k__norank_d__Bacteria,p__Acidobacteria,c__Acidobacteriia,o__Solibacterales,f__Solibacteraceae_Subgroup_3,g__Bryobacter,s__uncultured_bacterium_g__Bryobacter,OTU1627,16,2.0E-5,17.647058823529%
d__Bacteria,k__norank_d__Bacteria,p__Proteobacteria,c__Gammaproteobacteria,o__Legionellales,f__Legionellaceae,g__norank_f__Legionellaceae,s__uncultured_bacterium_g__norank_f__Legionellaceae,OTU1318,2,2.76774e-6,5.8823529411765%
d__Bacteria,k__norank_d__Bacteria,p__Chloroflexi,c__JG30-KF-CM66,o__norank_c__JG30-KF-CM66,f__norank_c__JG30-KF-CM66,g__norank_c__JG30-KF-CM66,s__metagenome_g__norank_c__JG30-KF-CM66,OTU1703,324,0.00045,82.352941176471%
d__Bacteria,k__norank_d__Bacteria,p__Chloroflexi,c__JG30-KF-CM66,o__norank_c__JG30-KF-CM66,f__norank_c__JG30-KF-CM66,g__norank_c__JG30-KF-CM66,s__uncultured_bacterium_g__norank_c__JG30-KF-CM66,OTU1371,14,2.0E-5,17.647058823529%
d__Bacteria,k__norank_d__Bacteria,p__Cyanobacteria,c__Oxyphotobacteria,o__Chloroplast,f__norank_o__Chloroplast,g__norank_o__Chloroplast,s__unclassified_g__norank_o__Chloroplast,OTU1654,2,2.76774e-6,11.764705882353%
d__Bacteria,k__norank_d__Bacteria,p__Firmicutes,c__Clostridia,o__Clostridiales,f__Lachnospiraceae,g__Roseburia,s__uncultured_organism_g__Roseburia,OTU2407,6,8.30321e-6,23.529411764706%
d__Bacteria,k__norank_d__Bacteria,p__Acidobacteria,c__Blastocatellia_Subgroup_4,o__Blastocatellales,f__Blastocatellaceae,g__unclassified_f__Blastocatellaceae,s__unclassified_f__Blastocatellaceae,OTU1662,28,4.0E-5,35.294117647059%
d__Bacteria,k__norank_d__Bacteria,p__Proteobacteria,c__Alphaproteobacteria,o__Dongiales,f__Dongiaceae,g__Dongia,s__unclassified_g__Dongia,OTU1746,1056,0.00146,47.058823529412%
d__Bacteria,k__norank_d__Bacteria,p__Proteobacteria,c__Alphaproteobacteria,o__Rhodospirillales,f__unclassified_o__Rhodospirillales,g__unclassified_o__Rhodospirillales,s__unclassified_o__Rhodospirillales,OTU1513,6,8.30321e-6,5.8823529411765%
d__Bacteria,k__norank_d__Bacteria,p__Proteobacteria,c__Deltaproteobacteria,o__Oligoflexales,f__0319-6G20,g__norank_f__0319-6G20,s__uncultured_Syntrophobacteraceae_bacterium_g__norank,OTU1415,4,5.53547e-6,5.8823529411765%
d__Bacteria,k__norank_d__Bacteria,p__Proteobacteria,c__Alphaproteobacteria,o__Caulobacterales,f__Hyphomonadaceae,g__SWB02,s__uncultured_bacterium_g__SWB02,OTU1620,200,0.00028,76.470588235294%
d__Bacteria,k__norank_d__Bacteria,p__Proteobacteria,c__Alphaproteobacteria,o__Sphingomonadales,f__Sphingomonadaceae,g__Sphingosinicella,s__uncultured_Sphingomonadaceae_bacterium_g__Sphingosinicella,OTU1762,891,0.00123,70.588235294118%
d__Bacteria,k__norank_d__Bacteria,p__Cyanobacteria,c__Melainabacteria,o__Vampirovibrionales,f__norank_o__Vampirovibrionales,g__norank_o__Vampirovibrionales,s__uncultured_bacterium_g__norank_o__Vampirovibrionales,OTU1495,3,4.15161e-6,5.8823529411765%
d__Bacteria,k__norank_d__Bacteria,p__Proteobacteria,c__Deltaproteobacteria,o__Bdellovibrionales,f__Bdellovibrionaceae,g__Bdellovibrio,s__uncultured_bacterium_g__Bdellovibrio,OTU1225,13,2.0E-5,5.8823529411765%
d__Bacteria,k__norank_d__Bacteria,p__Acidobacteria,c__Acidobacteriia,o__Subgroup_2,f__norank_o__Subgroup_2,g__norank_o__Subgroup_2,s__uncultured_bacterium_g__norank_o__Subgroup_2,OTU1336,5,6.91934e-6,5.8823529411765%
d__Bacteria,k__norank_d__Bacteria,p__Proteobacteria,c__Deltaproteobacteria,o__Myxococcales,f__bacteriap25,g__norank_f__bacteriap25,s__unclassified_g__norank_f__bacteriap25,OTU1661,61,8.0E-5,11.764705882353%
d__Bacteria,k__norank_d__Bacteria,p__Cyanobacteria,c__Melainabacteria,o__Vampirovibrionales,f__norank_o__Vampirovibrionales,g__norank_o__Vampirovibrionales,s__uncultured_bacterium_g__norank_o__Vampirovibrionales,OTU1400,3,4.15161e-6,5.8823529411765%
d__Bacteria,k__norank_d__Bacteria,p__Proteobacteria,c__Deltaproteobacteria,o__unclassified_c__Deltaproteobacteria,f__unclassified_c__Deltaproteobacteria,g__unclassified_c__Deltaproteobacteria,s__unclassified_c__Deltaproteobacteria,OTU2439,9,1.0E-5,35.294117647059%
d__Bacteria,k__norank_d__Bacteria,p__Proteobacteria,c__Alphaproteobacteria,o__Reyranellales,f__Reyranellaceae,g__norank_f__Reyranellaceae,s__unclassified_g__norank_f__Reyranellaceae,OTU1984,262,0.00036,41.176470588235%
d__Bacteria,k__norank_d__Bacteria,p__Planctomycetes,c__Planctomycetacia,o__Gemmatales,f__Gemmataceae,g__norank_f__Gemmataceae,s__unclassified_g__norank_f__Gemmataceae,OTU1673,8,1.0E-5,17.647058823529%
d__Bacteria,k__norank_d__Bacteria,p__Proteobacteria,c__Alphaproteobacteria,o__Micavibrionales,f__Micavibrionaceae,g__norank_f__Micavibrionaceae,s__uncultured_alpha_proteobacterium_g__norank_f__Micavibrionaceae,OTU1383,2,2.76774e-6,5.8823529411765%
d__Bacteria,k__norank_d__Bacteria,p__Proteobacteria,c__Deltaproteobacteria,o__MBNT15,f__norank_o__MBNT15,g__norank_o__MBNT15,s__unclassified_g__norank_o__MBNT15,OTU1750,240,0.00033,58.823529411765%
d__Bacteria,k__norank_d__Bacteria,p__WPS-2,c__norank_p__WPS-2,o__norank_p__WPS-2,f__norank_p__WPS-2,g__norank_p__WPS-2,s__metagenome_g__norank_p__WPS-2,OTU1711,25,3.0E-5,23.529411764706%
d__Bacteria,k__norank_d__Bacteria,p__Proteobacteria,c__Alphaproteobacteria,o__unclassified_c__Alphaproteobacteria,f__unclassified_c__Alphaproteobacteria,g__unclassified_c__Alphaproteobacteria,s__unclassified_c__Alphaproteobacteria,OTU1525,10,1.0E-5,11.764705882353%
d__Bacteria,k__norank_d__Bacteria,p__Proteobacteria,c__Alphaproteobacteria,o__Rickettsiales,f__Rickettsiaceae,g__norank_f__Rickettsiaceae,s__unclassified_g__norank_f__Rickettsiaceae,OTU1786,4,5.53547e-6,5.8823529411765%
d__Bacteria,k__norank_d__Bacteria,p__Armatimonadetes,c__norank_p__Armatimonadetes,o__norank_p__Armatimonadetes,f__norank_p__Armatimonadetes,g__norank_p__Armatimonadetes,s__uncultured_actinobacterium_g__norank_p__Armatimonadetes,OTU1630,24,3.0E-5,41.176470588235%
d__Bacteria,k__norank_d__Bacteria,p__Proteobacteria,c__Gammaproteobacteria,o__Betaproteobacteriales,f__Burkholderiaceae,g__Massilia,s__unclassified_g__Massilia,OTU1665,734,0.00102,52.941176470588%
d__Bacteria,k__norank_d__Bacteria,p__Proteobacteria,c__Alphaproteobacteria,o__Acetobacterales,f__Acetobacterales_Incertae_Sedis,g__norank_f__Acetobacterales_Incertae_Sedis,s__uncultured_bacterium_g__norank_f__Acetobacterales_Incertae_Sedis,OTU1434,11,2.0E-5,11.764705882353%
d__Bacteria,k__norank_d__Bacteria,p__Proteobacteria,c__Alphaproteobacteria,o__Rhodospirillales,f__norank_o__Rhodospirillales,g__norank_o__Rhodospirillales,s__unclassified_g__norank_o__Rhodospirillales,OTU1501,5,6.91934e-6,5.8823529411765%
d__Bacteria,k__norank_d__Bacteria,p__Proteobacteria,c__Deltaproteobacteria,o__Oligoflexales,f__0319-6G20,g__norank_f__0319-6G20,s__uncultured_bacterium_g__norank_f__0319-6G20,OTU1668,13,2.0E-5,17.647058823529%
d__Bacteria,k__norank_d__Bacteria,p__Proteobacteria,c__Gammaproteobacteria,o__Gammaproteobacteria_Incertae_Sedis,f__unclassified_o__Gammaproteobacteria_Incertae_Sedis,g__Acidibacter,s__uncultured_bacterium_g__Acidibacter,OTU1235,14,2.0E-5,23.529411764706%
d__Bacteria,k__norank_d__Bacteria,p__Proteobacteria,c__Gammaproteobacteria,o__Enterobacteriales,f__Enterobacteriaceae,g__Morganella,s__unclassified_g__Morganella,OTU2005,42,6.0E-5,5.8823529411765%
d__Bacteria,k__norank_d__Bacteria,p__Acidobacteria,c__Thermoanaerobaculia,o__Thermoanaerobaculales,f__Thermoanaerobaculaceae,g__Subgroup_10,s__uncultured_bacterium_g__Subgroup_10,OTU1341,11,2.0E-5,17.647058823529%
d__Bacteria,k__norank_d__Bacteria,p__Proteobacteria,c__Deltaproteobacteria,o__Desulfarculales,f__Desulfarculaceae,g__norank_f__Desulfarculaceae,s__unclassified_g__norank_f__Desulfarculaceae,OTU1674,46,6.0E-5,29.411764705882%
d__Bacteria,k__norank_d__Bacteria,p__Proteobacteria,c__Deltaproteobacteria,o__Myxococcales,f__Blfdi19,g__norank_f__Blfdi19,s__unclassified_g__norank_f__Blfdi19,OTU2464,7,9.68708e-6,29.411764705882%
d__Bacteria,k__norank_d__Bacteria,p__Proteobacteria,c__Alphaproteobacteria,o__unclassified_c__Alphaproteobacteria,f__unclassified_c__Alphaproteobacteria,g__unclassified_c__Alphaproteobacteria,s__unclassified_c__Alphaproteobacteria,OTU1425,12,2.0E-5,5.8823529411765%
d__Bacteria,k__norank_d__Bacteria,p__Firmicutes,c__Negativicutes,o__Selenomonadales,f__Veillonellaceae,g__Pelosinus,s__uncultured_Pelosinus_sp.,OTU1794,69,0.0001,5.8823529411765%
d__Bacteria,k__norank_d__Bacteria,p__Acidobacteria,c__Subgroup_5,o__norank_c__Subgroup_5,f__norank_c__Subgroup_5,g__norank_c__Subgroup_5,s__unclassified_g__norank_c__Subgroup_5,OTU1395,2,2.76774e-6,5.8823529411765%
d__Bacteria,k__norank_d__Bacteria,p__Proteobacteria,c__Alphaproteobacteria,o__norank_c__Alphaproteobacteria,f__norank_c__Alphaproteobacteria,g__norank_c__Alphaproteobacteria,s__unclassified_g__norank_c__Alphaproteobacteria,OTU1659,101,0.00014,35.294117647059%
d__Bacteria,k__norank_d__Bacteria,p__Planctomycetes,c__Phycisphaerae,o__Phycisphaerales,f__Phycisphaeraceae,g__SM1A02,s__metagenome_g__SM1A02,OTU1694,32,4.0E-5,35.294117647059%
d__Bacteria,k__norank_d__Bacteria,p__Acidobacteria,c__Acidobacteriia,o__Solibacterales,f__Solibacteraceae_Subgroup_3,g__Candidatus_Solibacter,s__uncultured_bacterium_g__Candidatus_Solibacter,OTU1533,98,0.00014,5.8823529411765%
d__Bacteria,k__norank_d__Bacteria,p__Proteobacteria,c__Alphaproteobacteria,o__unclassified_c__Alphaproteobacteria,f__unclassified_c__Alphaproteobacteria,g__unclassified_c__Alphaproteobacteria,s__unclassified_c__Alphaproteobacteria,OTU1767,41,6.0E-5,29.411764705882%
d__Bacteria,k__norank_d__Bacteria,p__Omnitrophicaeota,c__norank_p__Omnitrophicaeota,o__norank_p__Omnitrophicaeota,f__norank_p__Omnitrophicaeota,g__norank_p__Omnitrophicaeota,s__uncultured_beta_proteobacterium_g__norank_p__Omnitrophicaeota,OTU2063,3,4.15161e-6,17.647058823529%
d__Bacteria,k__norank_d__Bacteria,p__Proteobacteria,c__Gammaproteobacteria,o__Ga0077536,f__norank_o__Ga0077536,g__norank_o__Ga0077536,s__uncultured_sulfur-oxidizing_symbiont_bacterium_g__norank_o__Ga0077536,OTU1351,4,5.53547e-6,11.764705882353%
d__Bacteria,k__norank_d__Bacteria,p__Bacteroidetes,c__Bacteroidia,o__Chitinophagales,f__Chitinophagaceae,g__unclassified_f__Chitinophagaceae,s__unclassified_f__Chitinophagaceae,OTU1683,16,2.0E-5,11.764705882353%
d__Bacteria,k__norank_d__Bacteria,p__Bacteroidetes,c__Bacteroidia,o__Sphingobacteriales,f__S15A-MN91,g__norank_f__S15A-MN91,s__uncultured_bacterium_g__norank_f__S15A-MN91,OTU2469,6,8.30321e-6,35.294117647059%
d__Bacteria,k__norank_d__Bacteria,p__Proteobacteria,c__Deltaproteobacteria,o__Myxococcales,f__Blfdi19,g__norank_f__Blfdi19,s__uncultured_Firmicutes_bacterium_g__norank_f__Blfdi19,OTU1436,17,2.0E-5,5.8823529411765%
d__Bacteria,k__norank_d__Bacteria,p__Proteobacteria,c__Gammaproteobacteria,o__Ga0077536,f__norank_o__Ga0077536,g__norank_o__Ga0077536,s__metagenome_g__norank_o__Ga0077536,OTU1805,14,2.0E-5,29.411764705882%
d__Bacteria,k__norank_d__Bacteria,p__Proteobacteria,c__Deltaproteobacteria,o__MBNT15,f__norank_o__MBNT15,g__norank_o__MBNT15,s__uncultured_bacterium_g__norank_o__MBNT15,OTU1426,50,7.0E-5,17.647058823529%
d__Bacteria,k__norank_d__Bacteria,p__Proteobacteria,c__Alphaproteobacteria,o__Rhizobiales,f__Methyloligellaceae,g__norank_f__Methyloligellaceae,s__metagenome_g__norank_f__Methyloligellaceae,OTU1240,335,0.00046,70.588235294118%
d__Bacteria,k__norank_d__Bacteria,p__Rokubacteria,c__NC10,o__Rokubacteriales,f__norank_o__Rokubacteriales,g__norank_o__Rokubacteriales,s__uncultured_bacterium_g__norank_o__Rokubacteriales,OTU1542,72,0.0001,29.411764705882%
d__Bacteria,k__norank_d__Bacteria,p__Cyanobacteria,c__Oxyphotobacteria,o__Chloroplast,f__norank_o__Chloroplast,g__norank_o__Chloroplast,s__Picea_smithiana,OTU1681,5,6.91934e-6,29.411764705882%
d__Bacteria,k__norank_d__Bacteria,p__Planctomycetes,c__Planctomycetacia,o__Gemmatales,f__Gemmataceae,g__norank_f__Gemmataceae,s__unclassified_g__norank_f__Gemmataceae,OTU1814,31,4.0E-5,35.294117647059%
d__Bacteria,k__norank_d__Bacteria,p__Actinobacteria,c__Actinobacteria,o__Gaiellales,f__norank_o__Gaiellales,g__norank_o__Gaiellales,s__unclassified_g__norank_o__Gaiellales,OTU1398,16,2.0E-5,23.529411764706%
d__Bacteria,k__norank_d__Bacteria,p__Actinobacteria,c__Actinobacteria,o__Pseudonocardiales,f__Pseudonocardiaceae,g__Actinomycetospora,s__uncultured_bacterium_g__Actinomycetospora,OTU1704,4,5.53547e-6,11.764705882353%
d__Bacteria,k__norank_d__Bacteria,p__Planctomycetes,c__Phycisphaerae,o__Phycisphaerales,f__Phycisphaeraceae,g__SM1A02,s__unidentified_marine_bacterioplankton_g__SM1A02,OTU1535,5,6.91934e-6,17.647058823529%
d__Bacteria,k__norank_d__Bacteria,p__Planctomycetes,c__OM190,o__norank_c__OM190,f__norank_c__OM190,g__norank_c__OM190,s__uncultured_soil_bacterium_g__norank_c__OM190,OTU1675,3,4.15161e-6,11.764705882353%
d__Bacteria,k__norank_d__Bacteria,p__Armatimonadetes,c__Chthonomonadetes,o__Chthonomonadales,f__norank_o__Chthonomonadales,g__norank_o__Chthonomonadales,s__uncultured_bacterium_g__norank_o__Chthonomonadales,OTU2112,7,9.68708e-6,29.411764705882%
d__Bacteria,k__norank_d__Bacteria,p__Proteobacteria,c__Alphaproteobacteria,o__Sphingomonadales,f__Sphingomonadaceae,g__unclassified_f__Sphingomonadaceae,s__unclassified_f__Sphingomonadaceae,OTU1696,438,0.00061,88.235294117647%
d__Bacteria,k__norank_d__Bacteria,p__Acidobacteria,c__Acidobacteriia,o__Solibacterales,f__Solibacteraceae_Subgroup_3,g__Candidatus_Solibacter,s__uncultured_Acidobacteria_bacterium_g__Candidatus_Solibacter,OTU2474,21,3.0E-5,64.705882352941%
d__Bacteria,k__norank_d__Bacteria,p__Planctomycetes,c__Planctomycetacia,o__Gemmatales,f__Gemmataceae,g__norank_f__Gemmataceae,s__uncultured_planctomycete_g__norank_f__Gemmataceae,OTU1824,118,0.00016,41.176470588235%
d__Bacteria,k__norank_d__Bacteria,p__Actinobacteria,c__Actinobacteria,o__Solirubrobacterales,f__67-14,g__norank_f__67-14,s__uncultured_soil_bacterium_g__norank_f__67-14,OTU1372,13,2.0E-5,11.764705882353%
d__Bacteria,k__norank_d__Bacteria,p__Acidobacteria,c__Acidobacteriia,o__Solibacterales,f__Solibacteraceae_Subgroup_3,g__unclassified_f__Solibacteraceae_Subgroup_3,s__unclassified_f__Solibacteraceae_Subgroup_3,OTU1442,10,1.0E-5,35.294117647059%
d__Bacteria,k__norank_d__Bacteria,p__Proteobacteria,c__Alphaproteobacteria,o__norank_c__Alphaproteobacteria,f__norank_c__Alphaproteobacteria,g__norank_c__Alphaproteobacteria,s__uncultured_Bradyrhizobiaceae_bacterium_g__norank_c__Alphaproteobacteria,OTU1552,23,3.0E-5,35.294117647059%
d__Bacteria,k__norank_d__Bacteria,p__Proteobacteria,c__Alphaproteobacteria,o__Reyranellales,f__Reyranellaceae,g__Reyranella,s__unclassified_g__Reyranella,OTU1686,304,0.00042,70.588235294118%
d__Bacteria,k__norank_d__Bacteria,p__Bacteroidetes,c__Bacteroidia,o__Cytophagales,f__Microscillaceae,g__norank_f__Microscillaceae,s__unclassified_g__norank_f__Microscillaceae,OTU1581,7,9.68708e-6,23.529411764706%
d__Bacteria,k__norank_d__Bacteria,p__Proteobacteria,c__Deltaproteobacteria,o__unclassified_c__Deltaproteobacteria,f__unclassified_c__Deltaproteobacteria,g__unclassified_c__Deltaproteobacteria,s__unclassified_c__Deltaproteobacteria,OTU1451,2,2.76774e-6,5.8823529411765%
d__Bacteria,k__norank_d__Bacteria,p__Armatimonadetes,c__Chthonomonadetes,o__Chthonomonadales,f__Chthonomonadaceae,g__Chthonomonas,s__unclassified_g__Chthonomonas,OTU1817,14,2.0E-5,5.8823529411765%
d__Bacteria,k__norank_d__Bacteria,p__Proteobacteria,c__Gammaproteobacteria,o__Diplorickettsiales,f__Diplorickettsiaceae,g__norank_f__Diplorickettsiaceae,s__unclassified_g__norank_f__Diplorickettsiaceae,OTU2130,3,4.15161e-6,11.764705882353%
d__Bacteria,k__norank_d__Bacteria,p__Proteobacteria,c__Gammaproteobacteria,o__CCM19a,f__norank_o__CCM19a,g__norank_o__CCM19a,s__uncultured_gamma_proteobacterium_g__norank_o__CCM19a,OTU1255,44,6.0E-5,11.764705882353%
d__Bacteria,k__norank_d__Bacteria,p__Proteobacteria,c__Alphaproteobacteria,o__norank_c__Alphaproteobacteria,f__norank_c__Alphaproteobacteria,g__norank_c__Alphaproteobacteria,s__unclassified_g__norank_c__Alphaproteobacteria,OTU1718,169,0.00023,35.294117647059%
d__Bacteria,k__norank_d__Bacteria,p__Bacteroidetes,c__Bacteroidia,o__Chitinophagales,f__Chitinophagaceae,g__norank_f__Chitinophagaceae,s__metagenome_g__norank_f__Chitinophagaceae,OTU1801,13,2.0E-5,23.529411764706%
d__Bacteria,k__norank_d__Bacteria,p__Proteobacteria,c__Alphaproteobacteria,o__Caulobacterales,f__Parvularculaceae,g__Amphiplicatus,s__uncultured_bacterium_g__Amphiplicatus,OTU1692,25,3.0E-5,23.529411764706%
d__Bacteria,k__norank_d__Bacteria,p__Firmicutes,c__Clostridia,o__Clostridiales,f__Ruminococcaceae,g__Anaerofilum,s__uncultured_Anaerofilum_sp.,OTU2490,5,6.91934e-6,23.529411764706%
d__Bacteria,k__norank_d__Bacteria,p__Gemmatimonadetes,c__Gemmatimonadetes,o__Gemmatimonadales,f__Gemmatimonadaceae,g__Gemmatimonas,s__metagenome_g__Gemmatimonas,OTU1399,7,9.68708e-6,5.8823529411765%
d__Bacteria,k__norank_d__Bacteria,p__Proteobacteria,c__Deltaproteobacteria,o__NB1-j,f__norank_o__NB1-j,g__norank_o__NB1-j,s__unclassified_g__norank_o__NB1-j,OTU1829,48,7.0E-5,17.647058823529%
d__Bacteria,k__norank_d__Bacteria,p__Chlamydiae,c__Chlamydiae,o__Chlamydiales,f__Parachlamydiaceae,g__Candidatus_Protochlamydia,s__metagenome_g__Candidatus_Protochlamydia,OTU1701,7,9.68708e-6,23.529411764706%
d__Bacteria,k__norank_d__Bacteria,p__Acidobacteria,c__Holophagae,o__Holophagales,f__Holophagaceae,g__unclassified_f__Holophagaceae,s__unclassified_f__Holophagaceae,OTU1448,45,6.0E-5,11.764705882353%
d__Bacteria,k__norank_d__Bacteria,p__Proteobacteria,c__Gammaproteobacteria,o__Betaproteobacteriales,f__SC-I-84,g__norank_f__SC-I-84,s__unclassified_g__norank_f__SC-I-84,OTU1385,118,0.00016,58.823529411765%
d__Bacteria,k__norank_d__Bacteria,p__Chloroflexi,c__OLB14,o__norank_c__OLB14,f__norank_c__OLB14,g__norank_c__OLB14,s__unclassified_g__norank_c__OLB14,OTU1601,81,0.00011,35.294117647059%
d__Bacteria,k__norank_d__Bacteria,p__Entotheonellaeota,c__Entotheonellia,o__Entotheonellales,f__Entotheonellaceae,g__norank_f__Entotheonellaceae,s__uncultured_bacterium_g__norank_f__Entotheonellaceae,OTU1457,13,2.0E-5,5.8823529411765%
d__Bacteria,k__norank_d__Bacteria,p__Firmicutes,c__Erysipelotrichia,o__Erysipelotrichales,f__Erysipelotrichaceae,g__Erysipelothrix,s__uncultured_Erysipelothrix_sp.,OTU1827,5,6.91934e-6,5.8823529411765%
d__Bacteria,k__norank_d__Bacteria,p__Proteobacteria,c__Alphaproteobacteria,o__unclassified_c__Alphaproteobacteria,f__unclassified_c__Alphaproteobacteria,g__unclassified_c__Alphaproteobacteria,s__unclassified_c__Alphaproteobacteria,OTU1752,177,0.00024,35.294117647059%
d__Bacteria,k__norank_d__Bacteria,p__Proteobacteria,c__Alphaproteobacteria,o__Acetobacterales,f__Acetobacteraceae,g__norank_f__Acetobacteraceae,s__unclassified_g__norank_f__Acetobacteraceae,OTU2523,17,2.0E-5,41.176470588235%
d__Bacteria,k__norank_d__Bacteria,p__Actinobacteria,c__Actinobacteria,o__Gaiellales,f__norank_o__Gaiellales,g__norank_o__Gaiellales,s__uncultured_bacterium_g__norank_o__Gaiellales,OTU1697,36,5.0E-5,47.058823529412%
d__Bacteria,k__norank_d__Bacteria,p__Bacteroidetes,c__Bacteroidia,o__Sphingobacteriales,f__Sphingobacteriaceae,g__Pedobacter,s__unclassified_g__Pedobacter,OTU1822,458,0.00063,17.647058823529%
d__Bacteria,k__norank_d__Bacteria,p__Chloroflexi,c__JG30-KF-CM66,o__norank_c__JG30-KF-CM66,f__norank_c__JG30-KF-CM66,g__norank_c__JG30-KF-CM66,s__uncultured_bacterium_g__norank_c__JG30-KF-CM66,OTU1560,114,0.00016,76.470588235294%
d__Bacteria,k__norank_d__Bacteria,p__Dependentiae,c__Babeliae,o__Babeliales,f__Vermiphilaceae,g__norank_f__Vermiphilaceae,s__unclassified_g__norank_f__Vermiphilaceae,OTU1257,45,6.0E-5,11.764705882353%
d__Bacteria,k__norank_d__Bacteria,p__Proteobacteria,c__Deltaproteobacteria,o__Bdellovibrionales,f__Bdellovibrionaceae,g__Bdellovibrio,s__unclassified_g__Bdellovibrio,OTU2139,6,8.30321e-6,29.411764705882%
d__Bacteria,k__norank_d__Bacteria,p__Acidobacteria,c__Acidobacteriia,o__Solibacterales,f__Solibacteraceae_Subgroup_3,g__Paludibaculum,s__unclassified_g__Paludibaculum,OTU1743,14,2.0E-5,41.176470588235%
d__Bacteria,k__norank_d__Bacteria,p__unclassified_k__norank_d__Bacteria,c__unclassified_k__norank_d__Bacteria,o__unclassified_k__norank_d__Bacteria,f__unclassified_k__norank_d__Bacteria,g__unclassified_k__norank_d__Bacteria,s__unclassified_k__norank_d__Bacteria,OTU1732,8,1.0E-5,17.647058823529%
d__Bacteria,k__norank_d__Bacteria,p__Proteobacteria,c__Deltaproteobacteria,o__Bdellovibrionales,f__Bdellovibrionaceae,g__Bdellovibrio,s__uncultured_bacterium_g__Bdellovibrio,OTU1402,115,0.00016,64.705882352941%
d__Bacteria,k__norank_d__Bacteria,p__Patescibacteria,c__Parcubacteria,o__Candidatus_Kaiserbacteria,f__norank_o__Candidatus_Kaiserbacteria,g__norank_o__Candidatus_Kaiserbacteria,s__uncultured_bacterium_g__norank_o__Candidatus_Kaiserbacteria,OTU1491,3,4.15161e-6,11.764705882353%
d__Bacteria,k__norank_d__Bacteria,p__Actinobacteria,c__Actinobacteria,o__Propionibacteriales,f__Nocardioidaceae,g__Nocardioides,s__unclassified_g__Nocardioides,OTU1667,199,0.00028,64.705882352941%
d__Bacteria,k__norank_d__Bacteria,p__Chloroflexi,c__JG30-KF-CM66,o__norank_c__JG30-KF-CM66,f__norank_c__JG30-KF-CM66,g__norank_c__JG30-KF-CM66,s__unclassified_g__norank_c__JG30-KF-CM66,OTU1835,756,0.00105,23.529411764706%
d__Bacteria,k__norank_d__Bacteria,p__Proteobacteria,c__Alphaproteobacteria,o__Acetobacterales,f__Acetobacteraceae,g__unclassified_f__Acetobacteraceae,s__unclassified_f__Acetobacteraceae,OTU1834,42,6.0E-5,35.294117647059%
d__Bacteria,k__norank_d__Bacteria,p__Cyanobacteria,c__Melainabacteria,o__Obscuribacterales,f__norank_o__Obscuribacterales,g__norank_o__Obscuribacterales,s__uncultured_bacterium_g__norank_o__Obscuribacterales,OTU1758,35,5.0E-5,64.705882352941%
d__Bacteria,k__norank_d__Bacteria,p__Proteobacteria,c__Gammaproteobacteria,o__Betaproteobacteriales,f__Rhodocyclaceae,g__Dechloromonas,s__unclassified_g__Dechloromonas,OTU2549,151,0.00021,64.705882352941%
d__Bacteria,k__norank_d__Bacteria,p__unclassified_k__norank_d__Bacteria,c__unclassified_k__norank_d__Bacteria,o__unclassified_k__norank_d__Bacteria,f__unclassified_k__norank_d__Bacteria,g__unclassified_k__norank_d__Bacteria,s__unclassified_k__norank_d__Bacteria,OTU1839,11,2.0E-5,11.764705882353%
d__Bacteria,k__norank_d__Bacteria,p__Proteobacteria,c__Gammaproteobacteria,o__Diplorickettsiales,f__Diplorickettsiaceae,g__norank_f__Diplorickettsiaceae,s__unclassified_g__norank_f__Diplorickettsiaceae,OTU1458,5,6.91934e-6,5.8823529411765%
d__Bacteria,k__norank_d__Bacteria,p__Patescibacteria,c__Gracilibacteria,o__Candidatus_Peribacteria,f__norank_o__Candidatus_Peribacteria,g__norank_o__Candidatus_Peribacteria,s__unclassified_g__norank_o__Candidatus_Peribacteria,OTU1397,2,2.76774e-6,5.8823529411765%
d__Bacteria,k__norank_d__Bacteria,p__Actinobacteria,c__Actinobacteria,o__Pseudonocardiales,f__Pseudonocardiaceae,g__Pseudonocardia,s__unclassified_g__Pseudonocardia,OTU1572,5,6.91934e-6,11.764705882353%
d__Bacteria,k__norank_d__Bacteria,p__Proteobacteria,c__Alphaproteobacteria,o__Caulobacterales,f__Parvularculaceae,g__Amphiplicatus,s__uncultured_Rhizobiales_bacterium_g__Amphiplicatus,OTU1710,952,0.00132,52.941176470588%
d__Bacteria,k__norank_d__Bacteria,p__Proteobacteria,c__Alphaproteobacteria,o__Rhizobiales,f__Xanthobacteraceae,g__norank_f__Xanthobacteraceae,s__unclassified_g__norank_f__Xanthobacteraceae,OTU1761,127,0.00018,52.941176470588%
d__Bacteria,k__norank_d__Bacteria,p__Bacteroidetes,c__Bacteroidia,o__Chitinophagales,f__Chitinophagaceae,g__norank_f__Chitinophagaceae,s__metagenome_g__norank_f__Chitinophagaceae,OTU1740,11,2.0E-5,11.764705882353%
d__Bacteria,k__norank_d__Bacteria,p__Proteobacteria,c__Gammaproteobacteria,o__Gammaproteobacteria_Incertae_Sedis,f__unclassified_o__Gammaproteobacteria_Incertae_Sedis,g__Candidatus_Berkiella,s__uncultured_bacterium_g__Candidatus_Berkiella,OTU1268,2,2.76774e-6,5.8823529411765%
d__Bacteria,k__norank_d__Bacteria,p__Chloroflexi,c__Anaerolineae,o__Anaerolineales,f__Anaerolineaceae,g__norank_f__Anaerolineaceae,s__unclassified_g__norank_f__Anaerolineaceae,OTU2147,28,4.0E-5,41.176470588235%
d__Bacteria,k__norank_d__Bacteria,p__Proteobacteria,c__Alphaproteobacteria,o__unclassified_c__Alphaproteobacteria,f__unclassified_c__Alphaproteobacteria,g__unclassified_c__Alphaproteobacteria,s__unclassified_c__Alphaproteobacteria,OTU1517,2,2.76774e-6,5.8823529411765%
d__Bacteria,k__norank_d__Bacteria,p__Chlamydiae,c__Chlamydiae,o__Chlamydiales,f__Parachlamydiaceae,g__Neochlamydia,s__uncultured_bacterium_g__Neochlamydia,OTU1850,149,0.00021,5.8823529411765%
d__Bacteria,k__norank_d__Bacteria,p__Proteobacteria,c__Deltaproteobacteria,o__Bdellovibrionales,f__Bdellovibrionaceae,g__Bdellovibrio,s__uncultured_bacterium_g__Bdellovibrio,OTU1868,10,1.0E-5,29.411764705882%
d__Bacteria,k__norank_d__Bacteria,p__Actinobacteria,c__Actinobacteria,o__Gaiellales,f__Gaiellaceae,g__Gaiella,s__Gaiella_occulta,OTU1405,791,0.00109,94.117647058824%
d__Bacteria,k__norank_d__Bacteria,p__Proteobacteria,c__Deltaproteobacteria,o__Myxococcales,f__Nannocystaceae,g__Nannocystis,s__uncultured_Myxococcales_bacterium_g__Nannocystis,OTU1669,11,2.0E-5,23.529411764706%
d__Bacteria,k__norank_d__Bacteria,p__Proteobacteria,c__Alphaproteobacteria,o__Rickettsiales,f__SM2D12,g__norank_f__SM2D12,s__unclassified_g__norank_f__SM2D12,OTU1764,6,8.30321e-6,17.647058823529%
d__Bacteria,k__norank_d__Bacteria,p__Bacteroidetes,c__Bacteroidia,o__Chitinophagales,f__Saprospiraceae,g__norank_f__Saprospiraceae,s__unclassified_g__norank_f__Saprospiraceae,OTU2553,2,2.76774e-6,11.764705882353%
d__Bacteria,k__norank_d__Bacteria,p__Gemmatimonadetes,c__Gemmatimonadetes,o__Gemmatimonadales,f__Gemmatimonadaceae,g__norank_f__Gemmatimonadaceae,s__metagenome_g__norank_f__Gemmatimonadaceae,OTU1853,322,0.00045,88.235294117647%
d__Bacteria,k__norank_d__Bacteria,p__Chloroflexi,c__JG30-KF-CM66,o__norank_c__JG30-KF-CM66,f__norank_c__JG30-KF-CM66,g__norank_c__JG30-KF-CM66,s__uncultured_Anaerolineales_bacterium_g__norank_c__JG30-KF-CM66,OTU1473,20,3.0E-5,17.647058823529%
d__Bacteria,k__norank_d__Bacteria,p__unclassified_k__norank_d__Bacteria,c__unclassified_k__norank_d__Bacteria,o__unclassified_k__norank_d__Bacteria,f__unclassified_k__norank_d__Bacteria,g__unclassified_k__norank_d__Bacteria,s__unclassified_k__norank_d__Bacteria,OTU1574,3,4.15161e-6,5.8823529411765%
d__Bacteria,k__norank_d__Bacteria,p__Chloroflexi,c__OLB14,o__norank_c__OLB14,f__norank_c__OLB14,g__norank_c__OLB14,s__unclassified_g__norank_c__OLB14,OTU1717,94,0.00013,11.764705882353%
d__Bacteria,k__norank_d__Bacteria,p__Proteobacteria,c__Deltaproteobacteria,o__Desulfarculales,f__Desulfarculaceae,g__norank_f__Desulfarculaceae,s__uncultured_bacterium_g__norank_f__Desulfarculaceae,OTU1419,33,5.0E-5,23.529411764706%
d__Bacteria,k__norank_d__Bacteria,p__unclassified_k__norank_d__Bacteria,c__unclassified_k__norank_d__Bacteria,o__unclassified_k__norank_d__Bacteria,f__unclassified_k__norank_d__Bacteria,g__unclassified_k__norank_d__Bacteria,s__unclassified_k__norank_d__Bacteria,OTU1766,44,6.0E-5,29.411764705882%
d__Bacteria,k__norank_d__Bacteria,p__Proteobacteria,c__Deltaproteobacteria,o__NB1-j,f__norank_o__NB1-j,g__norank_o__NB1-j,s__metagenome_g__norank_o__NB1-j,OTU1549,24,3.0E-5,5.8823529411765%
d__Bacteria,k__norank_d__Bacteria,p__Proteobacteria,c__Gammaproteobacteria,o__Betaproteobacteriales,f__Burkholderiaceae,g__Noviherbaspirillum,s__unclassified_g__Noviherbaspirillum,OTU2151,97,0.00013,70.588235294118%
d__Bacteria,k__norank_d__Bacteria,p__Firmicutes,c__Clostridia,o__Clostridiales,f__Lachnospiraceae,g__unclassified_f__Lachnospiraceae,s__unclassified_f__Lachnospiraceae,OTU1865,11,2.0E-5,29.411764705882%
d__Bacteria,k__norank_d__Bacteria,p__Proteobacteria,c__Deltaproteobacteria,o__Bdellovibrionales,f__Bdellovibrionaceae,g__Bdellovibrio,s__uncultured_bacterium_g__Bdellovibrio,OTU1417,23,3.0E-5,5.8823529411765%
d__Bacteria,k__norank_d__Bacteria,p__unclassified_k__norank_d__Bacteria,c__unclassified_k__norank_d__Bacteria,o__unclassified_k__norank_d__Bacteria,f__unclassified_k__norank_d__Bacteria,g__unclassified_k__norank_d__Bacteria,s__unclassified_k__norank_d__Bacteria,OTU1765,25,3.0E-5,52.941176470588%
d__Bacteria,k__norank_d__Bacteria,p__Chlamydiae,c__Chlamydiae,o__Chlamydiales,f__Simkaniaceae,g__norank_f__Simkaniaceae,s__uncultured_bacterium_g__norank_f__Simkaniaceae,OTU1281,6,8.30321e-6,17.647058823529%
d__Bacteria,k__norank_d__Bacteria,p__Proteobacteria,c__Deltaproteobacteria,o__Syntrophobacterales,f__Syntrophobacteraceae,g__Syntrophobacter,s__unclassified_g__Syntrophobacter,OTU2556,6,8.30321e-6,35.294117647059%
d__Bacteria,k__norank_d__Bacteria,p__Proteobacteria,c__Alphaproteobacteria,o__unclassified_c__Alphaproteobacteria,f__unclassified_c__Alphaproteobacteria,g__unclassified_c__Alphaproteobacteria,s__unclassified_c__Alphaproteobacteria,OTU1773,2,2.76774e-6,5.8823529411765%
d__Bacteria,k__norank_d__Bacteria,p__Proteobacteria,c__Deltaproteobacteria,o__Bdellovibrionales,f__Bacteriovoracaceae,g__Peredibacter,s__metagenome_g__Peredibacter,OTU1680,7,9.68708e-6,5.8823529411765%
d__Bacteria,k__norank_d__Bacteria,p__Proteobacteria,c__Alphaproteobacteria,o__Caedibacterales,f__Caedibacteraceae,g__norank_f__Caedibacteraceae,s__uncultured_bacterium_g__norank_f__Caedibacteraceae,OTU1871,6,8.30321e-6,5.8823529411765%
d__Bacteria,k__norank_d__Bacteria,p__Nitrospirae,c__Nitrospira,o__norank_c__Nitrospira,f__norank_c__Nitrospira,g__Nitrospira,s__uncultured_Nitrospira_sp._g__Nitrospira,OTU1869,16,2.0E-5,17.647058823529%
d__Bacteria,k__norank_d__Bacteria,p__Patescibacteria,c__Parcubacteria,o__unclassified_c__Parcubacteria,f__unclassified_c__Parcubacteria,g__unclassified_c__Parcubacteria,s__unclassified_c__Parcubacteria,OTU1481,6,8.30321e-6,5.8823529411765%
d__Bacteria,k__norank_d__Bacteria,p__Acetothermia,c__Acetothermiia,o__norank_c__Acetothermiia,f__norank_c__Acetothermiia,g__norank_c__Acetothermiia,s__unclassified_g__norank_c__Acetothermiia,OTU1585,8,1.0E-5,11.764705882353%
d__Bacteria,k__norank_d__Bacteria,p__Chloroflexi,c__Dehalococcoidia,o__S085,f__norank_o__S085,g__norank_o__S085,s__metagenome_g__norank_o__S085,OTU1778,582,0.00081,70.588235294118%
d__Bacteria,k__norank_d__Bacteria,p__Patescibacteria,c__Parcubacteria,o__Candidatus_Yanofskybacteria,f__norank_o__Candidatus_Yanofskybacteria,g__norank_o__Candidatus_Yanofskybacteria,s__unclassified_g__norank_o__Candidatus_Yanofskybacteria,OTU2170,33,5.0E-5,47.058823529412%
d__Bacteria,k__norank_d__Bacteria,p__Armatimonadetes,c__Fimbriimonadia,o__Fimbriimonadales,f__Fimbriimonadaceae,g__norank_f__Fimbriimonadaceae,s__unclassified_g__norank_f__Fimbriimonadaceae,OTU1882,5,6.91934e-6,5.8823529411765%
d__Bacteria,k__norank_d__Bacteria,p__Proteobacteria,c__Deltaproteobacteria,o__Desulfovibrionales,f__Desulfovibrionaceae,g__Desulfovibrio,s__Desulfovibrio_simplex,OTU1723,23,3.0E-5,5.8823529411765%
d__Bacteria,k__norank_d__Bacteria,p__Actinobacteria,c__Actinobacteria,o__Gaiellales,f__norank_o__Gaiellales,g__norank_o__Gaiellales,s__uncultured_bacterium_g__norank_o__Gaiellales,OTU1551,22,3.0E-5,23.529411764706%
d__Bacteria,k__norank_d__Bacteria,p__Bacteroidetes,c__Bacteroidia,o__Chitinophagales,f__Chitinophagaceae,g__norank_f__Chitinophagaceae,s__unclassified_g__norank_f__Chitinophagaceae,OTU1775,1119,0.00155,41.176470588235%
d__Bacteria,k__norank_d__Bacteria,p__Proteobacteria,c__Deltaproteobacteria,o__Myxococcales,f__Sandaracinaceae,g__Sandaracinus,s__uncultured_bacterium_g__Sandaracinus,OTU2580,3,4.15161e-6,17.647058823529%
d__Bacteria,k__norank_d__Bacteria,p__Proteobacteria,c__Deltaproteobacteria,o__Myxococcales,f__bacteriap25,g__norank_f__bacteriap25,s__unclassified_g__norank_f__bacteriap25,OTU1433,9,1.0E-5,11.764705882353%
d__Bacteria,k__norank_d__Bacteria,p__Planctomycetes,c__Planctomycetacia,o__Gemmatales,f__Gemmataceae,g__norank_f__Gemmataceae,s__uncultured_bacterium_g__norank_f__Gemmataceae,OTU1424,3,4.15161e-6,5.8823529411765%
d__Bacteria,k__norank_d__Bacteria,p__Planctomycetes,c__Phycisphaerae,o__Phycisphaerales,f__Phycisphaeraceae,g__SM1A02,s__iron-reducing_bacterium_enrichment_culture_clone_HN122,OTU1714,20,3.0E-5,17.647058823529%
d__Bacteria,k__norank_d__Bacteria,p__Planctomycetes,c__Planctomycetacia,o__Gemmatales,f__Gemmataceae,g__norank_f__Gemmataceae,s__uncultured_bacterium_g__norank_f__Gemmataceae,OTU1784,67,9.0E-5,41.176470588235%
d__Bacteria,k__norank_d__Bacteria,p__unclassified_k__norank_d__Bacteria,c__unclassified_k__norank_d__Bacteria,o__unclassified_k__norank_d__Bacteria,f__unclassified_k__norank_d__Bacteria,g__unclassified_k__norank_d__Bacteria,s__unclassified_k__norank_d__Bacteria,OTU1508,5,6.91934e-6,23.529411764706%
d__Bacteria,k__norank_d__Bacteria,p__Proteobacteria,c__Gammaproteobacteria,o__Diplorickettsiales,f__Diplorickettsiaceae,g__norank_f__Diplorickettsiaceae,s__uncultured_Coxiellaceae_bacterium_g__norank_f__Diplorickettsiaceae,OTU1282,7,9.68708e-6,23.529411764706%
d__Bacteria,k__norank_d__Bacteria,p__Proteobacteria,c__Alphaproteobacteria,o__Rhodospirillales,f__Rhodospirillaceae,g__norank_f__Rhodospirillaceae,s__metagenome_g__norank_f__Rhodospirillaceae,OTU1617,56,8.0E-5,52.941176470588%
d__Bacteria,k__norank_d__Bacteria,p__Proteobacteria,c__Alphaproteobacteria,o__Reyranellales,f__Reyranellaceae,g__norank_f__Reyranellaceae,s__uncultured_Rhodospirillales_bacterium_g__norank,OTU1781,15,2.0E-5,23.529411764706%
d__Bacteria,k__norank_d__Bacteria,p__Proteobacteria,c__Alphaproteobacteria,o__Acetobacterales,f__Acetobacteraceae,g__norank_f__Acetobacteraceae,s__uncultured_bacterium_g__norank_f__Acetobacteraceae,OTU1876,64,9.0E-5,29.411764705882%
d__Bacteria,k__norank_d__Bacteria,p__Chloroflexi,c__Anaerolineae,o__SBR1031,f__norank_o__SBR1031,g__norank_o__SBR1031,s__metagenome_g__norank_o__SBR1031,OTU2174,6,8.30321e-6,29.411764705882%
d__Bacteria,k__norank_d__Bacteria,p__Proteobacteria,c__Deltaproteobacteria,o__Oligoflexales,f__0319-6G20,g__norank_f__0319-6G20,s__freshwater_metagenome_g__norank_f__0319-6G20,OTU1879,30,4.0E-5,23.529411764706%
d__Bacteria,k__norank_d__Bacteria,p__Acidobacteria,c__Acidobacteriia,o__Solibacterales,f__Solibacteraceae_Subgroup_3,g__Bryobacter,s__uncultured_Acidobacteria_bacterium_g__Bryobacter,OTU1730,18,2.0E-5,17.647058823529%
d__Bacteria,k__norank_d__Bacteria,p__Chloroflexi,c__JG30-KF-CM66,o__norank_c__JG30-KF-CM66,f__norank_c__JG30-KF-CM66,g__norank_c__JG30-KF-CM66,s__unclassified_g__norank_c__JG30-KF-CM66,OTU1727,3788,0.00524,88.235294117647%
d__Bacteria,k__norank_d__Bacteria,p__Nitrospirae,c__Nitrospira,o__norank_c__Nitrospira,f__norank_c__Nitrospira,g__Nitrospira,s__hydrothermal_vent_metagenome_g__Nitrospira,OTU1427,7,9.68708e-6,5.8823529411765%
d__Bacteria,k__norank_d__Bacteria,p__Proteobacteria,c__Deltaproteobacteria,o__NB1-j,f__norank_o__NB1-j,g__norank_o__NB1-j,s__unclassified_g__norank_o__NB1-j,OTU1554,105,0.00015,23.529411764706%
d__Bacteria,k__norank_d__Bacteria,p__Proteobacteria,c__Deltaproteobacteria,o__Myxococcales,f__BIrii41,g__norank_f__BIrii41,s__uncultured_bacterium_g__norank_f__BIrii41,OTU2621,6,8.30321e-6,23.529411764706%
d__Bacteria,k__norank_d__Bacteria,p__Bacteroidetes,c__Bacteroidia,o__Cytophagales,f__Spirosomaceae,g__Dyadobacter,s__metagenome_g__Dyadobacter,OTU1792,39,5.0E-5,11.764705882353%
d__Bacteria,k__norank_d__Bacteria,p__Proteobacteria,c__Deltaproteobacteria,o__Bdellovibrionales,f__Bdellovibrionaceae,g__Bdellovibrio,s__unclassified_g__Bdellovibrio,OTU1435,12,2.0E-5,5.8823529411765%
d__Bacteria,k__norank_d__Bacteria,p__Proteobacteria,c__Gammaproteobacteria,o__Diplorickettsiales,f__Diplorickettsiaceae,g__norank_f__Diplorickettsiaceae,s__unclassified_g__norank_f__Diplorickettsiaceae,OTU1307,3,4.15161e-6,5.8823529411765%
d__Bacteria,k__norank_d__Bacteria,p__Bacteroidetes,c__Bacteroidia,o__Sphingobacteriales,f__Sphingobacteriaceae,g__Sphingobacterium,s__unclassified_g__Sphingobacterium,OTU1789,7,9.68708e-6,5.8823529411765%
d__Bacteria,k__norank_d__Bacteria,p__Rokubacteria,c__NC10,o__Rokubacteriales,f__norank_o__Rokubacteriales,g__norank_o__Rokubacteriales,s__uncultured_bacterium_g__norank_o__Rokubacteriales,OTU1888,282,0.00039,41.176470588235%
d__Bacteria,k__norank_d__Bacteria,p__Proteobacteria,c__Alphaproteobacteria,o__Rhizobiales,f__unclassified_o__Rhizobiales,g__unclassified_o__Rhizobiales,s__unclassified_o__Rhizobiales,OTU1509,124,0.00017,17.647058823529%
d__Bacteria,k__norank_d__Bacteria,p__Proteobacteria,c__Alphaproteobacteria,o__Rhizobiales,f__Rhizobiales_Incertae_Sedis,g__Phreatobacter,s__uncultured_bacterium_g__Phreatobacter,OTU1631,6437,0.00891,41.176470588235%
d__Bacteria,k__norank_d__Bacteria,p__Actinobacteria,c__Actinobacteria,o__IMCC26256,f__norank_o__IMCC26256,g__norank_o__IMCC26256,s__unclassified_g__norank_o__IMCC26256,OTU1892,3,4.15161e-6,11.764705882353%
d__Bacteria,k__norank_d__Bacteria,p__Proteobacteria,c__Deltaproteobacteria,o__Myxococcales,f__Polyangiaceae,g__Pajaroellobacter,s__unclassified_g__Pajaroellobacter,OTU2211,13,2.0E-5,52.941176470588%
d__Bacteria,k__norank_d__Bacteria,p__Proteobacteria,c__Alphaproteobacteria,o__Rhizobiales,f__Rhizobiales_Incertae_Sedis,g__norank_f__Rhizobiales_Incertae_Sedis,s__uncultured_bacterium_g__norank_f__Rhizobiales_Incertae_Sedis,OTU1877,16,2.0E-5,47.058823529412%
d__Bacteria,k__norank_d__Bacteria,p__Armatimonadetes,c__Chthonomonadetes,o__Chthonomonadales,f__Chthonomonadaceae,g__Chthonomonas,s__uncultured_bacterium_g__Chthonomonas,OTU1796,10,1.0E-5,17.647058823529%
d__Bacteria,k__norank_d__Bacteria,p__Proteobacteria,c__Alphaproteobacteria,o__norank_c__Alphaproteobacteria,f__norank_c__Alphaproteobacteria,g__norank_c__Alphaproteobacteria,s__uncultured_Acetobacteraceae_bacterium_g__norank_c__Alphaproteobacteria,OTU1734,147,0.0002,41.176470588235%
d__Bacteria,k__norank_d__Bacteria,p__Patescibacteria,c__Saccharimonadia,o__Saccharimonadales,f__norank_o__Saccharimonadales,g__norank_o__Saccharimonadales,s__uncultured_bacterium_g__norank_o__Saccharimonadales,OTU1432,74,0.0001,23.529411764706%
d__Bacteria,k__norank_d__Bacteria,p__Acidobacteria,c__Subgroup_6,o__norank_c__Subgroup_6,f__norank_c__Subgroup_6,g__norank_c__Subgroup_6,s__unclassified_g__norank_c__Subgroup_6,OTU1563,62,9.0E-5,35.294117647059%
d__Bacteria,k__norank_d__Bacteria,p__Firmicutes,c__Clostridia,o__Clostridiales,f__Clostridiaceae_1,g__Proteiniclasticum,s__uncultured_bacterium_g__Proteiniclasticum,OTU2652,16,2.0E-5,52.941176470588%
d__Bacteria,k__norank_d__Bacteria,p__Proteobacteria,c__Gammaproteobacteria,o__Xanthomonadales,f__Xanthomonadaceae,g__Stenotrophomonas,s__unclassified_g__Stenotrophomonas,OTU1811,272,0.00038,17.647058823529%
d__Bacteria,k__norank_d__Bacteria,p__Proteobacteria,c__Gammaproteobacteria,o__Betaproteobacteriales,f__Burkholderiaceae,g__Undibacterium,s__uncultured_Oxalobacteraceae_bacterium_g__Undibacterium,OTU1463,4,5.53547e-6,17.647058823529%
d__Bacteria,k__norank_d__Bacteria,p__Bacteroidetes,c__Bacteroidia,o__Chitinophagales,f__Saprospiraceae,g__Phaeodactylibacter,s__metagenome_g__Phaeodactylibacter,OTU1748,14,2.0E-5,29.411764705882%
d__Bacteria,k__norank_d__Bacteria,p__Proteobacteria,c__Alphaproteobacteria,o__Paracaedibacterales,f__Paracaedibacteraceae,g__Candidatus_Captivus,s__unclassified_g__Candidatus_Captivus,OTU1321,63,9.0E-5,11.764705882353%
d__Bacteria,k__norank_d__Bacteria,p__Proteobacteria,c__Alphaproteobacteria,o__Caulobacterales,f__Hyphomonadaceae,g__SWB02,s__unclassified_g__SWB02,OTU1891,2,2.76774e-6,11.764705882353%
d__Bacteria,k__norank_d__Bacteria,p__Proteobacteria,c__Deltaproteobacteria,o__Myxococcales,f__Phaselicystidaceae,g__Phaselicystis,s__unclassified_g__Phaselicystis,OTU2240,6,8.30321e-6,29.411764705882%
d__Bacteria,k__norank_d__Bacteria,p__Chloroflexi,c__OLB14,o__norank_c__OLB14,f__norank_c__OLB14,g__norank_c__OLB14,s__uncultured_bacterium_g__norank_c__OLB14,OTU1905,290,0.0004,47.058823529412%
d__Bacteria,k__norank_d__Bacteria,p__Bacteroidetes,c__Bacteroidia,o__Bacteroidales,f__Dysgonomonadaceae,g__Dysgonomonas,s__unclassified_g__Dysgonomonas,OTU1798,456,0.00063,5.8823529411765%
d__Bacteria,k__norank_d__Bacteria,p__Proteobacteria,c__Alphaproteobacteria,o__Rickettsiales,f__Mitochondria,g__norank_f__Mitochondria,s__unclassified_g__norank_f__Mitochondria,OTU1736,8,1.0E-5,35.294117647059%
d__Bacteria,k__norank_d__Bacteria,p__Proteobacteria,c__Alphaproteobacteria,o__Caulobacterales,f__Hyphomonadaceae,g__Hirschia,s__unclassified_g__Hirschia,OTU1632,334,0.00046,58.823529411765%
d__Bacteria,k__norank_d__Bacteria,p__Actinobacteria,c__Actinobacteria,o__Micrococcales,f__Microbacteriaceae,g__unclassified_f__Microbacteriaceae,s__unclassified_f__Microbacteriaceae,OTU1566,3,4.15161e-6,5.8823529411765%
d__Bacteria,k__norank_d__Bacteria,p__Proteobacteria,c__Deltaproteobacteria,o__Myxococcales,f__bacteriap25,g__norank_f__bacteriap25,s__unclassified_g__norank_f__bacteriap25,OTU1553,27,4.0E-5,17.647058823529%
d__Bacteria,k__norank_d__Bacteria,p__Proteobacteria,c__Gammaproteobacteria,o__Legionellales,f__Legionellaceae,g__Legionella,s__unclassified_g__Legionella,OTU1940,3,4.15161e-6,11.764705882353%
d__Bacteria,k__norank_d__Bacteria,p__BRC1,c__norank_p__BRC1,o__norank_p__BRC1,f__norank_p__BRC1,g__norank_p__BRC1,s__Omnitrophica_bacterium_OLB16,OTU2662,40,6.0E-5,47.058823529412%
d__Bacteria,k__norank_d__Bacteria,p__Chloroflexi,c__TK10,o__norank_c__TK10,f__norank_c__TK10,g__norank_c__TK10,s__uncultured_Chloroflexi_bacterium_g__norank_c__TK10,OTU1760,121,0.00017,23.529411764706%
d__Bacteria,k__norank_d__Bacteria,p__Chloroflexi,c__TK10,o__norank_c__TK10,f__norank_c__TK10,g__norank_c__TK10,s__uncultured_bacterium_g__norank_c__TK10,OTU1438,4,5.53547e-6,5.8823529411765%
d__Bacteria,k__norank_d__Bacteria,p__Chloroflexi,c__JG30-KF-CM66,o__norank_c__JG30-KF-CM66,f__norank_c__JG30-KF-CM66,g__norank_c__JG30-KF-CM66,s__metagenome_g__norank_c__JG30-KF-CM66,OTU1469,279,0.00039,76.470588235294%
d__Bacteria,k__norank_d__Bacteria,p__Firmicutes,c__Bacilli,o__Lactobacillales,f__Enterococcaceae,g__Vagococcus,s__Vagococcus_fluvialis,OTU1810,14,2.0E-5,5.8823529411765%
d__Bacteria,k__norank_d__Bacteria,p__Cyanobacteria,c__Oxyphotobacteria,o__Chloroplast,f__norank_o__Chloroplast,g__norank_o__Chloroplast,s__unclassified_g__norank_o__Chloroplast,OTU2243,6,8.30321e-6,17.647058823529%
d__Bacteria,k__norank_d__Bacteria,p__Proteobacteria,c__Gammaproteobacteria,o__Betaproteobacteriales,f__TRA3-20,g__norank_f__TRA3-20,s__unclassified_g__norank_f__TRA3-20,OTU1813,4,5.53547e-6,5.8823529411765%
d__Bacteria,k__norank_d__Bacteria,p__Proteobacteria,c__Alphaproteobacteria,o__Azospirillales,f__Azospirillaceae,g__norank_f__Azospirillaceae,s__metagenome_g__norank_f__Azospirillaceae,OTU1800,24,3.0E-5,35.294117647059%
d__Bacteria,k__norank_d__Bacteria,p__Proteobacteria,c__Alphaproteobacteria,o__norank_c__Alphaproteobacteria,f__norank_c__Alphaproteobacteria,g__norank_c__Alphaproteobacteria,s__metagenome_g__norank_c__Alphaproteobacteria,OTU1895,54,7.0E-5,29.411764705882%
d__Bacteria,k__norank_d__Bacteria,p__Proteobacteria,c__Gammaproteobacteria,o__Betaproteobacteriales,f__Nitrosomonadaceae,g__Nitrosomonas,s__unclassified_g__Nitrosomonas,OTU1929,114,0.00016,64.705882352941%
d__Bacteria,k__norank_d__Bacteria,p__Proteobacteria,c__Alphaproteobacteria,o__Rickettsiales,f__SM2D12,g__norank_f__SM2D12,s__unclassified_g__norank_f__SM2D12,OTU1757,5,6.91934e-6,5.8823529411765%
d__Bacteria,k__norank_d__Bacteria,p__Patescibacteria,c__Saccharimonadia,o__Saccharimonadales,f__norank_o__Saccharimonadales,g__norank_o__Saccharimonadales,s__uncultured_bacterium_g__norank_o__Saccharimonadales,OTU1323,6,8.30321e-6,5.8823529411765%
d__Bacteria,k__norank_d__Bacteria,p__Chlamydiae,c__Chlamydiae,o__Chlamydiales,f__cvE6,g__norank_f__cvE6,s__metagenome_g__norank_f__cvE6,OTU1578,4,5.53547e-6,11.764705882353%
d__Bacteria,k__norank_d__Bacteria,p__Proteobacteria,c__Deltaproteobacteria,o__Myxococcales,f__Polyangiaceae,g__unclassified_f__Polyangiaceae,s__unclassified_f__Polyangiaceae,OTU2666,7,9.68708e-6,17.647058823529%
d__Bacteria,k__norank_d__Bacteria,p__Bacteroidetes,c__Bacteroidia,o__Cytophagales,f__Cytophagaceae,g__Cytophaga,s__uncultured_Bacteroidetes_bacterium_g__Cytophaga,OTU1780,37,5.0E-5,17.647058823529%
d__Bacteria,k__norank_d__Bacteria,p__Proteobacteria,c__Alphaproteobacteria,o__Rhizobiales,f__Rhizobiales_Incertae_Sedis,g__Bauldia,s__unclassified_g__Bauldia,OTU1568,6,8.30321e-6,11.764705882353%
d__Bacteria,k__norank_d__Bacteria,p__Proteobacteria,c__Deltaproteobacteria,o__Myxococcales,f__Blfdi19,g__norank_f__Blfdi19,s__uncultured_bacterium_g__norank_f__Blfdi19,OTU1478,136,0.00019,29.411764705882%
d__Bacteria,k__norank_d__Bacteria,p__Proteobacteria,c__Gammaproteobacteria,o__JG36-TzT-191,f__norank_o__JG36-TzT-191,g__norank_o__JG36-TzT-191,s__unclassified_g__norank_o__JG36-TzT-191,OTU1445,32,4.0E-5,17.647058823529%
d__Bacteria,k__norank_d__Bacteria,p__Proteobacteria,c__Gammaproteobacteria,o__Betaproteobacteriales,f__Neisseriaceae,g__norank_f__Neisseriaceae,s__uncultured_beta_proteobacterium_g__norank_f__Neisseriaceae,OTU1849,3,4.15161e-6,5.8823529411765%
d__Bacteria,k__norank_d__Bacteria,p__Planctomycetes,c__Planctomycetacia,o__Gemmatales,f__Gemmataceae,g__norank_f__Gemmataceae,s__unclassified_g__norank_f__Gemmataceae,OTU1948,100,0.00014,35.294117647059%
d__Bacteria,k__norank_d__Bacteria,p__Proteobacteria,c__Alphaproteobacteria,o__Sphingomonadales,f__Sphingomonadaceae,g__Sphingorhabdus,s__unclassified_g__Sphingorhabdus,OTU1639,34,5.0E-5,11.764705882353%
d__Bacteria,k__norank_d__Bacteria,p__Proteobacteria,c__Alphaproteobacteria,o__Caulobacterales,f__Hyphomonadaceae,g__unclassified_f__Hyphomonadaceae,s__unclassified_f__Hyphomonadaceae,OTU1936,398,0.00055,47.058823529412%
d__Bacteria,k__norank_d__Bacteria,p__Bacteroidetes,c__Bacteroidia,o__Chitinophagales,f__Chitinophagaceae,g__Ferruginibacter,s__metagenome_g__Ferruginibacter,OTU1837,41,6.0E-5,23.529411764706%
d__Bacteria,k__norank_d__Bacteria,p__Proteobacteria,c__Alphaproteobacteria,o__Rhodospirillales,f__Rhodopirillaceae,g__Defluviicoccus,s__uncultured_bacterium_g__Defluviicoccus,OTU1958,10,1.0E-5,11.764705882353%
d__Bacteria,k__norank_d__Bacteria,p__Chlamydiae,c__Chlamydiae,o__Chlamydiales,f__Simkaniaceae,g__unclassified_f__Simkaniaceae,s__unclassified_f__Simkaniaceae,OTU1797,2,2.76774e-6,5.8823529411765%
d__Bacteria,k__norank_d__Bacteria,p__Proteobacteria,c__Deltaproteobacteria,o__Bdellovibrionales,f__Bdellovibrionaceae,g__Bdellovibrio,s__metagenome_g__Bdellovibrio,OTU1326,12,2.0E-5,29.411764705882%
d__Bacteria,k__norank_d__Bacteria,p__Planctomycetes,c__Phycisphaerae,o__Phycisphaerales,f__Phycisphaeraceae,g__SM1A02,s__uncultured_bacterium_g__SM1A02,OTU1774,30,4.0E-5,17.647058823529%
d__Bacteria,k__norank_d__Bacteria,p__Firmicutes,c__Clostridia,o__Clostridiales,f__Peptostreptococcaceae,g__Acetoanaerobium,s__uncultured_bacterium_g__Acetoanaerobium,OTU1828,37,5.0E-5,17.647058823529%
d__Bacteria,k__norank_d__Bacteria,p__Proteobacteria,c__Deltaproteobacteria,o__Myxococcales,f__Haliangiaceae,g__Haliangium,s__uncultured_bacterium_g__Haliangium,OTU1582,6,8.30321e-6,23.529411764706%
d__Bacteria,k__norank_d__Bacteria,p__Chlamydiae,c__Chlamydiae,o__Chlamydiales,f__Simkaniaceae,g__unclassified_f__Simkaniaceae,s__unclassified_f__Simkaniaceae,OTU1599,2,2.76774e-6,5.8823529411765%
d__Bacteria,k__norank_d__Bacteria,p__Proteobacteria,c__Deltaproteobacteria,o__NB1-j,f__norank_o__NB1-j,g__norank_o__NB1-j,s__unclassified_g__norank_o__NB1-j,OTU2669,473,0.00065,52.941176470588%
d__Bacteria,k__norank_d__Bacteria,p__Proteobacteria,c__Alphaproteobacteria,o__unclassified_c__Alphaproteobacteria,f__unclassified_c__Alphaproteobacteria,g__unclassified_c__Alphaproteobacteria,s__unclassified_c__Alphaproteobacteria,OTU1449,2,2.76774e-6,5.8823529411765%
d__Bacteria,k__norank_d__Bacteria,p__Proteobacteria,c__Deltaproteobacteria,o__NB1-j,f__norank_o__NB1-j,g__norank_o__NB1-j,s__unclassified_g__norank_o__NB1-j,OTU1500,22,3.0E-5,5.8823529411765%
d__Bacteria,k__norank_d__Bacteria,p__Acidobacteria,c__Blastocatellia_Subgroup_4,o__11-24,f__norank_o__11-24,g__norank_o__11-24,s__uncultured_bacterium_g__norank_o__11-24,OTU1952,481,0.00067,88.235294117647%
d__Bacteria,k__norank_d__Bacteria,p__Acidobacteria,c__Blastocatellia_Subgroup_4,o__11-24,f__norank_o__11-24,g__norank_o__11-24,s__uncultured_bacterium_g__norank_o__11-24,OTU1642,137,0.00019,35.294117647059%
d__Bacteria,k__norank_d__Bacteria,p__Proteobacteria,c__Alphaproteobacteria,o__unclassified_c__Alphaproteobacteria,f__unclassified_c__Alphaproteobacteria,g__unclassified_c__Alphaproteobacteria,s__unclassified_c__Alphaproteobacteria,OTU1961,37,5.0E-5,23.529411764706%
d__Bacteria,k__norank_d__Bacteria,p__Proteobacteria,c__Gammaproteobacteria,o__Diplorickettsiales,f__Diplorickettsiaceae,g__Aquicella,s__unclassified_g__Aquicella,OTU1842,23,3.0E-5,17.647058823529%
d__Bacteria,k__norank_d__Bacteria,p__Bacteroidetes,c__Bacteroidia,o__Sphingobacteriales,f__Sphingobacteriaceae,g__Pedobacter,s__uncultured_Pedobacter_sp._g__Pedobacter,OTU1804,13,2.0E-5,5.8823529411765%
d__Bacteria,k__norank_d__Bacteria,p__Cyanobacteria,c__Melainabacteria,o__Obscuribacterales,f__norank_o__Obscuribacterales,g__norank_o__Obscuribacterales,s__uncultured_bacterium_g__norank_o__Obscuribacterales,OTU1942,21,3.0E-5,23.529411764706%
d__Bacteria,k__norank_d__Bacteria,p__Chloroflexi,c__Anaerolineae,o__SBR1031,f__norank_o__SBR1031,g__norank_o__SBR1031,s__uncultured_Caldilineaceae_bacterium_g__norank_o__SBR1031,OTU2675,50,7.0E-5,47.058823529412%
d__Bacteria,k__norank_d__Bacteria,p__Acidobacteria,c__Acidobacteriia,o__Solibacterales,f__Solibacteraceae_Subgroup_3,g__unclassified_f__Solibacteraceae_Subgroup_3,s__unclassified_f__Solibacteraceae_Subgroup_3,OTU1864,274,0.00038,70.588235294118%
d__Bacteria,k__norank_d__Bacteria,p__Acidobacteria,c__Blastocatellia_Subgroup_4,o__Blastocatellales,f__Blastocatellaceae,g__JGI_0001001-H03,s__unclassified_g__JGI_0001001-H03,OTU2254,30551,0.04228,100%
d__Bacteria,k__norank_d__Bacteria,p__Proteobacteria,c__Gammaproteobacteria,o__Betaproteobacteriales,f__Burkholderiaceae,g__norank_f__Burkholderiaceae,s__unclassified_g__norank_f__Burkholderiaceae,OTU1353,43,6.0E-5,52.941176470588%
d__Bacteria,k__norank_d__Bacteria,p__Chlamydiae,c__Chlamydiae,o__Chlamydiales,f__unclassified_o__Chlamydiales,g__unclassified_o__Chlamydiales,s__unclassified_o__Chlamydiales,OTU1605,4,5.53547e-6,5.8823529411765%
d__Bacteria,k__norank_d__Bacteria,p__Proteobacteria,c__Alphaproteobacteria,o__Reyranellales,f__Reyranellaceae,g__Reyranella,s__metagenome_g__Reyranella,OTU1502,169,0.00023,64.705882352941%
d__Bacteria,k__norank_d__Bacteria,p__Acidobacteria,c__Subgroup_6,o__norank_c__Subgroup_6,f__norank_c__Subgroup_6,g__norank_c__Subgroup_6,s__unclassified_g__norank_c__Subgroup_6,OTU1916,32,4.0E-5,17.647058823529%
d__Bacteria,k__norank_d__Bacteria,p__Proteobacteria,c__Alphaproteobacteria,o__Sphingomonadales,f__Sphingomonadaceae,g__Sphingobium,s__unclassified_g__Sphingobium,OTU1456,191,0.00026,94.117647058824%
d__Bacteria,k__norank_d__Bacteria,p__Proteobacteria,c__Alphaproteobacteria,o__unclassified_c__Alphaproteobacteria,f__unclassified_c__Alphaproteobacteria,g__unclassified_c__Alphaproteobacteria,s__unclassified_c__Alphaproteobacteria,OTU1983,28,4.0E-5,29.411764705882%
d__Bacteria,k__norank_d__Bacteria,p__Proteobacteria,c__Gammaproteobacteria,o__Diplorickettsiales,f__Diplorickettsiaceae,g__Aquicella,s__unclassified_g__Aquicella,OTU1806,3,4.15161e-6,5.8823529411765%
d__Bacteria,k__norank_d__Bacteria,p__Bacteroidetes,c__Bacteroidia,o__Cytophagales,f__Cytophagaceae,g__Cytophaga,s__Hypsibius_dujardini_g__Cytophaga,OTU1651,88,0.00012,17.647058823529%
d__Bacteria,k__norank_d__Bacteria,p__Planctomycetes,c__Planctomycetacia,o__Gemmatales,f__Gemmataceae,g__norank_f__Gemmataceae,s__unclassified_g__norank_f__Gemmataceae,OTU1583,4,5.53547e-6,17.647058823529%
d__Bacteria,k__norank_d__Bacteria,p__Proteobacteria,c__Gammaproteobacteria,o__unclassified_c__Gammaproteobacteria,f__unclassified_c__Gammaproteobacteria,g__unclassified_c__Gammaproteobacteria,s__unclassified_c__Gammaproteobacteria,OTU1845,45,6.0E-5,5.8823529411765%
d__Bacteria,k__norank_d__Bacteria,p__Bacteroidetes,c__Bacteroidia,o__Flavobacteriales,f__Weeksellaceae,g__Chryseobacterium,s__unclassified_g__Chryseobacterium,OTU1981,36,5.0E-5,35.294117647059%
d__Bacteria,k__norank_d__Bacteria,p__Bacteroidetes,c__Bacteroidia,o__Flavobacteriales,f__Flavobacteriaceae,g__Flavobacterium,s__Flavobacterium_cucumis,OTU1947,23,3.0E-5,29.411764705882%
d__Bacteria,k__norank_d__Bacteria,p__Firmicutes,c__Clostridia,o__Clostridiales,f__Lachnospiraceae,g__Ruminococcus]_gauvreauii_group,s__uncultured_rumen_bacterium_g__Ruminococcus]_gauvreauii_group,OTU2685,4,5.53547e-6,17.647058823529%
d__Bacteria,k__norank_d__Bacteria,p__Proteobacteria,c__Alphaproteobacteria,o__Acetobacterales,f__Acetobacteraceae,g__unclassified_f__Acetobacteraceae,s__unclassified_f__Acetobacteraceae,OTU1866,8,1.0E-5,17.647058823529%
d__Bacteria,k__norank_d__Bacteria,p__Chloroflexi,c__OLB14,o__norank_c__OLB14,f__norank_c__OLB14,g__norank_c__OLB14,s__uncultured_Chloroflexi_bacterium_g__norank_c__OLB14,OTU1847,291,0.0004,29.411764705882%
d__Bacteria,k__norank_d__Bacteria,p__Firmicutes,c__Negativicutes,o__Selenomonadales,f__Veillonellaceae,g__norank_f__Veillonellaceae,s__uncultured_bacterium_SJA-29,OTU2285,10,1.0E-5,35.294117647059%
d__Bacteria,k__norank_d__Bacteria,p__Proteobacteria,c__Gammaproteobacteria,o__Enterobacteriales,f__Enterobacteriaceae,g__Enterobacter,s__unclassified_g__Enterobacter,OTU1928,137,0.00019,52.941176470588%
d__Bacteria,k__norank_d__Bacteria,p__Actinobacteria,c__Actinobacteria,o__Solirubrobacterales,f__67-14,g__norank_f__67-14,s__uncultured_bacterium_g__norank_f__67-14,OTU1483,32,4.0E-5,52.941176470588%
d__Bacteria,k__norank_d__Bacteria,p__Proteobacteria,c__Gammaproteobacteria,o__Betaproteobacteriales,f__Nitrosomonadaceae,g__MND1,s__metagenome_g__MND1,OTU1820,34,5.0E-5,23.529411764706%
d__Bacteria,k__norank_d__Bacteria,p__Patescibacteria,c__WWE3,o__norank_c__WWE3,f__norank_c__WWE3,g__norank_c__WWE3,s__uncultured_anaerobic_bacterium_g__norank_c__WWE3,OTU1363,7,9.68708e-6,17.647058823529%
d__Bacteria,k__norank_d__Bacteria,p__Acidobacteria,c__Acidobacteriia,o__Solibacterales,f__Solibacteraceae_Subgroup_3,g__Candidatus_Solibacter,s__uncultured_bacterium_g__Candidatus_Solibacter,OTU1518,4,5.53547e-6,5.8823529411765%
d__Bacteria,k__norank_d__Bacteria,p__Actinobacteria,c__Actinobacteria,o__Propionibacteriales,f__Nocardioidaceae,g__Kribbella,s__metagenome_g__Kribbella,OTU1656,2,2.76774e-6,5.8823529411765%
d__Bacteria,k__norank_d__Bacteria,p__Chloroflexi,c__TK10,o__norank_c__TK10,f__norank_c__TK10,g__norank_c__TK10,s__unclassified_g__norank_c__TK10,OTU1999,25,3.0E-5,11.764705882353%
d__Bacteria,k__norank_d__Bacteria,p__Bacteroidetes,c__Bacteroidia,o__Cytophagales,f__Microscillaceae,g__norank_f__Microscillaceae,s__Hassallia_byssoidea_VB512170_g__norank,OTU1648,32,4.0E-5,23.529411764706%
d__Bacteria,k__norank_d__Bacteria,p__Actinobacteria,c__Actinobacteria,o__Gaiellales,f__norank_o__Gaiellales,g__norank_o__Gaiellales,s__uncultured_soil_bacterium_g__norank_o__Gaiellales,OTU1595,10,1.0E-5,5.8823529411765%
d__Bacteria,k__norank_d__Bacteria,p__Synergistetes,c__Synergistia,o__Synergistales,f__Synergistaceae,g__Thermovirga,s__uncultured_bacterium_g__Thermovirga,OTU2689,3,4.15161e-6,17.647058823529%
d__Bacteria,k__norank_d__Bacteria,p__Proteobacteria,c__Alphaproteobacteria,o__Rhodobacterales,f__Rhodobacteraceae,g__Rhodobacter,s__Rhodobacter_blasticus,OTU1978,583,0.00081,58.823529411765%
d__Bacteria,k__norank_d__Bacteria,p__Synergistetes,c__Synergistia,o__Synergistales,f__Synergistaceae,g__Aminomonas,s__Aminomonas_paucivorans_DSM_12260,OTU2018,4,5.53547e-6,17.647058823529%
d__Bacteria,k__norank_d__Bacteria,p__Chloroflexi,c__OLB14,o__norank_c__OLB14,f__norank_c__OLB14,g__norank_c__OLB14,s__metagenome_g__norank_c__OLB14,OTU1857,351,0.00049,82.352941176471%
d__Bacteria,k__norank_d__Bacteria,p__Proteobacteria,c__Deltaproteobacteria,o__Myxococcales,f__Haliangiaceae,g__Haliangium,s__uncultured_bacterium_g__Haliangium,OTU1881,7,9.68708e-6,5.8823529411765%
d__Bacteria,k__norank_d__Bacteria,p__Proteobacteria,c__Deltaproteobacteria,o__Desulfovibrionales,f__Desulfovibrionaceae,g__Desulfovibrio,s__unclassified_g__Desulfovibrio,OTU2286,3,4.15161e-6,11.764705882353%
d__Bacteria,k__norank_d__Bacteria,p__Proteobacteria,c__Alphaproteobacteria,o__Parvibaculales,f__Parvibaculaceae,g__norank_f__Parvibaculaceae,s__uncultured_bacterium_g__norank_f__Parvibaculaceae,OTU1484,23,3.0E-5,17.647058823529%
d__Bacteria,k__norank_d__Bacteria,p__Proteobacteria,c__Deltaproteobacteria,o__Bdellovibrionales,f__Bdellovibrionaceae,g__Bdellovibrio,s__unclassified_g__Bdellovibrio,OTU1926,16,2.0E-5,17.647058823529%
d__Bacteria,k__norank_d__Bacteria,p__Proteobacteria,c__Deltaproteobacteria,o__Myxococcales,f__P3OB-42,g__norank_f__P3OB-42,s__unclassified_g__norank_f__P3OB-42,OTU1823,14,2.0E-5,11.764705882353%
d__Bacteria,k__norank_d__Bacteria,p__Proteobacteria,c__Gammaproteobacteria,o__Diplorickettsiales,f__Diplorickettsiaceae,g__norank_f__Diplorickettsiaceae,s__uncultured_bacterium_g__norank_f__Diplorickettsiaceae,OTU1931,12,2.0E-5,23.529411764706%
d__Bacteria,k__norank_d__Bacteria,p__Proteobacteria,c__Alphaproteobacteria,o__Sneathiellales,f__Sneathiellaceae,g__norank_f__Sneathiellaceae,s__uncultured_bacterium_g__norank_f__Sneathiellaceae,OTU1376,4,5.53547e-6,5.8823529411765%
d__Bacteria,k__norank_d__Bacteria,p__Proteobacteria,c__Deltaproteobacteria,o__Desulfarculales,f__Desulfarculaceae,g__norank_f__Desulfarculaceae,s__unclassified_g__norank_f__Desulfarculaceae,OTU1671,4,5.53547e-6,23.529411764706%
d__Bacteria,k__norank_d__Bacteria,p__Acidobacteria,c__Subgroup_22,o__norank_c__Subgroup_22,f__norank_c__Subgroup_22,g__norank_c__Subgroup_22,s__uncultured_organism_g__norank_c__Subgroup_22,OTU2712,14,2.0E-5,29.411764705882%
d__Bacteria,k__norank_d__Bacteria,p__Acidobacteria,c__Subgroup_6,o__norank_c__Subgroup_6,f__norank_c__Subgroup_6,g__norank_c__Subgroup_6,s__uncultured_bacterium_g__norank_c__Subgroup_6,OTU1529,23,3.0E-5,41.176470588235%
d__Bacteria,k__norank_d__Bacteria,p__Actinobacteria,c__Actinobacteria,o__Micrococcales,f__Cellulomonadaceae,g__Cellulomonas,s__uncultured_bacterium_g__Cellulomonas,OTU2006,1611,0.00223,41.176470588235%
d__Bacteria,k__norank_d__Bacteria,p__Patescibacteria,c__Berkelbacteria,o__norank_c__Berkelbacteria,f__norank_c__Berkelbacteria,g__norank_c__Berkelbacteria,s__unclassified_g__norank_c__Berkelbacteria,OTU2053,8,1.0E-5,35.294117647059%
d__Bacteria,k__norank_d__Bacteria,p__Cyanobacteria,c__Melainabacteria,o__Obscuribacterales,f__norank_o__Obscuribacterales,g__norank_o__Obscuribacterales,s__uncultured_bacterium_g__norank_o__Obscuribacterales,OTU1657,29,4.0E-5,23.529411764706%
d__Bacteria,k__norank_d__Bacteria,p__Proteobacteria,c__Deltaproteobacteria,o__Bdellovibrionales,f__Bdellovibrionaceae,g__OM27_clade,s__metagenome_g__OM27_clade,OTU1604,2,2.76774e-6,11.764705882353%
d__Bacteria,k__norank_d__Bacteria,p__Proteobacteria,c__Deltaproteobacteria,o__Myxococcales,f__unclassified_o__Myxococcales,g__unclassified_o__Myxococcales,s__unclassified_o__Myxococcales,OTU1885,134,0.00019,23.529411764706%
d__Bacteria,k__norank_d__Bacteria,p__Acidobacteria,c__Acidobacteriia,o__Solibacterales,f__Solibacteraceae_Subgroup_3,g__Candidatus_Solibacter,s__unclassified_g__Candidatus_Solibacter,OTU1945,11,2.0E-5,17.647058823529%
d__Bacteria,k__norank_d__Bacteria,p__Cyanobacteria,c__Melainabacteria,o__Obscuribacterales,f__norank_o__Obscuribacterales,g__norank_o__Obscuribacterales,s__metagenome_g__norank_o__Obscuribacterales,OTU1830,8,1.0E-5,11.764705882353%
d__Bacteria,k__norank_d__Bacteria,p__Bacteroidetes,c__Bacteroidia,o__Chitinophagales,f__Chitinophagaceae,g__Flavihumibacter,s__uncultured_bacterium_g__Flavihumibacter,OTU1684,579,0.0008,58.823529411765%
d__Bacteria,k__norank_d__Bacteria,p__Proteobacteria,c__Deltaproteobacteria,o__unclassified_c__Deltaproteobacteria,f__unclassified_c__Deltaproteobacteria,g__unclassified_c__Deltaproteobacteria,s__unclassified_c__Deltaproteobacteria,OTU1950,4,5.53547e-6,11.764705882353%
d__Bacteria,k__norank_d__Bacteria,p__Bacteroidetes,c__Bacteroidia,o__Chitinophagales,f__Chitinophagaceae,g__norank_f__Chitinophagaceae,s__unclassified_g__norank_f__Chitinophagaceae,OTU1489,29,4.0E-5,11.764705882353%
d__Bacteria,k__norank_d__Bacteria,p__Proteobacteria,c__Deltaproteobacteria,o__Oligoflexales,f__0319-6G20,g__norank_f__0319-6G20,s__bacterium_enrichment_culture_clone_B1262011,OTU1909,21,3.0E-5,11.764705882353%
d__Bacteria,k__norank_d__Bacteria,p__Proteobacteria,c__Gammaproteobacteria,o__unclassified_c__Gammaproteobacteria,f__unclassified_c__Gammaproteobacteria,g__unclassified_c__Gammaproteobacteria,s__unclassified_c__Gammaproteobacteria,OTU1396,24,3.0E-5,23.529411764706%
d__Bacteria,k__norank_d__Bacteria,p__Patescibacteria,c__Saccharimonadia,o__Saccharimonadales,f__Saccharimonadaceae,g__norank_f__Saccharimonadaceae,s__uncultured_bacterium_g__norank_f__Saccharimonadaceae,OTU2290,2,2.76774e-6,11.764705882353%
d__Bacteria,k__norank_d__Bacteria,p__Proteobacteria,c__Alphaproteobacteria,o__Rhizobiales,f__Xanthobacteraceae,g__unclassified_f__Xanthobacteraceae,s__unclassified_f__Xanthobacteraceae,OTU1992,64,9.0E-5,29.411764705882%
d__Bacteria,k__norank_d__Bacteria,p__Proteobacteria,c__Alphaproteobacteria,o__Rhizobiales,f__Xanthobacteraceae,g__unclassified_f__Xanthobacteraceae,s__unclassified_f__Xanthobacteraceae,OTU1567,204,0.00028,35.294117647059%
d__Bacteria,k__norank_d__Bacteria,p__Dependentiae,c__Babeliae,o__Babeliales,f__norank_o__Babeliales,g__norank_o__Babeliales,s__uncultured_bacterium_g__norank_o__Babeliales,OTU2041,4,5.53547e-6,17.647058823529%
d__Bacteria,k__norank_d__Bacteria,p__Elusimicrobia,c__Elusimicrobia,o__norank_c__Elusimicrobia,f__norank_c__Elusimicrobia,g__norank_c__Elusimicrobia,s__uncultured_soil_bacterium_g__norank_c__Elusimicrobia,OTU2065,21,3.0E-5,41.176470588235%
d__Bacteria,k__norank_d__Bacteria,p__Actinobacteria,c__Actinobacteria,o__IMCC26256,f__norank_o__IMCC26256,g__norank_o__IMCC26256,s__unclassified_g__norank_o__IMCC26256,OTU1951,13,2.0E-5,11.764705882353%
d__Bacteria,k__norank_d__Bacteria,p__Proteobacteria,c__Alphaproteobacteria,o__Elsterales,f__Elsteraceae,g__norank_f__Elsteraceae,s__metagenome_g__norank_f__Elsteraceae,OTU1695,12,2.0E-5,35.294117647059%
d__Bacteria,k__norank_d__Bacteria,p__Planctomycetes,c__Phycisphaerae,o__Phycisphaerales,f__Phycisphaeraceae,g__SM1A02,s__uncultured_bacterium_g__SM1A02,OTU1613,3,4.15161e-6,11.764705882353%
d__Bacteria,k__norank_d__Bacteria,p__Planctomycetes,c__Planctomycetacia,o__norank_c__Planctomycetacia,f__norank_c__Planctomycetacia,g__norank_c__Planctomycetacia,s__uncultured_bacterium_g__norank_c__Planctomycetacia,OTU1898,31,4.0E-5,17.647058823529%
d__Bacteria,k__norank_d__Bacteria,p__Proteobacteria,c__Alphaproteobacteria,o__Sphingomonadales,f__Sphingomonadaceae,g__Sphingorhabdus,s__unclassified_g__Sphingorhabdus,OTU1685,155,0.00021,52.941176470588%
d__Bacteria,k__norank_d__Bacteria,p__Proteobacteria,c__Deltaproteobacteria,o__Bdellovibrionales,f__Bdellovibrionaceae,g__Bdellovibrio,s__unclassified_g__Bdellovibrio,OTU1492,3,4.15161e-6,5.8823529411765%
d__Bacteria,k__norank_d__Bacteria,p__Proteobacteria,c__Deltaproteobacteria,o__unclassified_c__Deltaproteobacteria,f__unclassified_c__Deltaproteobacteria,g__unclassified_c__Deltaproteobacteria,s__unclassified_c__Deltaproteobacteria,OTU2732,12,2.0E-5,23.529411764706%
d__Bacteria,k__norank_d__Bacteria,p__Chloroflexi,c__Anaerolineae,o__SBR1031,f__norank_o__SBR1031,g__norank_o__SBR1031,s__unclassified_g__norank_o__SBR1031,OTU2297,14,2.0E-5,41.176470588235%
d__Bacteria,k__norank_d__Bacteria,p__Proteobacteria,c__Deltaproteobacteria,o__Bdellovibrionales,f__Bdellovibrionaceae,g__Bdellovibrio,s__unclassified_g__Bdellovibrio,OTU1832,59,8.0E-5,35.294117647059%
d__Bacteria,k__norank_d__Bacteria,p__Proteobacteria,c__Deltaproteobacteria,o__unclassified_c__Deltaproteobacteria,f__unclassified_c__Deltaproteobacteria,g__unclassified_c__Deltaproteobacteria,s__unclassified_c__Deltaproteobacteria,OTU1912,10,1.0E-5,11.764705882353%
d__Bacteria,k__norank_d__Bacteria,p__Proteobacteria,c__Gammaproteobacteria,o__Betaproteobacteriales,f__Nitrosomonadaceae,g__Nitrosomonas,s__unclassified_g__Nitrosomonas,OTU2011,14,2.0E-5,29.411764705882%
d__Bacteria,k__norank_d__Bacteria,p__Chloroflexi,c__Chloroflexia,o__Thermomicrobiales,f__JG30-KF-CM45,g__norank_f__JG30-KF-CM45,s__uncultured_bacterium_g__norank_f__JG30-KF-CM45,OTU2058,7,9.68708e-6,35.294117647059%
d__Bacteria,k__norank_d__Bacteria,p__Proteobacteria,c__Alphaproteobacteria,o__Caulobacterales,f__Hyphomonadaceae,g__SWB02,s__unclassified_g__SWB02,OTU2084,22,3.0E-5,47.058823529412%
d__Bacteria,k__norank_d__Bacteria,p__Firmicutes,c__Clostridia,o__Clostridiales,f__Clostridiaceae_1,g__Clostridium_sensu_stricto_13,s__unclassified_g__Clostridium_sensu_stricto_13,OTU1982,90,0.00012,70.588235294118%
d__Bacteria,k__norank_d__Bacteria,p__Proteobacteria,c__Alphaproteobacteria,o__Caulobacterales,f__Caulobacteraceae,g__norank_f__Caulobacteraceae,s__unclassified_g__norank_f__Caulobacteraceae,OTU1616,133,0.00018,82.352941176471%
d__Bacteria,k__norank_d__Bacteria,p__Verrucomicrobia,c__Verrucomicrobiae,o__Pedosphaerales,f__Pedosphaeraceae,g__norank_f__Pedosphaeraceae,s__unclassified_g__norank_f__Pedosphaeraceae,OTU1576,8,1.0E-5,17.647058823529%
d__Bacteria,k__norank_d__Bacteria,p__Planctomycetes,c__Planctomycetacia,o__Gemmatales,f__Gemmataceae,g__norank_f__Gemmataceae,s__unclassified_g__norank_f__Gemmataceae,OTU1705,7,9.68708e-6,23.529411764706%
d__Bacteria,k__norank_d__Bacteria,p__Chloroflexi,c__KD4-96,o__norank_c__KD4-96,f__norank_c__KD4-96,g__norank_c__KD4-96,s__uncultured_Chloroflexi_bacterium_g__norank_c__KD4-96,OTU1998,703,0.00097,88.235294117647%
d__Bacteria,k__norank_d__Bacteria,p__Chlamydiae,c__Chlamydiae,o__Chlamydiales,f__Simkaniaceae,g__norank_f__Simkaniaceae,s__metagenome_g__norank_f__Simkaniaceae,OTU1404,2,2.76774e-6,5.8823529411765%
d__Bacteria,k__norank_d__Bacteria,p__Patescibacteria,c__Parcubacteria,o__Candidatus_Azambacteria,f__norank_o__Candidatus_Azambacteria,g__norank_o__Candidatus_Azambacteria,s__unclassified_g__norank_o__Candidatus_Azambacteria,OTU1719,6,8.30321e-6,5.8823529411765%
d__Bacteria,k__norank_d__Bacteria,p__Actinobacteria,c__Actinobacteria,o__Actinomycetales,f__Actinomycetaceae,g__Actinomyces,s__unclassified_g__Actinomyces,OTU2772,3,4.15161e-6,17.647058823529%
d__Bacteria,k__norank_d__Bacteria,p__Proteobacteria,c__Gammaproteobacteria,o__Coxiellales,f__Coxiellaceae,g__Coxiella,s__unclassified_g__Coxiella,OTU1496,5,6.91934e-6,5.8823529411765%
d__Bacteria,k__norank_d__Bacteria,p__Bacteroidetes,c__Bacteroidia,o__Bacteroidales,f__Rikenellaceae,g__dgA-11_gut_group,s__uncultured_bacterium_g__dgA-11_gut_group,OTU2300,6,8.30321e-6,17.647058823529%
d__Bacteria,k__norank_d__Bacteria,p__Proteobacteria,c__Deltaproteobacteria,o__Myxococcales,f__Polyangiaceae,g__Pajaroellobacter,s__uncultured_bacterium_g__Pajaroellobacter,OTU1844,25,3.0E-5,23.529411764706%
d__Bacteria,k__norank_d__Bacteria,p__Acidobacteria,c__Subgroup_6,o__norank_c__Subgroup_6,f__norank_c__Subgroup_6,g__norank_c__Subgroup_6,s__unclassified_g__norank_c__Subgroup_6,OTU1908,123,0.00017,29.411764705882%
d__Bacteria,k__norank_d__Bacteria,p__Proteobacteria,c__Alphaproteobacteria,o__unclassified_c__Alphaproteobacteria,f__unclassified_c__Alphaproteobacteria,g__unclassified_c__Alphaproteobacteria,s__unclassified_c__Alphaproteobacteria,OTU1997,11,2.0E-5,17.647058823529%
d__Bacteria,k__norank_d__Bacteria,p__Gemmatimonadetes,c__Gemmatimonadetes,o__Gemmatimonadales,f__Gemmatimonadaceae,g__norank_f__Gemmatimonadaceae,s__uncultured_prokaryote_g__norank_f__Gemmatimonadaceae,OTU2015,16,2.0E-5,47.058823529412%
d__Bacteria,k__norank_d__Bacteria,p__Cyanobacteria,c__Melainabacteria,o__Obscuribacterales,f__norank_o__Obscuribacterales,g__norank_o__Obscuribacterales,s__unclassified_g__norank_o__Obscuribacterales,OTU1638,4,5.53547e-6,5.8823529411765%
d__Bacteria,k__norank_d__Bacteria,p__Chloroflexi,c__TK10,o__norank_c__TK10,f__norank_c__TK10,g__norank_c__TK10,s__uncultured_Chloroflexi_bacterium_g__norank_c__TK10,OTU1959,251,0.00035,29.411764705882%
d__Bacteria,k__norank_d__Bacteria,p__Bacteroidetes,c__Bacteroidia,o__Flavobacteriales,f__Cryomorphaceae,g__NS10_marine_group,s__uncultured_bacterium_g__NS10_marine_group,OTU1712,2,2.76774e-6,5.8823529411765%
d__Bacteria,k__norank_d__Bacteria,p__Proteobacteria,c__Deltaproteobacteria,o__Myxococcales,f__Haliangiaceae,g__Haliangium,s__unclassified_g__Haliangium,OTU1602,8,1.0E-5,11.764705882353%
d__Bacteria,k__norank_d__Bacteria,p__Latescibacteria,c__Latescibacteria,o__norank_c__Latescibacteria,f__norank_c__Latescibacteria,g__norank_c__Latescibacteria,s__unclassified_g__norank_c__Latescibacteria,OTU2845,7,9.68708e-6,23.529411764706%
d__Bacteria,k__norank_d__Bacteria,p__Firmicutes,c__Clostridia,o__Clostridiales,f__Lachnospiraceae,g__Eubacterium]_eligens_group,s__uncultured_bacterium_g__Eubacterium]_eligens_group,OTU2123,16,2.0E-5,47.058823529412%
d__Bacteria,k__norank_d__Bacteria,p__Bacteroidetes,c__Bacteroidia,o__Bacteroidales,f__Dysgonomonadaceae,g__Dysgonomonas,s__uncultured_bacterium_g__Dysgonomonas,OTU2002,6,8.30321e-6,5.8823529411765%
d__Bacteria,k__norank_d__Bacteria,p__Firmicutes,c__Clostridia,o__Clostridiales,f__Eubacteriaceae,g__Anaerofustis,s__unclassified_g__Anaerofustis,OTU2086,3,4.15161e-6,17.647058823529%
d__Bacteria,k__norank_d__Bacteria,p__Acidobacteria,c__FFCH5909,o__norank_c__FFCH5909,f__norank_c__FFCH5909,g__norank_c__FFCH5909,s__uncultured_bacterium_g__norank_c__FFCH5909,OTU1498,17,2.0E-5,5.8823529411765%
d__Bacteria,k__norank_d__Bacteria,p__Bacteroidetes,c__Ignavibacteria,o__SJA-28,f__norank_o__SJA-28,g__norank_o__SJA-28,s__uncultured_bacterium_g__norank_o__SJA-28,OTU1412,4,5.53547e-6,5.8823529411765%
d__Bacteria,k__norank_d__Bacteria,p__Actinobacteria,c__Actinobacteria,o__Microtrichales,f__norank_o__Microtrichales,g__norank_o__Microtrichales,s__wastewater_metagenome_g__norank,OTU1910,64,9.0E-5,29.411764705882%
d__Bacteria,k__norank_d__Bacteria,p__Chloroflexi,c__JG30-KF-CM66,o__norank_c__JG30-KF-CM66,f__norank_c__JG30-KF-CM66,g__norank_c__JG30-KF-CM66,s__unclassified_g__norank_c__JG30-KF-CM66,OTU1854,40,6.0E-5,23.529411764706%
d__Bacteria,k__norank_d__Bacteria,p__Planctomycetes,c__Planctomycetacia,o__Isosphaerales,f__Isosphaeraceae,g__Singulisphaera,s__uncultured_planctomycete_g__Singulisphaera,OTU1728,2,2.76774e-6,5.8823529411765%
d__Bacteria,k__norank_d__Bacteria,p__Proteobacteria,c__Gammaproteobacteria,o__Betaproteobacteriales,f__Burkholderiaceae,g__unclassified_f__Burkholderiaceae,s__unclassified_f__Burkholderiaceae,OTU2008,2,2.76774e-6,11.764705882353%
d__Bacteria,k__norank_d__Bacteria,p__Acidobacteria,c__Subgroup_11,o__norank_c__Subgroup_11,f__norank_c__Subgroup_11,g__norank_c__Subgroup_11,s__uncultured_bacterium_g__norank_c__Subgroup_11,OTU2038,22,3.0E-5,47.058823529412%
d__Bacteria,k__norank_d__Bacteria,p__Acidobacteria,c__Holophagae,o__Subgroup_7,f__norank_o__Subgroup_7,g__norank_o__Subgroup_7,s__uncultured_bacterium_SJA-36,OTU2301,1525,0.00211,52.941176470588%
d__Bacteria,k__norank_d__Bacteria,p__Proteobacteria,c__Deltaproteobacteria,o__Oligoflexales,f__0319-6G20,g__norank_f__0319-6G20,s__uncultured_Roseobacter_sp._g__norank,OTU1977,4,5.53547e-6,11.764705882353%
d__Bacteria,k__norank_d__Bacteria,p__Proteobacteria,c__Gammaproteobacteria,o__Immundisolibacterales,f__Immundisolibacteraceae,g__Immundisolibacter,s__uncultured_bacterium_g__Immundisolibacter,OTU1722,4,5.53547e-6,5.8823529411765%
d__Bacteria,k__norank_d__Bacteria,p__Chloroflexi,c__Anaerolineae,o__Caldilineales,f__Caldilineaceae,g__norank_f__Caldilineaceae,s__uncultured_bacterium_g__norank_f__Caldilineaceae,OTU1640,8,1.0E-5,5.8823529411765%
d__Bacteria,k__norank_d__Bacteria,p__Omnitrophicaeota,c__norank_p__Omnitrophicaeota,o__norank_p__Omnitrophicaeota,f__norank_p__Omnitrophicaeota,g__norank_p__Omnitrophicaeota,s__unclassified_g__norank_p__Omnitrophicaeota,OTU2871,13,2.0E-5,41.176470588235%
d__Bacteria,k__norank_d__Bacteria,p__Proteobacteria,c__Gammaproteobacteria,o__norank_c__Gammaproteobacteria,f__norank_c__Gammaproteobacteria,g__norank_c__Gammaproteobacteria,s__unclassified_g__norank_c__Gammaproteobacteria,OTU2136,5,6.91934e-6,23.529411764706%
d__Bacteria,k__norank_d__Bacteria,p__Proteobacteria,c__Alphaproteobacteria,o__Acetobacterales,f__Acetobacteraceae,g__norank_f__Acetobacteraceae,s__unclassified_g__norank_f__Acetobacteraceae,OTU1623,159,0.00022,47.058823529412%
d__Bacteria,k__norank_d__Bacteria,p__Planctomycetes,c__Planctomycetacia,o__Gemmatales,f__Gemmataceae,g__norank_f__Gemmataceae,s__uncultured_bacterium_g__norank_f__Gemmataceae,OTU2117,21,3.0E-5,41.176470588235%
d__Bacteria,k__norank_d__Bacteria,p__Gemmatimonadetes,c__Gemmatimonadetes,o__norank_c__Gemmatimonadetes,f__norank_c__Gemmatimonadetes,g__norank_c__Gemmatimonadetes,s__metagenome_g__norank_c__Gemmatimonadetes,OTU1462,6,8.30321e-6,5.8823529411765%
d__Bacteria,k__norank_d__Bacteria,p__Patescibacteria,c__Parcubacteria,o__Candidatus_Kaiserbacteria,f__norank_o__Candidatus_Kaiserbacteria,g__norank_o__Candidatus_Kaiserbacteria,s__unclassified_g__norank_o__Candidatus_Kaiserbacteria,OTU1512,3,4.15161e-6,5.8823529411765%
d__Bacteria,k__norank_d__Bacteria,p__Proteobacteria,c__Gammaproteobacteria,o__Diplorickettsiales,f__Diplorickettsiaceae,g__norank_f__Diplorickettsiaceae,s__uncultured_Legionellales_bacterium_g__norank_f__Diplorickettsiaceae,OTU1911,74,0.0001,23.529411764706%
d__Bacteria,k__norank_d__Bacteria,p__Proteobacteria,c__Gammaproteobacteria,o__Betaproteobacteriales,f__Burkholderiaceae,g__Aquabacterium,s__uncultured_Burkholderiales_bacterium_g__Aquabacterium,OTU2012,98,0.00014,82.352941176471%
d__Bacteria,k__norank_d__Bacteria,p__Planctomycetes,c__OM190,o__norank_c__OM190,f__norank_c__OM190,g__norank_c__OM190,s__uncultured_bacterium_g__norank_c__OM190,OTU1893,4,5.53547e-6,5.8823529411765%
d__Bacteria,k__norank_d__Bacteria,p__Proteobacteria,c__Alphaproteobacteria,o__Rhizobiales,f__A0839,g__norank_f__A0839,s__unclassified_g__norank_f__A0839,OTU2352,56,8.0E-5,58.823529411765%
d__Bacteria,k__norank_d__Bacteria,p__Proteobacteria,c__Gammaproteobacteria,o__Methylococcales,f__Methylomonaceae,g__Crenothrix,s__unclassified_g__Crenothrix,OTU2014,211,0.00029,47.058823529412%
d__Bacteria,k__norank_d__Bacteria,p__Proteobacteria,c__Deltaproteobacteria,o__SAR324_cladeMarine_group_B,f__norank_o__SAR324_cladeMarine_group_B,g__norank_o__SAR324_cladeMarine_group_B,s__uncultured_bacterium_g__norank_o__SAR324_cladeMarine_group_B,OTU2043,301,0.00042,47.058823529412%
d__Bacteria,k__norank_d__Bacteria,p__Proteobacteria,c__Alphaproteobacteria,o__Sneathiellales,f__Sneathiellaceae,g__unclassified_f__Sneathiellaceae,s__unclassified_f__Sneathiellaceae,OTU1751,18,2.0E-5,17.647058823529%
d__Bacteria,k__norank_d__Bacteria,p__Proteobacteria,c__Gammaproteobacteria,o__norank_c__Gammaproteobacteria,f__norank_c__Gammaproteobacteria,g__norank_c__Gammaproteobacteria,s__metagenome_g__norank_c__Gammaproteobacteria,OTU2004,16,2.0E-5,5.8823529411765%
d__Bacteria,k__norank_d__Bacteria,p__Proteobacteria,c__Alphaproteobacteria,o__unclassified_c__Alphaproteobacteria,f__unclassified_c__Alphaproteobacteria,g__unclassified_c__Alphaproteobacteria,s__unclassified_c__Alphaproteobacteria,OTU1738,40,6.0E-5,17.647058823529%
d__Bacteria,k__norank_d__Bacteria,p__Chlamydiae,c__Chlamydiae,o__Chlamydiales,f__Parachlamydiaceae,g__unclassified_f__Parachlamydiaceae,s__unclassified_f__Parachlamydiaceae,OTU2157,30,4.0E-5,47.058823529412%
d__Bacteria,k__norank_d__Bacteria,p__Acidobacteria,c__Blastocatellia_Subgroup_4,o__Blastocatellales,f__Blastocatellaceae,g__Stenotrophobacter,s__unclassified_g__Stenotrophobacter,OTU1626,739,0.00102,41.176470588235%
d__Bacteria,k__norank_d__Bacteria,p__Planctomycetes,c__Planctomycetacia,o__norank_c__Planctomycetacia,f__norank_c__Planctomycetacia,g__norank_c__Planctomycetacia,s__uncultured_planctomycete_g__norank_c__Planctomycetacia,OTU1646,4,5.53547e-6,17.647058823529%
d__Bacteria,k__norank_d__Bacteria,p__Bacteroidetes,c__Bacteroidia,o__Sphingobacteriales,f__env.OPS_17,g__norank_f__env.OPS_17,s__uncultured_bacterium_g__norank_f__env.OPS_17,OTU2879,7,9.68708e-6,23.529411764706%
d__Bacteria,k__norank_d__Bacteria,p__Bacteroidetes,c__Ignavibacteria,o__Kryptoniales,f__BSV26,g__norank_f__BSV26,s__unclassified_g__norank_f__BSV26,OTU2140,11,2.0E-5,41.176470588235%
d__Bacteria,k__norank_d__Bacteria,p__Proteobacteria,c__Alphaproteobacteria,o__Rickettsiales,f__Mitochondria,g__norank_f__Mitochondria,s__unclassified_g__norank_f__Mitochondria,OTU1465,4,5.53547e-6,5.8823529411765%
d__Bacteria,k__norank_d__Bacteria,p__Proteobacteria,c__Alphaproteobacteria,o__Caulobacterales,f__Hyphomonadaceae,g__SWB02,s__unclassified_g__SWB02,OTU1917,25,3.0E-5,17.647058823529%
d__Bacteria,k__norank_d__Bacteria,p__Verrucomicrobia,c__Verrucomicrobiae,o__Verrucomicrobiales,f__Akkermansiaceae,g__Akkermansia,s__uncultured_organism_g__Akkermansia,OTU2071,4,5.53547e-6,23.529411764706%
d__Bacteria,k__norank_d__Bacteria,p__Chloroflexi,c__Chloroflexia,o__Thermomicrobiales,f__JG30-KF-CM45,g__norank_f__JG30-KF-CM45,s__unclassified_g__norank_f__JG30-KF-CM45,OTU1941,65,9.0E-5,23.529411764706%
d__Bacteria,k__norank_d__Bacteria,p__Proteobacteria,c__Deltaproteobacteria,o__Myxococcales,f__Haliangiaceae,g__Haliangium,s__uncultured_bacterium_g__Haliangium,OTU2028,3,4.15161e-6,17.647058823529%
d__Bacteria,k__norank_d__Bacteria,p__Firmicutes,c__Clostridia,o__Clostridiales,f__Family_XI_o__Clostridiales,g__Gallicola,s__Peptostreptococcaceae_bacterium_SK031,OTU2052,8,1.0E-5,29.411764705882%
d__Bacteria,k__norank_d__Bacteria,p__Chloroflexi,c__TK10,o__norank_c__TK10,f__norank_c__TK10,g__norank_c__TK10,s__uncultured_bacterium_g__norank_c__TK10,OTU1523,18,2.0E-5,47.058823529412%
d__Bacteria,k__norank_d__Bacteria,p__Proteobacteria,c__Alphaproteobacteria,o__SAR11_clade,f__Clade_III,g__norank_f__Clade_III,s__uncultured_Pelagibacterales_bacterium_g__norank,OTU2393,4,5.53547e-6,17.647058823529%
d__Bacteria,k__norank_d__Bacteria,p__Proteobacteria,c__Alphaproteobacteria,o__Rhizobiales,f__Beijerinckiaceae,g__Methylobacterium,s__Methylobacterium_fujisawaense,OTU1643,135,0.00019,58.823529411765%
d__Bacteria,k__norank_d__Bacteria,p__Actinobacteria,c__Actinobacteria,o__Pseudonocardiales,f__Pseudonocardiaceae,g__Pseudonocardia,s__unclassified_g__Pseudonocardia,OTU1649,68,9.0E-5,29.411764705882%
d__Bacteria,k__norank_d__Bacteria,p__Patescibacteria,c__Parcubacteria,o__Candidatus_Kaiserbacteria,f__norank_o__Candidatus_Kaiserbacteria,g__norank_o__Candidatus_Kaiserbacteria,s__groundwater_metagenome_g__norank_o__Candidatus_Kaiserbacteria,OTU1785,20,3.0E-5,17.647058823529%
d__Bacteria,k__norank_d__Bacteria,p__Actinobacteria,c__Actinobacteria,o__Microtrichales,f__Microtrichaceae,g__IMCC26207,s__unclassified_g__IMCC26207,OTU2196,5108,0.00707,70.588235294118%
d__Bacteria,k__norank_d__Bacteria,p__Firmicutes,c__Clostridia,o__Clostridiales,f__Ruminococcaceae,g__Ruminococcus_2,s__uncultured_organism_g__Ruminococcus_2,OTU2914,12,2.0E-5,29.411764705882%
d__Bacteria,k__norank_d__Bacteria,p__Epsilonbacteraeota,c__Campylobacteria,o__Campylobacterales,f__Arcobacteraceae,g__Arcobacter,s__unclassified_g__Arcobacter,OTU2158,45,6.0E-5,47.058823529412%
d__Bacteria,k__norank_d__Bacteria,p__Proteobacteria,c__Deltaproteobacteria,o__Myxococcales,f__unclassified_o__Myxococcales,g__unclassified_o__Myxococcales,s__unclassified_o__Myxococcales,OTU2013,5,6.91934e-6,23.529411764706%
d__Bacteria,k__norank_d__Bacteria,p__Proteobacteria,c__Gammaproteobacteria,o__unclassified_c__Gammaproteobacteria,f__unclassified_c__Gammaproteobacteria,g__unclassified_c__Gammaproteobacteria,s__unclassified_c__Gammaproteobacteria,OTU1504,3,4.15161e-6,11.764705882353%
d__Bacteria,k__norank_d__Bacteria,p__Bacteroidetes,c__Bacteroidia,o__Chitinophagales,f__Chitinophagaceae,g__norank_f__Chitinophagaceae,s__unclassified_g__norank_f__Chitinophagaceae,OTU1756,60,8.0E-5,17.647058823529%
d__Bacteria,k__norank_d__Bacteria,p__Proteobacteria,c__Gammaproteobacteria,o__Diplorickettsiales,f__Diplorickettsiaceae,g__Aquicella,s__uncultured_bacterium_g__Aquicella,OTU1949,70,0.0001,11.764705882353%
d__Bacteria,k__norank_d__Bacteria,p__Chloroflexi,c__Anaerolineae,o__Anaerolineales,f__Anaerolineaceae,g__norank_f__Anaerolineaceae,s__uncultured_Chloroflexi_bacterium_g__norank_f__Anaerolineaceae,OTU2087,2,2.76774e-6,11.764705882353%
d__Bacteria,k__norank_d__Bacteria,p__Proteobacteria,c__Alphaproteobacteria,o__Reyranellales,f__Reyranellaceae,g__norank_f__Reyranellaceae,s__uncultured_bacterium_g__norank_f__Reyranellaceae,OTU1944,50,7.0E-5,47.058823529412%
d__Bacteria,k__norank_d__Bacteria,p__Planctomycetes,c__Planctomycetacia,o__Gemmatales,f__Gemmataceae,g__norank_f__Gemmataceae,s__unclassified_g__norank_f__Gemmataceae,OTU2039,12,2.0E-5,35.294117647059%
d__Bacteria,k__norank_d__Bacteria,p__Proteobacteria,c__Alphaproteobacteria,o__norank_c__Alphaproteobacteria,f__norank_c__Alphaproteobacteria,g__norank_c__Alphaproteobacteria,s__metagenome_g__norank_c__Alphaproteobacteria,OTU1528,92,0.00013,23.529411764706%
d__Bacteria,k__norank_d__Bacteria,p__Planctomycetes,c__OM190,o__norank_c__OM190,f__norank_c__OM190,g__norank_c__OM190,s__uncultured_bacterium_g__norank_c__OM190,OTU2915,11,2.0E-5,29.411764705882%
d__Bacteria,k__norank_d__Bacteria,p__Deinococcus-Thermus,c__Deinococci,o__Deinococcales,f__Deinococcaceae,g__Deinococcus,s__Deinococcus_ficus,OTU2055,14,2.0E-5,41.176470588235%
d__Bacteria,k__norank_d__Bacteria,p__Proteobacteria,c__Gammaproteobacteria,o__Pseudomonadales,f__Pseudomonadaceae,g__Pseudomonas,s__Pseudomonas_anguilliseptica,OTU1679,111,0.00015,11.764705882353%
d__Bacteria,k__norank_d__Bacteria,p__Firmicutes,c__Negativicutes,o__Selenomonadales,f__Veillonellaceae,g__Anaerospora,s__uncultured_bacterium_g__Anaerospora,OTU1808,19,3.0E-5,5.8823529411765%
d__Bacteria,k__norank_d__Bacteria,p__Proteobacteria,c__Alphaproteobacteria,o__Azospirillales,f__Inquilinaceae,g__Inquilinus,s__unclassified_g__Inquilinus,OTU1966,314,0.00043,41.176470588235%
d__Bacteria,k__norank_d__Bacteria,p__Chloroflexi,c__Anaerolineae,o__Anaerolineales,f__Anaerolineaceae,g__Levilinea,s__uncultured_bacterium_g__Levilinea,OTU2199,62,9.0E-5,52.941176470588%
d__Bacteria,k__norank_d__Bacteria,p__Patescibacteria,c__Microgenomatia,o__Candidatus_Woesebacteria,f__norank_o__Candidatus_Woesebacteria,g__norank_o__Candidatus_Woesebacteria,s__unclassified_g__norank_o__Candidatus_Woesebacteria,OTU2396,16,2.0E-5,47.058823529412%
d__Bacteria,k__norank_d__Bacteria,p__Proteobacteria,c__Alphaproteobacteria,o__norank_c__Alphaproteobacteria,f__norank_c__Alphaproteobacteria,g__norank_c__Alphaproteobacteria,s__uncultured_Oceanibaculum_sp._g__norank_c__Alphaproteobacteria,OTU1514,7,9.68708e-6,5.8823529411765%
d__Bacteria,k__norank_d__Bacteria,p__Proteobacteria,c__Alphaproteobacteria,o__Puniceispirillales,f__EF100-94H03,g__norank_f__EF100-94H03,s__uncultured_bacterium_g__norank_f__EF100-94H03,OTU1771,34,5.0E-5,17.647058823529%
d__Bacteria,k__norank_d__Bacteria,p__Planctomycetes,c__Planctomycetacia,o__Isosphaerales,f__Isosphaeraceae,g__norank_f__Isosphaeraceae,s__unclassified_g__norank_f__Isosphaeraceae,OTU2021,4,5.53547e-6,11.764705882353%
d__Bacteria,k__norank_d__Bacteria,p__Chloroflexi,c__Anaerolineae,o__SBR1031,f__A4b,g__norank_f__A4b,s__uncultured_bacterium_g__norank_f__A4b,OTU1953,14,2.0E-5,17.647058823529%
d__Bacteria,k__norank_d__Bacteria,p__Proteobacteria,c__Gammaproteobacteria,o__Methylococcales,f__Methylomonaceae,g__Methylomicrobium,s__unclassified_g__Methylomicrobium,OTU2050,14,2.0E-5,41.176470588235%
d__Bacteria,k__norank_d__Bacteria,p__Firmicutes,c__Clostridia,o__Clostridiales,f__Heliobacteriaceae,g__Hydrogenispora,s__uncultured_bacterium_g__Hydrogenispora,OTU2141,4,5.53547e-6,23.529411764706%
d__Bacteria,k__norank_d__Bacteria,p__Proteobacteria,c__Alphaproteobacteria,o__Rhizobiales,f__Rhizobiaceae,g__Allorhizobium-Neorhizobium-Pararhizobium-Rhizobium,s__Agrobacterium_radiobacter_g__Allorhizobium-Neorhizobium-Pararhizobium-Rhizobium,OTU1700,577,0.0008,41.176470588235%
d__Bacteria,k__norank_d__Bacteria,p__Chloroflexi,c__Anaerolineae,o__SBR1031,f__norank_o__SBR1031,g__norank_o__SBR1031,s__uncultured_Gemmatimonadetes_bacterium_g__norank_o__SBR1031,OTU2918,58,8.0E-5,47.058823529412%
d__Bacteria,k__norank_d__Bacteria,p__Patescibacteria,c__Saccharimonadia,o__Saccharimonadales,f__unclassified_o__Saccharimonadales,g__unclassified_o__Saccharimonadales,s__unclassified_o__Saccharimonadales,OTU2177,21,3.0E-5,52.941176470588%
d__Bacteria,k__norank_d__Bacteria,p__Proteobacteria,c__Alphaproteobacteria,o__Rickettsiales,f__Mitochondria,g__norank_f__Mitochondria,s__unclassified_g__norank_f__Mitochondria,OTU2067,8,1.0E-5,29.411764705882%
d__Bacteria,k__norank_d__Bacteria,p__Proteobacteria,c__Alphaproteobacteria,o__Paracaedibacterales,f__Paracaedibacteraceae,g__norank_f__Paracaedibacteraceae,s__uncultured_bacterium_g__norank_f__Paracaedibacteraceae,OTU1709,3,4.15161e-6,11.764705882353%
d__Bacteria,k__norank_d__Bacteria,p__Proteobacteria,c__Alphaproteobacteria,o__Rickettsiales,f__SM2D12,g__norank_f__SM2D12,s__unclassified_g__norank_f__SM2D12,OTU1972,24,3.0E-5,11.764705882353%
d__Bacteria,k__norank_d__Bacteria,p__Proteobacteria,c__Alphaproteobacteria,o__Acetobacterales,f__Acetobacterales_Incertae_Sedis,g__norank_f__Acetobacterales_Incertae_Sedis,s__uncultured_bacterium_g__norank_f__Acetobacterales_Incertae_Sedis,OTU1819,9,1.0E-5,11.764705882353%
d__Bacteria,k__norank_d__Bacteria,p__Proteobacteria,c__Deltaproteobacteria,o__Myxococcales,f__unclassified_o__Myxococcales,g__unclassified_o__Myxococcales,s__unclassified_o__Myxococcales,OTU2208,64,9.0E-5,47.058823529412%
d__Bacteria,k__norank_d__Bacteria,p__Firmicutes,c__Clostridia,o__Clostridiales,f__Lachnospiraceae,g__Ruminococcus]_torques_group,s__metagenome_g__Ruminococcus]_torques_group,OTU2453,235,0.00033,47.058823529412%
d__Bacteria,k__norank_d__Bacteria,p__Firmicutes,c__Bacilli,o__Bacillales,f__Family_XII_o__Bacillales,g__Exiguobacterium,s__Exiguobacterium_aurantiacum,OTU1565,6,8.30321e-6,23.529411764706%
d__Bacteria,k__norank_d__Bacteria,p__Proteobacteria,c__Alphaproteobacteria,o__norank_c__Alphaproteobacteria,f__norank_c__Alphaproteobacteria,g__norank_c__Alphaproteobacteria,s__uncultured_Acetobacteraceae_bacterium_g__norank_c__Alphaproteobacteria,OTU1960,388,0.00054,47.058823529412%
d__Bacteria,k__norank_d__Bacteria,p__Proteobacteria,c__Alphaproteobacteria,o__Paracaedibacterales,f__Paracaedibacteraceae,g__norank_f__Paracaedibacteraceae,s__unclassified_g__norank_f__Paracaedibacteraceae,OTU1527,10,1.0E-5,17.647058823529%
d__Bacteria,k__norank_d__Bacteria,p__Acidobacteria,c__Blastocatellia_Subgroup_4,o__unclassified_c__Blastocatellia_Subgroup_4,f__unclassified_c__Blastocatellia_Subgroup_4,g__unclassified_c__Blastocatellia_Subgroup_4,s__unclassified_c__Blastocatellia_Subgroup_4,OTU2059,5,6.91934e-6,17.647058823529%
d__Bacteria,k__norank_d__Bacteria,p__Bacteroidetes,c__Bacteroidia,o__Bacteroidales,f__Dysgonomonadaceae,g__Dysgonomonas,s__uncultured_Bacteroidetes_bacterium_g__Dysgonomonas,OTU1799,372,0.00051,5.8823529411765%
d__Bacteria,k__norank_d__Bacteria,p__Verrucomicrobia,c__Verrucomicrobiae,o__Methylacidiphilales,f__Methylacidiphilaceae,g__norank_f__Methylacidiphilaceae,s__unclassified_g__norank_f__Methylacidiphilaceae,OTU2031,7,9.68708e-6,23.529411764706%
d__Bacteria,k__norank_d__Bacteria,p__Proteobacteria,c__Deltaproteobacteria,o__Bdellovibrionales,f__Bdellovibrionaceae,g__Bdellovibrio,s__unclassified_g__Bdellovibrio,OTU1742,20,3.0E-5,23.529411764706%
d__Bacteria,k__norank_d__Bacteria,p__Acidobacteria,c__Acidobacteriia,o__Solibacterales,f__Solibacteraceae_Subgroup_3,g__Bryobacter,s__metagenome_g__Bryobacter,OTU2181,19,3.0E-5,64.705882352941%
d__Bacteria,k__norank_d__Bacteria,p__Proteobacteria,c__Alphaproteobacteria,o__Rickettsiales,f__AB1,g__norank_f__AB1,s__unclassified_g__norank_f__AB1,OTU1980,91,0.00013,23.529411764706%
d__Bacteria,k__norank_d__Bacteria,p__Patescibacteria,c__Microgenomatia,o__Candidatus_Pacebacteria,f__norank_o__Candidatus_Pacebacteria,g__norank_o__Candidatus_Pacebacteria,s__uncultured_soil_bacterium_g__norank_o__Candidatus_Pacebacteria,OTU1733,18,2.0E-5,5.8823529411765%
d__Bacteria,k__norank_d__Bacteria,p__Proteobacteria,c__Deltaproteobacteria,o__Oligoflexales,f__0319-6G20,g__norank_f__0319-6G20,s__unclassified_g__norank_f__0319-6G20,OTU2977,12,2.0E-5,35.294117647059%
d__Bacteria,k__norank_d__Bacteria,p__Firmicutes,c__Clostridia,o__Clostridiales,f__Clostridiaceae_1,g__Clostridium_sensu_stricto_1,s__unclassified_g__Clostridium_sensu_stricto_1,OTU2153,66,9.0E-5,58.823529411765%
d__Bacteria,k__norank_d__Bacteria,p__Chloroflexi,c__Anaerolineae,o__Anaerolineales,f__Anaerolineaceae,g__norank_f__Anaerolineaceae,s__unclassified_g__norank_f__Anaerolineaceae,OTU2466,12,2.0E-5,41.176470588235%
d__Bacteria,k__norank_d__Bacteria,p__Chloroflexi,c__unclassified_p__Chloroflexi,o__unclassified_p__Chloroflexi,f__unclassified_p__Chloroflexi,g__unclassified_p__Chloroflexi,s__unclassified_p__Chloroflexi,OTU2229,744,0.00103,47.058823529412%
d__Bacteria,k__norank_d__Bacteria,p__Proteobacteria,c__Alphaproteobacteria,o__Paracaedibacterales,f__Paracaedibacteraceae,g__Candidatus_Captivus,s__uncultured_bacterium_g__Candidatus_Captivus,OTU1573,3,4.15161e-6,11.764705882353%
d__Bacteria,k__norank_d__Bacteria,p__Planctomycetes,c__Planctomycetacia,o__Gemmatales,f__Gemmataceae,g__norank_f__Gemmataceae,s__bacterium_enrichment_culture_clone_B1452011,OTU2092,9,1.0E-5,41.176470588235%
d__Bacteria,k__norank_d__Bacteria,p__Verrucomicrobia,c__Verrucomicrobiae,o__Pedosphaerales,f__Pedosphaeraceae,g__norank_f__Pedosphaeraceae,s__unclassified_g__norank_f__Pedosphaeraceae,OTU1836,4,5.53547e-6,5.8823529411765%
d__Bacteria,k__norank_d__Bacteria,p__Acidobacteria,c__Acidobacteriia,o__Solibacterales,f__Solibacteraceae_Subgroup_3,g__Paludibaculum,s__uncultured_bacterium_g__Paludibaculum,OTU1530,5,6.91934e-6,5.8823529411765%
d__Bacteria,k__norank_d__Bacteria,p__Firmicutes,c__Clostridia,o__Clostridiales,f__Ruminococcaceae,g__Ruminiclostridium_6,s__Eubacterium]_siraeum_DSM_15702,OTU2057,2,2.76774e-6,11.764705882353%
d__Bacteria,k__norank_d__Bacteria,p__Firmicutes,c__Clostridia,o__Clostridiales,f__Ruminococcaceae,g__Ruminococcus_1,s__Ruminococcus_bicirculans,OTU2093,8,1.0E-5,23.529411764706%
d__Bacteria,k__norank_d__Bacteria,p__Proteobacteria,c__Alphaproteobacteria,o__norank_c__Alphaproteobacteria,f__norank_c__Alphaproteobacteria,g__norank_c__Alphaproteobacteria,s__unclassified_g__norank_c__Alphaproteobacteria,OTU1763,347,0.00048,76.470588235294%
d__Bacteria,k__norank_d__Bacteria,p__Bacteroidetes,c__Ignavibacteria,o__OPB56,f__norank_o__OPB56,g__norank_o__OPB56,s__uncultured_bacterium_g__norank_o__OPB56,OTU2981,9,1.0E-5,17.647058823529%
d__Bacteria,k__norank_d__Bacteria,p__Proteobacteria,c__Deltaproteobacteria,o__Oligoflexales,f__Oligoflexaceae,g__norank_f__Oligoflexaceae,s__uncultured_bacterium_g__norank_f__Oligoflexaceae,OTU2477,14,2.0E-5,29.411764705882%
d__Bacteria,k__norank_d__Bacteria,p__Proteobacteria,c__Alphaproteobacteria,o__norank_c__Alphaproteobacteria,f__norank_c__Alphaproteobacteria,g__norank_c__Alphaproteobacteria,s__unclassified_g__norank_c__Alphaproteobacteria,OTU1802,19,3.0E-5,52.941176470588%
d__Bacteria,k__norank_d__Bacteria,p__Bacteroidetes,c__Bacteroidia,o__Flavobacteriales,f__Flavobacteriaceae,g__Myroides,s__Myroides_odoratus,OTU1985,7,9.68708e-6,5.8823529411765%
d__Bacteria,k__norank_d__Bacteria,p__Proteobacteria,c__Alphaproteobacteria,o__Sneathiellales,f__Sneathiellaceae,g__AT-s3-44,s__metagenome_g__AT-s3-44,OTU1965,41,6.0E-5,35.294117647059%
d__Bacteria,k__norank_d__Bacteria,p__Proteobacteria,c__Alphaproteobacteria,o__Rhizobiales,f__Beijerinckiaceae,g__unclassified_f__Beijerinckiaceae,s__unclassified_f__Beijerinckiaceae,OTU2197,993,0.00137,70.588235294118%
d__Bacteria,k__norank_d__Bacteria,p__Proteobacteria,c__Alphaproteobacteria,o__Elsterales,f__norank_o__Elsterales,g__norank_o__Elsterales,s__unclassified_g__norank_o__Elsterales,OTU1741,11,2.0E-5,17.647058823529%
d__Bacteria,k__norank_d__Bacteria,p__Acidobacteria,c__Holophagae,o__Holophagales,f__Holophagaceae,g__Geothrix,s__unclassified_g__Geothrix,OTU2156,3,4.15161e-6,11.764705882353%
d__Bacteria,k__norank_d__Bacteria,p__Proteobacteria,c__Alphaproteobacteria,o__Rhizobiales,f__Rhizobiales_Incertae_Sedis,g__Bauldia,s__unclassified_g__Bauldia,OTU2098,22,3.0E-5,58.823529411765%
d__Bacteria,k__norank_d__Bacteria,p__WPS-2,c__norank_p__WPS-2,o__norank_p__WPS-2,f__norank_p__WPS-2,g__norank_p__WPS-2,s__metagenome_g__norank_p__WPS-2,OTU1597,4,5.53547e-6,5.8823529411765%
d__Bacteria,k__norank_d__Bacteria,p__Cyanobacteria,c__Melainabacteria,o__Obscuribacterales,f__norank_o__Obscuribacterales,g__norank_o__Obscuribacterales,s__uncultured_bacterium_g__norank_o__Obscuribacterales,OTU1838,18,2.0E-5,23.529411764706%
d__Bacteria,k__norank_d__Bacteria,p__Chloroflexi,c__Anaerolineae,o__Ardenticatenales,f__norank_o__Ardenticatenales,g__norank_o__Ardenticatenales,s__uncultured_prokaryote_g__norank_o__Ardenticatenales,OTU2073,7,9.68708e-6,29.411764705882%
d__Bacteria,k__norank_d__Bacteria,p__Elusimicrobia,c__Elusimicrobia,o__norank_c__Elusimicrobia,f__norank_c__Elusimicrobia,g__norank_c__Elusimicrobia,s__unclassified_g__norank_c__Elusimicrobia,OTU2100,22,3.0E-5,35.294117647059%
d__Bacteria,k__norank_d__Bacteria,p__Bacteroidetes,c__Bacteroidia,o__Sphingobacteriales,f__AKYH767,g__norank_f__AKYH767,s__uncultured_bacterium_PHOS-HE51,OTU2983,3,4.15161e-6,17.647058823529%
d__Bacteria,k__norank_d__Bacteria,p__Firmicutes,c__Clostridia,o__Clostridiales,f__Ruminococcaceae,g__unclassified_f__Ruminococcaceae,s__unclassified_f__Ruminococcaceae,OTU2233,9,1.0E-5,29.411764705882%
d__Bacteria,k__norank_d__Bacteria,p__Planctomycetes,c__Planctomycetacia,o__Gemmatales,f__Gemmataceae,g__norank_f__Gemmataceae,s__unclassified_g__norank_f__Gemmataceae,OTU1777,32,4.0E-5,23.529411764706%
d__Bacteria,k__norank_d__Bacteria,p__Proteobacteria,c__Deltaproteobacteria,o__Oligoflexales,f__Oligoflexaceae,g__unclassified_f__Oligoflexaceae,s__unclassified_f__Oligoflexaceae,OTU2495,3,4.15161e-6,17.647058823529%
d__Bacteria,k__norank_d__Bacteria,p__Firmicutes,c__Clostridia,o__Clostridiales,f__Ruminococcaceae,g__Ruminococcaceae_UCG-014,s__unclassified_g__Ruminococcaceae_UCG-014,OTU2201,4,5.53547e-6,23.529411764706%
d__Bacteria,k__norank_d__Bacteria,p__Bacteroidetes,c__Bacteroidia,o__Bacteroidales,f__Paludibacteraceae,g__norank_f__Paludibacteraceae,s__uncultured_bacterium_g__norank_f__Paludibacteraceae,OTU2159,6,8.30321e-6,17.647058823529%
d__Bacteria,k__norank_d__Bacteria,p__Gemmatimonadetes,c__Gemmatimonadetes,o__Gemmatimonadales,f__Gemmatimonadaceae,g__Gemmatimonas,s__Microcystis_sp._SAG_43.90,OTU1816,27,4.0E-5,35.294117647059%
d__Bacteria,k__norank_d__Bacteria,p__Proteobacteria,c__Deltaproteobacteria,o__Bdellovibrionales,f__Bdellovibrionaceae,g__Bdellovibrio,s__uncultured_Bdellovibrio_sp._g__Bdellovibrio,OTU2120,3,4.15161e-6,17.647058823529%
d__Bacteria,k__norank_d__Bacteria,p__Patescibacteria,c__Parcubacteria,o__Candidatus_Kaiserbacteria,f__norank_o__Candidatus_Kaiserbacteria,g__norank_o__Candidatus_Kaiserbacteria,s__unclassified_g__norank_o__Candidatus_Kaiserbacteria,OTU1969,9,1.0E-5,11.764705882353%
d__Bacteria,k__norank_d__Bacteria,p__Proteobacteria,c__Alphaproteobacteria,o__Rickettsiales,f__Rickettsiaceae,g__norank_f__Rickettsiaceae,s__unclassified_g__norank_f__Rickettsiaceae,OTU1840,2,2.76774e-6,11.764705882353%
d__Bacteria,k__norank_d__Bacteria,p__Actinobacteria,c__Actinobacteria,o__Microtrichales,f__norank_o__Microtrichales,g__norank_o__Microtrichales,s__uncultured_bacterium_g__norank_o__Microtrichales,OTU1991,258,0.00036,82.352941176471%
d__Bacteria,k__norank_d__Bacteria,p__Actinobacteria,c__Actinobacteria,o__OPB41,f__norank_o__OPB41,g__norank_o__OPB41,s__unclassified_g__norank_o__OPB41,OTU2104,10,1.0E-5,47.058823529412%
d__Bacteria,k__norank_d__Bacteria,p__Chloroflexi,c__Anaerolineae,o__SBR1031,f__A4b,g__norank_f__A4b,s__uncultured_sludge_bacterium_H8,OTU1745,167,0.00023,52.941176470588%
d__Bacteria,k__norank_d__Bacteria,p__Proteobacteria,c__Gammaproteobacteria,o__unclassified_c__Gammaproteobacteria,f__unclassified_c__Gammaproteobacteria,g__unclassified_c__Gammaproteobacteria,s__unclassified_c__Gammaproteobacteria,OTU2995,4,5.53547e-6,23.529411764706%
d__Bacteria,k__norank_d__Bacteria,p__Proteobacteria,c__Alphaproteobacteria,o__Sphingomonadales,f__Sphingomonadaceae,g__Sphingobium,s__unclassified_g__Sphingobium,OTU1607,234,0.00032,94.117647058824%
d__Bacteria,k__norank_d__Bacteria,p__Patescibacteria,c__Saccharimonadia,o__Saccharimonadales,f__norank_o__Saccharimonadales,g__norank_o__Saccharimonadales,s__unclassified_g__norank_o__Saccharimonadales,OTU2077,6,8.30321e-6,29.411764705882%
d__Bacteria,k__norank_d__Bacteria,p__Patescibacteria,c__Saccharimonadia,o__Saccharimonadales,f__norank_o__Saccharimonadales,g__norank_o__Saccharimonadales,s__unclassified_g__norank_o__Saccharimonadales,OTU2503,7,9.68708e-6,41.176470588235%
d__Bacteria,k__norank_d__Bacteria,p__Actinobacteria,c__Actinobacteria,o__Gaiellales,f__norank_o__Gaiellales,g__norank_o__Gaiellales,s__unclassified_g__norank_o__Gaiellales,OTU2242,74,0.0001,64.705882352941%
d__Bacteria,k__norank_d__Bacteria,p__Acidobacteria,c__Acidobacteriia,o__Solibacterales,f__Solibacteraceae_Subgroup_3,g__Elev-16S-1166,s__uncultured_bacterium_g__Elev-16S-1166,OTU1788,25,3.0E-5,23.529411764706%
d__Bacteria,k__norank_d__Bacteria,p__Actinobacteria,c__Actinobacteria,o__IMCC26256,f__norank_o__IMCC26256,g__norank_o__IMCC26256,s__metagenome_g__norank_o__IMCC26256,OTU2202,4,5.53547e-6,23.529411764706%
d__Bacteria,k__norank_d__Bacteria,p__Proteobacteria,c__Deltaproteobacteria,o__SAR324_cladeMarine_group_B,f__norank_o__SAR324_cladeMarine_group_B,g__norank_o__SAR324_cladeMarine_group_B,s__unclassified_g__norank_o__SAR324_cladeMarine_group_B,OTU2161,3,4.15161e-6,17.647058823529%
d__Bacteria,k__norank_d__Bacteria,p__Acidobacteria,c__Subgroup_15,o__norank_c__Subgroup_15,f__norank_c__Subgroup_15,g__norank_c__Subgroup_15,s__uncultured_bacterium_g__norank_c__Subgroup_15,OTU1843,3,4.15161e-6,5.8823529411765%
d__Bacteria,k__norank_d__Bacteria,p__Proteobacteria,c__Alphaproteobacteria,o__Rhizobiales,f__Rhizobiaceae,g__Allorhizobium-Neorhizobium-Pararhizobium-Rhizobium,s__Agrobacterium_pusense,OTU1973,797,0.0011,52.941176470588%
d__Bacteria,k__norank_d__Bacteria,p__Proteobacteria,c__Alphaproteobacteria,o__Rhizobiales,f__Hyphomicrobiaceae,g__Hyphomicrobium,s__uncultured_bacterium_g__Hyphomicrobium,OTU1841,529,0.00073,76.470588235294%
d__Bacteria,k__norank_d__Bacteria,p__Proteobacteria,c__Alphaproteobacteria,o__Paracaedibacterales,f__Paracaedibacteraceae,g__Candidatus_Captivus,s__uncultured_bacterium_g__Candidatus_Captivus,OTU2146,10,1.0E-5,47.058823529412%
d__Bacteria,k__norank_d__Bacteria,p__Patescibacteria,c__Saccharimonadia,o__Saccharimonadales,f__norank_o__Saccharimonadales,g__norank_o__Saccharimonadales,s__unclassified_g__norank_o__Saccharimonadales,OTU3001,894,0.00124,47.058823529412%
d__Bacteria,k__norank_d__Bacteria,p__Spirochaetes,c__Leptospirae,o__Leptospirales,f__Leptospiraceae,g__norank_f__Leptospiraceae,s__metagenome_g__norank_f__Leptospiraceae,OTU1993,11,2.0E-5,41.176470588235%
d__Bacteria,k__norank_d__Bacteria,p__Firmicutes,c__Clostridia,o__Clostridiales,f__Peptostreptococcaceae,g__Terrisporobacter,s__unclassified_g__Terrisporobacter,OTU2267,3,4.15161e-6,11.764705882353%
d__Bacteria,k__norank_d__Bacteria,p__Proteobacteria,c__Alphaproteobacteria,o__Rhizobiales,f__Labraceae,g__Labrys,s__metagenome_g__Labrys,OTU1749,87,0.00012,76.470588235294%
d__Bacteria,k__norank_d__Bacteria,p__Patescibacteria,c__WS6_Dojkabacteria,o__norank_c__WS6_Dojkabacteria,f__norank_c__WS6_Dojkabacteria,g__norank_c__WS6_Dojkabacteria,s__uncultured_prokaryote_g__norank_c__WS6_Dojkabacteria,OTU2108,6,8.30321e-6,23.529411764706%
d__Bacteria,k__norank_d__Bacteria,p__Chloroflexi,c__Chloroflexia,o__Thermomicrobiales,f__JG30-KF-CM45,g__norank_f__JG30-KF-CM45,s__unclassified_g__norank_f__JG30-KF-CM45,OTU2231,3,4.15161e-6,17.647058823529%
d__Bacteria,k__norank_d__Bacteria,p__Planctomycetes,c__Phycisphaerae,o__Phycisphaerales,f__Phycisphaeraceae,g__SM1A02,s__uncultured_bacterium_g__SM1A02,OTU1612,183,0.00025,35.294117647059%
d__Bacteria,k__norank_d__Bacteria,p__Bacteroidetes,c__Bacteroidia,o__Chitinophagales,f__Chitinophagaceae,g__norank_f__Chitinophagaceae,s__uncultured_Chitinophagaceae_bacterium_g__norank_f__Chitinophagaceae,OTU2081,93,0.00013,88.235294117647%
d__Bacteria,k__norank_d__Bacteria,p__Planctomycetes,c__Phycisphaerae,o__Phycisphaerales,f__Phycisphaeraceae,g__SM1A02,s__metagenome_g__SM1A02,OTU2521,64,9.0E-5,52.941176470588%
d__Bacteria,k__norank_d__Bacteria,p__Proteobacteria,c__Alphaproteobacteria,o__Rhizobiales,f__Hyphomicrobiaceae,g__norank_f__Hyphomicrobiaceae,s__metagenome_g__norank_f__Hyphomicrobiaceae,OTU1532,33,5.0E-5,29.411764705882%
d__Bacteria,k__norank_d__Bacteria,p__Verrucomicrobia,c__Verrucomicrobiae,o__Pedosphaerales,f__Pedosphaeraceae,g__ADurb.Bin063-1,s__uncultured_bacterium_g__ADurb.Bin063-1,OTU2164,4,5.53547e-6,11.764705882353%
d__Bacteria,k__norank_d__Bacteria,p__Proteobacteria,c__Deltaproteobacteria,o__unclassified_c__Deltaproteobacteria,f__unclassified_c__Deltaproteobacteria,g__unclassified_c__Deltaproteobacteria,s__unclassified_c__Deltaproteobacteria,OTU1976,39,5.0E-5,5.8823529411765%
d__Bacteria,k__norank_d__Bacteria,p__Cyanobacteria,c__Melainabacteria,o__Vampirovibrionales,f__norank_o__Vampirovibrionales,g__norank_o__Vampirovibrionales,s__uncultured_bacterium_g__norank_o__Vampirovibrionales,OTU1812,2,2.76774e-6,5.8823529411765%
d__Bacteria,k__norank_d__Bacteria,p__Chloroflexi,c__JG30-KF-CM66,o__norank_c__JG30-KF-CM66,f__norank_c__JG30-KF-CM66,g__norank_c__JG30-KF-CM66,s__uncultured_bacterium_g__norank_c__JG30-KF-CM66,OTU1851,290,0.0004,29.411764705882%
d__Bacteria,k__norank_d__Bacteria,p__Chloroflexi,c__Anaerolineae,o__SBR1031,f__A4b,g__norank_f__A4b,s__unclassified_g__norank_f__A4b,OTU1852,257,0.00036,41.176470588235%
d__Bacteria,k__norank_d__Bacteria,p__Chlamydiae,c__Chlamydiae,o__Chlamydiales,f__Parachlamydiaceae,g__unclassified_f__Parachlamydiaceae,s__unclassified_f__Parachlamydiaceae,OTU2186,260,0.00036,47.058823529412%
d__Bacteria,k__norank_d__Bacteria,p__Chloroflexi,c__Anaerolineae,o__Anaerolineales,f__Anaerolineaceae,g__norank_f__Anaerolineaceae,s__unclassified_g__norank_f__Anaerolineaceae,OTU3033,879,0.00122,47.058823529412%
d__Bacteria,k__norank_d__Bacteria,p__Chloroflexi,c__Anaerolineae,o__RBG-13-54-9,f__norank_o__RBG-13-54-9,g__norank_o__RBG-13-54-9,s__metagenome_g__norank_o__RBG-13-54-9,OTU2311,90,0.00012,52.941176470588%
d__Bacteria,k__norank_d__Bacteria,p__Chloroflexi,c__TK10,o__norank_c__TK10,f__norank_c__TK10,g__norank_c__TK10,s__metagenome_g__norank_c__TK10,OTU1995,214,0.0003,29.411764705882%
d__Bacteria,k__norank_d__Bacteria,p__Proteobacteria,c__Deltaproteobacteria,o__Myxococcales,f__Haliangiaceae,g__Haliangium,s__uncultured_bacterium_g__Haliangium,OTU2111,15,2.0E-5,41.176470588235%
d__Bacteria,k__norank_d__Bacteria,p__Chloroflexi,c__Dehalococcoidia,o__S085,f__norank_o__S085,g__norank_o__S085,s__uncultured_bacterium_g__norank_o__S085,OTU1768,6,8.30321e-6,11.764705882353%
d__Bacteria,k__norank_d__Bacteria,p__Chloroflexi,c__Anaerolineae,o__RBG-13-54-9,f__norank_o__RBG-13-54-9,g__norank_o__RBG-13-54-9,s__unclassified_g__norank_o__RBG-13-54-9,OTU2236,2,2.76774e-6,5.8823529411765%
d__Bacteria,k__norank_d__Bacteria,p__Proteobacteria,c__Alphaproteobacteria,o__Acetobacterales,f__Acetobacteraceae,g__norank_f__Acetobacteraceae,s__uncultured_alpha_proteobacterium_g__norank_f__Acetobacteraceae,OTU2107,21,3.0E-5,41.176470588235%
d__Bacteria,k__norank_d__Bacteria,p__Proteobacteria,c__Deltaproteobacteria,o__Myxococcales,f__Archangiaceae,g__Anaeromyxobacter,s__unclassified_g__Anaeromyxobacter,OTU2566,5,6.91934e-6,23.529411764706%
d__Bacteria,k__norank_d__Bacteria,p__Proteobacteria,c__Deltaproteobacteria,o__Bdellovibrionales,f__Bdellovibrionaceae,g__Bdellovibrio,s__unclassified_g__Bdellovibrio,OTU1860,9,1.0E-5,23.529411764706%
d__Bacteria,k__norank_d__Bacteria,p__Acidobacteria,c__Subgroup_17,o__norank_c__Subgroup_17,f__norank_c__Subgroup_17,g__norank_c__Subgroup_17,s__unclassified_g__norank_c__Subgroup_17,OTU1635,21,3.0E-5,23.529411764706%
d__Bacteria,k__norank_d__Bacteria,p__Proteobacteria,c__Alphaproteobacteria,o__Rhizobiales,f__Rhizobiaceae,g__Pseudaminobacter,s__uncultured_bacterium_g__Pseudaminobacter,OTU1987,370,0.00051,100%
d__Bacteria,k__norank_d__Bacteria,p__Armatimonadetes,c__Fimbriimonadia,o__Fimbriimonadales,f__Fimbriimonadaceae,g__norank_f__Fimbriimonadaceae,s__uncultured_Armatimonadetes_bacterium_g__norank_f__Fimbriimonadaceae,OTU2188,5,6.91934e-6,23.529411764706%
d__Bacteria,k__norank_d__Bacteria,p__Acidobacteria,c__Subgroup_6,o__norank_c__Subgroup_6,f__norank_c__Subgroup_6,g__norank_c__Subgroup_6,s__unclassified_g__norank_c__Subgroup_6,OTU1859,15,2.0E-5,29.411764705882%
d__Bacteria,k__norank_d__Bacteria,p__Chloroflexi,c__Anaerolineae,o__SBR1031,f__norank_o__SBR1031,g__norank_o__SBR1031,s__uncultured_sludge_bacterium_H5,OTU2010,120,0.00017,58.823529411765%
d__Bacteria,k__norank_d__Bacteria,p__Proteobacteria,c__Deltaproteobacteria,o__unclassified_c__Deltaproteobacteria,f__unclassified_c__Deltaproteobacteria,g__unclassified_c__Deltaproteobacteria,s__unclassified_c__Deltaproteobacteria,OTU2313,328,0.00045,52.941176470588%
d__Bacteria,k__norank_d__Bacteria,p__Bacteroidetes,c__Bacteroidia,o__Flavobacteriales,f__Weeksellaceae,g__Bergeyella,s__unclassified_g__Bergeyella,OTU2166,3,4.15161e-6,17.647058823529%
d__Bacteria,k__norank_d__Bacteria,p__Proteobacteria,c__Alphaproteobacteria,o__Rickettsiales,f__Rickettsiaceae,g__unclassified_f__Rickettsiaceae,s__unclassified_f__Rickettsiaceae,OTU2118,7,9.68708e-6,17.647058823529%
d__Bacteria,k__norank_d__Bacteria,p__Bacteroidetes,c__Bacteroidia,o__Chitinophagales,f__Saprospiraceae,g__norank_f__Saprospiraceae,s__metagenome_g__norank_f__Saprospiraceae,OTU3048,110,0.00015,47.058823529412%
d__Bacteria,k__norank_d__Bacteria,p__Planctomycetes,c__Planctomycetacia,o__norank_c__Planctomycetacia,f__norank_c__Planctomycetacia,g__norank_c__Planctomycetacia,s__metagenome_g__norank_c__Planctomycetacia,OTU1887,12,2.0E-5,11.764705882353%
d__Bacteria,k__norank_d__Bacteria,p__Proteobacteria,c__Deltaproteobacteria,o__Desulfobacterales,f__Desulfobacteraceae,g__Sva0081_sediment_group,s__uncultured_bacterium_g__Sva0081_sediment_group,OTU2237,9,1.0E-5,47.058823529412%
d__Bacteria,k__norank_d__Bacteria,p__Actinobacteria,c__Actinobacteria,o__Pseudonocardiales,f__Pseudonocardiaceae,g__Pseudonocardia,s__uncultured_bacterium_g__Pseudonocardia,OTU1539,12,2.0E-5,17.647058823529%
d__Bacteria,k__norank_d__Bacteria,p__Proteobacteria,c__Alphaproteobacteria,o__unclassified_c__Alphaproteobacteria,f__unclassified_c__Alphaproteobacteria,g__unclassified_c__Alphaproteobacteria,s__unclassified_c__Alphaproteobacteria,OTU1776,10,1.0E-5,11.764705882353%
d__Bacteria,k__norank_d__Bacteria,p__Actinobacteria,c__Actinobacteria,o__Microtrichales,f__Iamiaceae,g__Iamia,s__metagenome_g__Iamia,OTU2569,259,0.00036,76.470588235294%
d__Bacteria,k__norank_d__Bacteria,p__Cyanobacteria,c__Melainabacteria,o__Vampirovibrionales,f__norank_o__Vampirovibrionales,g__norank_o__Vampirovibrionales,s__uncultured_bacterium_g__norank_o__Vampirovibrionales,OTU1862,4,5.53547e-6,17.647058823529%
d__Bacteria,k__norank_d__Bacteria,p__Proteobacteria,c__Gammaproteobacteria,o__Xanthomonadales,f__unclassified_o__Xanthomonadales,g__unclassified_o__Xanthomonadales,s__unclassified_o__Xanthomonadales,OTU2150,317,0.00044,52.941176470588%
d__Bacteria,k__norank_d__Bacteria,p__Acidobacteria,c__Blastocatellia_Subgroup_4,o__Blastocatellales,f__Blastocatellaceae,g__Aridibacter,s__uncultured_bacterium_g__Aridibacter,OTU1637,119,0.00016,58.823529411765%
d__Bacteria,k__norank_d__Bacteria,p__Proteobacteria,c__Alphaproteobacteria,o__Rhizobiales,f__Rhizobiales_Incertae_Sedis,g__Nordella,s__unclassified_g__Nordella,OTU2017,46,6.0E-5,35.294117647059%
d__Bacteria,k__norank_d__Bacteria,p__Elusimicrobia,c__Elusimicrobia,o__Lineage_IV,f__norank_o__Lineage_IV,g__norank_o__Lineage_IV,s__uncultured_bacterium_g__norank_o__Lineage_IV,OTU2205,5,6.91934e-6,23.529411764706%
d__Bacteria,k__norank_d__Bacteria,p__Proteobacteria,c__Deltaproteobacteria,o__Bdellovibrionales,f__Bdellovibrionaceae,g__Bdellovibrio,s__uncultured_bacterium_g__Bdellovibrio,OTU1880,8,1.0E-5,11.764705882353%
d__Bacteria,k__norank_d__Bacteria,p__Proteobacteria,c__Deltaproteobacteria,o__Desulfovibrionales,f__Desulfovibrionaceae,g__Desulfovibrio,s__Desulfovibrio_desulfuricans_g__Desulfovibrio,OTU2133,13,2.0E-5,47.058823529412%
d__Bacteria,k__norank_d__Bacteria,p__Acidobacteria,c__Subgroup_18,o__norank_c__Subgroup_18,f__norank_c__Subgroup_18,g__norank_c__Subgroup_18,s__uncultured_Acidobacteria_bacterium_g__norank_c__Subgroup_18,OTU2324,4,5.53547e-6,23.529411764706%
d__Bacteria,k__norank_d__Bacteria,p__Planctomycetes,c__Planctomycetacia,o__Gemmatales,f__Gemmataceae,g__norank_f__Gemmataceae,s__unclassified_g__norank_f__Gemmataceae,OTU2222,23,3.0E-5,47.058823529412%
d__Bacteria,k__norank_d__Bacteria,p__Bacteroidetes,c__Bacteroidia,o__Sphingobacteriales,f__Sphingobacteriaceae,g__Nubsella,s__uncultured_bacterium_g__Nubsella,OTU1793,5,6.91934e-6,11.764705882353%
d__Bacteria,k__norank_d__Bacteria,p__Synergistetes,c__Synergistia,o__Synergistales,f__Synergistaceae,g__norank_f__Synergistaceae,s__uncultured_bacterium_g__norank_f__Synergistaceae,OTU2019,11,2.0E-5,35.294117647059%
d__Bacteria,k__norank_d__Bacteria,p__Acidobacteria,c__Subgroup_6,o__norank_c__Subgroup_6,f__norank_c__Subgroup_6,g__norank_c__Subgroup_6,s__unclassified_g__norank_c__Subgroup_6,OTU1901,216,0.0003,29.411764705882%
d__Bacteria,k__norank_d__Bacteria,p__Proteobacteria,c__Deltaproteobacteria,o__Oligoflexales,f__0319-6G20,g__norank_f__0319-6G20,s__bacterium_enrichment_culture_clone_B1262011,OTU3051,22,3.0E-5,52.941176470588%
d__Bacteria,k__norank_d__Bacteria,p__Actinobacteria,c__Actinobacteria,o__Bifidobacteriales,f__Bifidobacteriaceae,g__Bifidobacterium,s__unclassified_g__Bifidobacterium,OTU2258,82,0.00011,47.058823529412%
d__Bacteria,k__norank_d__Bacteria,p__Actinobacteria,c__Actinobacteria,o__Microtrichales,f__norank_o__Microtrichales,g__norank_o__Microtrichales,s__uncultured_bacterium_g__norank_o__Microtrichales,OTU2171,36,5.0E-5,52.941176470588%
d__Bacteria,k__norank_d__Bacteria,p__Proteobacteria,c__Gammaproteobacteria,o__KI89A_clade,f__norank_o__KI89A_clade,g__norank_o__KI89A_clade,s__unclassified_g__norank_o__KI89A_clade,OTU1556,31,4.0E-5,5.8823529411765%
d__Bacteria,k__norank_d__Bacteria,p__Verrucomicrobia,c__Verrucomicrobiae,o__Pedosphaerales,f__Pedosphaeraceae,g__norank_f__Pedosphaeraceae,s__unclassified_g__norank_f__Pedosphaeraceae,OTU1863,7,9.68708e-6,11.764705882353%
d__Bacteria,k__norank_d__Bacteria,p__Bacteroidetes,c__Bacteroidia,o__Chitinophagales,f__Chitinophagaceae,g__norank_f__Chitinophagaceae,s__unclassified_g__norank_f__Chitinophagaceae,OTU1644,3,4.15161e-6,5.8823529411765%
d__Bacteria,k__norank_d__Bacteria,p__Chloroflexi,c__Anaerolineae,o__Anaerolineales,f__Anaerolineaceae,g__norank_f__Anaerolineaceae,s__uncultured_sludge_bacterium_S41,OTU2572,95,0.00013,47.058823529412%
d__Bacteria,k__norank_d__Bacteria,p__Proteobacteria,c__Deltaproteobacteria,o__Myxococcales,f__unclassified_o__Myxococcales,g__unclassified_o__Myxococcales,s__unclassified_o__Myxococcales,OTU2026,41,6.0E-5,47.058823529412%
d__Bacteria,k__norank_d__Bacteria,p__Gemmatimonadetes,c__Gemmatimonadetes,o__Gemmatimonadales,f__Gemmatimonadaceae,g__norank_f__Gemmatimonadaceae,s__unclassified_g__norank_f__Gemmatimonadaceae,OTU2148,132,0.00018,88.235294117647%
d__Bacteria,k__norank_d__Bacteria,p__Proteobacteria,c__Gammaproteobacteria,o__Diplorickettsiales,f__Diplorickettsiaceae,g__norank_f__Diplorickettsiaceae,s__uncultured_bacterium_g__norank_f__Diplorickettsiaceae,OTU1886,2,2.76774e-6,5.8823529411765%
d__Bacteria,k__norank_d__Bacteria,p__Bacteroidetes,c__Ignavibacteria,o__Kryptoniales,f__BSV26,g__norank_f__BSV26,s__uncultured_soil_bacterium_g__norank_f__BSV26,OTU2345,48,7.0E-5,52.941176470588%
d__Bacteria,k__norank_d__Bacteria,p__Proteobacteria,c__Deltaproteobacteria,o__NB1-j,f__norank_o__NB1-j,g__norank_o__NB1-j,s__uncultured_proteobacterium_g__norank_o__NB1-j,OTU2212,5,6.91934e-6,29.411764705882%
d__Bacteria,k__norank_d__Bacteria,p__Proteobacteria,c__Alphaproteobacteria,o__Rhizobiales,f__Pleomorphomonadaceae,g__Ancalomicrobium,s__unclassified_g__Ancalomicrobium,OTU1906,11,2.0E-5,11.764705882353%
d__Bacteria,k__norank_d__Bacteria,p__Actinobacteria,c__Actinobacteria,o__Microtrichales,f__Microtrichaceae,g__norank_f__Microtrichaceae,s__metagenome_g__norank_f__Microtrichaceae,OTU3081,305,0.00042,70.588235294118%
d__Bacteria,k__norank_d__Bacteria,p__Chloroflexi,c__Chloroflexia,o__Thermomicrobiales,f__JG30-KF-CM45,g__norank_f__JG30-KF-CM45,s__metagenome_g__norank_f__JG30-KF-CM45,OTU1818,184,0.00025,70.588235294118%
d__Bacteria,k__norank_d__Bacteria,p__Verrucomicrobia,c__Verrucomicrobiae,o__Pedosphaerales,f__Pedosphaeraceae,g__norank_f__Pedosphaeraceae,s__bacterium_enrichment_culture_clone_R4-41B,OTU2022,2,2.76774e-6,5.8823529411765%
d__Bacteria,k__norank_d__Bacteria,p__Acidobacteria,c__Aminicenantia,o__Aminicenantales,f__norank_o__Aminicenantales,g__norank_o__Aminicenantales,s__uncultured_bacterium_g__norank_o__Aminicenantales,OTU2194,202,0.00028,47.058823529412%
d__Bacteria,k__norank_d__Bacteria,p__Bacteroidetes,c__Ignavibacteria,o__OPB56,f__norank_o__OPB56,g__norank_o__OPB56,s__Candidatus_Kapabacteria_sp._59-99,OTU1867,14,2.0E-5,35.294117647059%
d__Bacteria,k__norank_d__Bacteria,p__Proteobacteria,c__Alphaproteobacteria,o__Caulobacterales,f__Caulobacteraceae,g__norank_f__Caulobacteraceae,s__unclassified_g__norank_f__Caulobacteraceae,OTU2348,486,0.00067,64.705882352941%
d__Bacteria,k__norank_d__Bacteria,p__Proteobacteria,c__Gammaproteobacteria,o__Methylococcales,f__Methylococcaceae,g__Methyloparacoccus,s__uncultured_bacterium_g__Methyloparacoccus,OTU2155,21,3.0E-5,58.823529411765%
d__Bacteria,k__norank_d__Bacteria,p__Chloroflexi,c__JG30-KF-CM66,o__norank_c__JG30-KF-CM66,f__norank_c__JG30-KF-CM66,g__norank_c__JG30-KF-CM66,s__unclassified_g__norank_c__JG30-KF-CM66,OTU1586,98,0.00014,17.647058823529%
d__Bacteria,k__norank_d__Bacteria,p__Proteobacteria,c__Alphaproteobacteria,o__Sphingomonadales,f__Sphingomonadaceae,g__norank_f__Sphingomonadaceae,s__unclassified_g__norank_f__Sphingomonadaceae,OTU1677,4197,0.00581,100%
d__Bacteria,k__norank_d__Bacteria,p__Proteobacteria,c__Deltaproteobacteria,o__Myxococcales,f__Haliangiaceae,g__Haliangium,s__unclassified_g__Haliangium,OTU2346,8,1.0E-5,35.294117647059%
d__Bacteria,k__norank_d__Bacteria,p__WPS-2,c__norank_p__WPS-2,o__norank_p__WPS-2,f__norank_p__WPS-2,g__norank_p__WPS-2,s__metagenome_g__norank_p__WPS-2,OTU2037,28,4.0E-5,52.941176470588%
d__Bacteria,k__norank_d__Bacteria,p__Chloroflexi,c__Chloroflexia,o__Chloroflexales,f__Roseiflexaceae,g__norank_f__Roseiflexaceae,s__uncultured_bacterium_g__norank_f__Roseiflexaceae,OTU2598,6,8.30321e-6,17.647058823529%
d__Bacteria,k__norank_d__Bacteria,p__Proteobacteria,c__Gammaproteobacteria,o__Betaproteobacteriales,f__Burkholderiaceae,g__Limnobacter,s__uncultured_bacterium_g__Limnobacter,OTU2226,7497,0.01037,52.941176470588%
d__Bacteria,k__norank_d__Bacteria,p__Actinobacteria,c__Actinobacteria,o__Micrococcales,f__Bogoriellaceae,g__Georgenia,s__uncultured_bacterium_g__Georgenia,OTU2216,11,2.0E-5,41.176470588235%
d__Bacteria,k__norank_d__Bacteria,p__Dependentiae,c__Babeliae,o__Babeliales,f__norank_o__Babeliales,g__norank_o__Babeliales,s__uncultured_soil_bacterium_g__norank_o__Babeliales,OTU3119,44,6.0E-5,64.705882352941%
d__Bacteria,k__norank_d__Bacteria,p__Patescibacteria,c__WS6_Dojkabacteria,o__norank_c__WS6_Dojkabacteria,f__norank_c__WS6_Dojkabacteria,g__norank_c__WS6_Dojkabacteria,s__unclassified_g__norank_c__WS6_Dojkabacteria,OTU2217,58,8.0E-5,52.941176470588%
d__Bacteria,k__norank_d__Bacteria,p__Chloroflexi,c__Chloroflexia,o__Thermomicrobiales,f__JG30-KF-CM45,g__norank_f__JG30-KF-CM45,s__uncultured_bacterium_g__norank_f__JG30-KF-CM45,OTU1848,123,0.00017,29.411764705882%
d__Bacteria,k__norank_d__Bacteria,p__Chloroflexi,c__unclassified_p__Chloroflexi,o__unclassified_p__Chloroflexi,f__unclassified_p__Chloroflexi,g__unclassified_p__Chloroflexi,s__unclassified_p__Chloroflexi,OTU1903,14,2.0E-5,23.529411764706%
d__Bacteria,k__norank_d__Bacteria,p__Chloroflexi,c__Anaerolineae,o__SJA-15,f__norank_o__SJA-15,g__norank_o__SJA-15,s__unclassified_g__norank_o__SJA-15,OTU2029,4,5.53547e-6,23.529411764706%
d__Bacteria,k__norank_d__Bacteria,p__Chloroflexi,c__Anaerolineae,o__RBG-13-54-9,f__norank_o__RBG-13-54-9,g__norank_o__RBG-13-54-9,s__uncultured_bacterium_g__norank_o__RBG-13-54-9,OTU2175,3,4.15161e-6,11.764705882353%
d__Bacteria,k__norank_d__Bacteria,p__Chloroflexi,c__Anaerolineae,o__Anaerolineales,f__Anaerolineaceae,g__norank_f__Anaerolineaceae,s__uncultured_Chloroflexi_bacterium_g__norank_f__Anaerolineaceae,OTU2355,2,2.76774e-6,11.764705882353%
d__Bacteria,k__norank_d__Bacteria,p__Actinobacteria,c__Actinobacteria,o__Microtrichales,f__Microtrichaceae,g__norank_f__Microtrichaceae,s__metagenome_g__norank_f__Microtrichaceae,OTU2083,99,0.00014,70.588235294118%
d__Bacteria,k__norank_d__Bacteria,p__Patescibacteria,c__ABY1,o__unclassified_c__ABY1,f__unclassified_c__ABY1,g__unclassified_c__ABY1,s__unclassified_c__ABY1,OTU2276,47,7.0E-5,47.058823529412%
d__Bacteria,k__norank_d__Bacteria,p__Proteobacteria,c__Deltaproteobacteria,o__Oligoflexales,f__0319-6G20,g__norank_f__0319-6G20,s__uncultured_bacterium_g__norank_f__0319-6G20,OTU1914,63,9.0E-5,35.294117647059%
d__Bacteria,k__norank_d__Bacteria,p__Patescibacteria,c__Gracilibacteria,o__norank_c__Gracilibacteria,f__norank_c__Gracilibacteria,g__norank_c__Gracilibacteria,s__unclassified_g__norank_c__Gracilibacteria,OTU2364,6,8.30321e-6,29.411764705882%
d__Bacteria,k__norank_d__Bacteria,p__Acidobacteria,c__Holophagae,o__Holophagales,f__Holophagaceae,g__Geothrix,s__unclassified_g__Geothrix,OTU2227,132,0.00018,47.058823529412%
d__Bacteria,k__norank_d__Bacteria,p__Acidobacteria,c__Thermoanaerobaculia,o__Thermoanaerobaculales,f__Thermoanaerobaculaceae,g__Subgroup_10,s__unclassified_g__Subgroup_10,OTU3140,524,0.00073,47.058823529412%
d__Bacteria,k__norank_d__Bacteria,p__Proteobacteria,c__Alphaproteobacteria,o__norank_c__Alphaproteobacteria,f__norank_c__Alphaproteobacteria,g__norank_c__Alphaproteobacteria,s__unclassified_g__norank_c__Alphaproteobacteria,OTU1706,49,7.0E-5,23.529411764706%
d__Bacteria,k__norank_d__Bacteria,p__Proteobacteria,c__Deltaproteobacteria,o__Desulfarculales,f__Desulfarculaceae,g__norank_f__Desulfarculaceae,s__unclassified_g__norank_f__Desulfarculaceae,OTU1894,245,0.00034,82.352941176471%
d__Bacteria,k__norank_d__Bacteria,p__Proteobacteria,c__Deltaproteobacteria,o__Myxococcales,f__bacteriap25,g__norank_f__bacteriap25,s__unclassified_g__norank_f__bacteriap25,OTU1919,79,0.00011,23.529411764706%
d__Bacteria,k__norank_d__Bacteria,p__Proteobacteria,c__Alphaproteobacteria,o__Rhizobiales,f__Rhizobiales_Incertae_Sedis,g__Phreatobacter,s__unclassified_g__Phreatobacter,OTU1625,7,9.68708e-6,23.529411764706%
d__Bacteria,k__norank_d__Bacteria,p__Bacteroidetes,c__Ignavibacteria,o__Kryptoniales,f__BSV26,g__norank_f__BSV26,s__unclassified_g__norank_f__BSV26,OTU2030,8,1.0E-5,29.411764705882%
d__Bacteria,k__norank_d__Bacteria,p__Firmicutes,c__Clostridia,o__Clostridiales,f__Ruminococcaceae,g__Oscillibacter,s__unclassified_g__Oscillibacter,OTU1858,9,1.0E-5,5.8823529411765%
d__Bacteria,k__norank_d__Bacteria,p__Proteobacteria,c__Deltaproteobacteria,o__unclassified_c__Deltaproteobacteria,f__unclassified_c__Deltaproteobacteria,g__unclassified_c__Deltaproteobacteria,s__unclassified_c__Deltaproteobacteria,OTU2183,10,1.0E-5,29.411764705882%
d__Bacteria,k__norank_d__Bacteria,p__Armatimonadetes,c__Fimbriimonadia,o__Fimbriimonadales,f__Fimbriimonadaceae,g__norank_f__Fimbriimonadaceae,s__uncultured_bacterium_g__norank_f__Fimbriimonadaceae,OTU2223,12,2.0E-5,35.294117647059%
d__Bacteria,k__norank_d__Bacteria,p__Planctomycetes,c__Phycisphaerae,o__Phycisphaerales,f__Phycisphaeraceae,g__SM1A02,s__metagenome_g__SM1A02,OTU2366,525,0.00073,47.058823529412%
d__Bacteria,k__norank_d__Bacteria,p__Bacteroidetes,c__Bacteroidia,o__Bacteroidales,f__Bacteroidetes_vadinHA17,g__norank_f__Bacteroidetes_vadinHA17,s__unclassified_g__norank_f__Bacteroidetes_vadinHA17,OTU2105,5,6.91934e-6,23.529411764706%
d__Bacteria,k__norank_d__Bacteria,p__FCPU426,c__norank_p__FCPU426,o__norank_p__FCPU426,f__norank_p__FCPU426,g__norank_p__FCPU426,s__metagenome_g__norank_p__FCPU426,OTU1915,8,1.0E-5,17.647058823529%
d__Bacteria,k__norank_d__Bacteria,p__Acidobacteria,c__Subgroup_22,o__norank_c__Subgroup_22,f__norank_c__Subgroup_22,g__norank_c__Subgroup_22,s__uncultured_bacterium_g__norank_c__Subgroup_22,OTU2608,2,2.76774e-6,11.764705882353%
d__Bacteria,k__norank_d__Bacteria,p__Acidobacteria,c__Holophagae,o__Subgroup_7,f__norank_o__Subgroup_7,g__norank_o__Subgroup_7,s__uncultured_Thermaerobacter_sp.,OTU1897,91,0.00013,29.411764705882%
d__Bacteria,k__norank_d__Bacteria,p__Proteobacteria,c__Alphaproteobacteria,o__Acetobacterales,f__Acetobacteraceae,g__unclassified_f__Acetobacteraceae,s__unclassified_f__Acetobacteraceae,OTU1707,9,1.0E-5,29.411764705882%
d__Bacteria,k__norank_d__Bacteria,p__Acidobacteria,c__Thermoanaerobaculia,o__Thermoanaerobaculales,f__Thermoanaerobaculaceae,g__Subgroup_10,s__metagenome_g__Subgroup_10,OTU3143,665,0.00092,52.941176470588%
d__Bacteria,k__norank_d__Bacteria,p__Actinobacteria,c__Actinobacteria,o__Frankiales,f__unclassified_o__Frankiales,g__unclassified_o__Frankiales,s__unclassified_o__Frankiales,OTU2049,267,0.00037,70.588235294118%
d__Bacteria,k__norank_d__Bacteria,p__Chloroflexi,c__OLB14,o__norank_c__OLB14,f__norank_c__OLB14,g__norank_c__OLB14,s__uncultured_bacterium_g__norank_c__OLB14,OTU2374,1911,0.00264,82.352941176471%
d__Bacteria,k__norank_d__Bacteria,p__Acidobacteria,c__Acidobacteriia,o__Solibacterales,f__Solibacteraceae_Subgroup_3,g__Bryobacter,s__unclassified_g__Bryobacter,OTU1629,402,0.00056,82.352941176471%
d__Bacteria,k__norank_d__Bacteria,p__Patescibacteria,c__Saccharimonadia,o__Saccharimonadales,f__norank_o__Saccharimonadales,g__norank_o__Saccharimonadales,s__uncultured_bacterium_SBR2013,OTU2235,8819,0.0122,47.058823529412%
d__Bacteria,k__norank_d__Bacteria,p__Chloroflexi,c__JG30-KF-CM66,o__norank_c__JG30-KF-CM66,f__norank_c__JG30-KF-CM66,g__norank_c__JG30-KF-CM66,s__unclassified_g__norank_c__JG30-KF-CM66,OTU2185,35,5.0E-5,47.058823529412%
d__Bacteria,k__norank_d__Bacteria,p__Bacteroidetes,c__Bacteroidia,o__Flavobacteriales,f__Flavobacteriaceae,g__Flavobacterium,s__unclassified_g__Flavobacterium,OTU1896,2,2.76774e-6,5.8823529411765%
d__Bacteria,k__norank_d__Bacteria,p__Elusimicrobia,c__Elusimicrobia,o__norank_c__Elusimicrobia,f__norank_c__Elusimicrobia,g__norank_c__Elusimicrobia,s__unclassified_g__norank_c__Elusimicrobia,OTU2234,9,1.0E-5,35.294117647059%
d__Bacteria,k__norank_d__Bacteria,p__Chloroflexi,c__Anaerolineae,o__SBR1031,f__A4b,g__norank_f__A4b,s__unclassified_g__norank_f__A4b,OTU1924,147,0.0002,82.352941176471%
d__Bacteria,k__norank_d__Bacteria,p__Latescibacteria,c__Latescibacteria,o__norank_c__Latescibacteria,f__norank_c__Latescibacteria,g__norank_c__Latescibacteria,s__uncultured_soil_bacterium_PBS-III-30,OTU2109,30,4.0E-5,47.058823529412%
d__Bacteria,k__norank_d__Bacteria,p__Verrucomicrobia,c__Verrucomicrobiae,o__Chthoniobacterales,f__Chthoniobacteraceae,g__Chthoniobacter,s__unclassified_g__Chthoniobacter,OTU2281,2,2.76774e-6,11.764705882353%
d__Bacteria,k__norank_d__Bacteria,p__Acidobacteria,c__Subgroup_6,o__norank_c__Subgroup_6,f__norank_c__Subgroup_6,g__norank_c__Subgroup_6,s__uncultured_bacterium_g__norank_c__Subgroup_6,OTU1918,191,0.00026,35.294117647059%
d__Bacteria,k__norank_d__Bacteria,p__Planctomycetes,c__OM190,o__norank_c__OM190,f__norank_c__OM190,g__norank_c__OM190,s__uncultured_bacterium_g__norank_c__OM190,OTU2389,6,8.30321e-6,29.411764705882%
d__Bacteria,k__norank_d__Bacteria,p__Planctomycetes,c__Planctomycetacia,o__Gemmatales,f__Gemmataceae,g__norank_f__Gemmataceae,s__unclassified_g__norank_f__Gemmataceae,OTU1715,35,5.0E-5,29.411764705882%
d__Bacteria,k__norank_d__Bacteria,p__Planctomycetes,c__Phycisphaerae,o__Phycisphaerales,f__Phycisphaeraceae,g__SM1A02,s__uncultured_bacterium_g__SM1A02,OTU2632,3,4.15161e-6,17.647058823529%
d__Bacteria,k__norank_d__Bacteria,p__Proteobacteria,c__Deltaproteobacteria,o__unclassified_c__Deltaproteobacteria,f__unclassified_c__Deltaproteobacteria,g__unclassified_c__Deltaproteobacteria,s__unclassified_c__Deltaproteobacteria,OTU3160,8,1.0E-5,23.529411764706%
d__Bacteria,k__norank_d__Bacteria,p__Proteobacteria,c__Deltaproteobacteria,o__MBNT15,f__norank_o__MBNT15,g__norank_o__MBNT15,s__unclassified_g__norank_o__MBNT15,OTU1899,90,0.00012,29.411764705882%
d__Bacteria,k__norank_d__Bacteria,p__Actinobacteria,c__Actinobacteria,o__Propionibacteriales,f__Propionibacteriaceae,g__Propionicimonas,s__unclassified_g__Propionicimonas,OTU2051,47,7.0E-5,58.823529411765%
d__Bacteria,k__norank_d__Bacteria,p__Bacteroidetes,c__Bacteroidia,o__Sphingobacteriales,f__Sphingobacteriaceae,g__Pedobacter,s__unclassified_g__Pedobacter,OTU1932,113,0.00016,11.764705882353%
d__Bacteria,k__norank_d__Bacteria,p__Proteobacteria,c__Alphaproteobacteria,o__Rickettsiales,f__AB1,g__norank_f__AB1,s__uncultured_proteobacterium_g__norank_f__AB1,OTU2383,17,2.0E-5,47.058823529412%
d__Bacteria,k__norank_d__Bacteria,p__Chloroflexi,c__unclassified_p__Chloroflexi,o__unclassified_p__Chloroflexi,f__unclassified_p__Chloroflexi,g__unclassified_p__Chloroflexi,s__unclassified_p__Chloroflexi,OTU1927,15,2.0E-5,23.529411764706%
d__Bacteria,k__norank_d__Bacteria,p__Planctomycetes,c__Planctomycetacia,o__norank_c__Planctomycetacia,f__norank_c__Planctomycetacia,g__norank_c__Planctomycetacia,s__unclassified_g__norank_c__Planctomycetacia,OTU1923,38,5.0E-5,29.411764705882%
d__Bacteria,k__norank_d__Bacteria,p__Proteobacteria,c__Gammaproteobacteria,o__Competibacterales,f__Competibacteraceae,g__Candidatus_Competibacter,s__uncultured_bacterium_g__Candidatus_Competibacter,OTU2189,2,2.76774e-6,5.8823529411765%
d__Bacteria,k__norank_d__Bacteria,p__Acidobacteria,c__Acidobacteriia,o__Solibacterales,f__Solibacteraceae_Subgroup_3,g__Bryobacter,s__unclassified_g__Bryobacter,OTU1650,42,6.0E-5,35.294117647059%
d__Bacteria,k__norank_d__Bacteria,p__Latescibacteria,c__Latescibacteria,o__norank_c__Latescibacteria,f__norank_c__Latescibacteria,g__norank_c__Latescibacteria,s__uncultured_bacterium_g__norank_c__Latescibacteria,OTU2395,13,2.0E-5,52.941176470588%
d__Bacteria,k__norank_d__Bacteria,p__Kiritimatiellaeota,c__Kiritimatiellae,o__WCHB1-41,f__norank_o__WCHB1-41,g__norank_o__WCHB1-41,s__unclassified_g__norank_o__WCHB1-41,OTU2671,2,2.76774e-6,11.764705882353%
d__Bacteria,k__norank_d__Bacteria,p__Acidobacteria,c__Holophagae,o__Subgroup_7,f__norank_o__Subgroup_7,g__norank_o__Subgroup_7,s__uncultured_bacterium_SJA-36,OTU2137,224,0.00031,47.058823529412%
d__Bacteria,k__norank_d__Bacteria,p__Bacteroidetes,c__Bacteroidia,o__Bacteroidales,f__Bacteroidetes_vadinHA17,g__norank_f__Bacteroidetes_vadinHA17,s__uncultured_Bacteroidetes_bacterium_g__norank_f__Bacteroidetes_vadinHA17,OTU2066,65,9.0E-5,52.941176470588%
d__Bacteria,k__norank_d__Bacteria,p__Proteobacteria,c__Alphaproteobacteria,o__Reyranellales,f__Reyranellaceae,g__Reyranella,s__metagenome_g__Reyranella,OTU1900,477,0.00066,88.235294117647%
d__Bacteria,k__norank_d__Bacteria,p__Acidobacteria,c__Subgroup_6,o__norank_c__Subgroup_6,f__norank_c__Subgroup_6,g__norank_c__Subgroup_6,s__unclassified_g__norank_c__Subgroup_6,OTU1716,17,2.0E-5,11.764705882353%
d__Bacteria,k__norank_d__Bacteria,p__Firmicutes,c__Clostridia,o__Clostridiales,f__Christensenellaceae,g__unclassified_f__Christensenellaceae,s__unclassified_f__Christensenellaceae,OTU2304,23,3.0E-5,47.058823529412%
d__Bacteria,k__norank_d__Bacteria,p__Firmicutes,c__Negativicutes,o__Selenomonadales,f__Veillonellaceae,g__Megasphaera,s__uncultured_bacterium_g__Megasphaera,OTU3176,5,6.91934e-6,17.647058823529%
d__Bacteria,k__norank_d__Bacteria,p__Chloroflexi,c__Anaerolineae,o__Caldilineales,f__Caldilineaceae,g__norank_f__Caldilineaceae,s__uncultured_bacterium_g__norank_f__Caldilineaceae,OTU2271,17,2.0E-5,47.058823529412%
d__Bacteria,k__norank_d__Bacteria,p__unclassified_k__norank_d__Bacteria,c__unclassified_k__norank_d__Bacteria,o__unclassified_k__norank_d__Bacteria,f__unclassified_k__norank_d__Bacteria,g__unclassified_k__norank_d__Bacteria,s__unclassified_k__norank_d__Bacteria,OTU2246,31,4.0E-5,47.058823529412%
d__Bacteria,k__norank_d__Bacteria,p__Proteobacteria,c__Gammaproteobacteria,o__Betaproteobacteriales,f__Burkholderiaceae,g__unclassified_f__Burkholderiaceae,s__unclassified_f__Burkholderiaceae,OTU1930,27,4.0E-5,23.529411764706%
d__Bacteria,k__norank_d__Bacteria,p__Proteobacteria,c__Alphaproteobacteria,o__Rhizobiales,f__Amb-16S-1323,g__norank_f__Amb-16S-1323,s__uncultured_bacterium_g__norank_f__Amb-16S-1323,OTU1957,515,0.00071,64.705882352941%
d__Bacteria,k__norank_d__Bacteria,p__Proteobacteria,c__Alphaproteobacteria,o__Rhizobiales,f__Hyphomicrobiaceae,g__Hyphomicrobium,s__unclassified_g__Hyphomicrobium,OTU2397,53,7.0E-5,58.823529411765%
d__Bacteria,k__norank_d__Bacteria,p__Bacteroidetes,c__Bacteroidia,o__Chitinophagales,f__Chitinophagaceae,g__Terrimonas,s__uncultured_bacterium_g__Terrimonas,OTU1938,662,0.00092,100%
d__Bacteria,k__norank_d__Bacteria,p__Caldiserica,c__Caldisericia,o__Caldisericales,f__Caldisericaceae,g__Caldisericum,s__uncultured_Caldisericum_sp.,OTU2209,21,3.0E-5,41.176470588235%
d__Bacteria,k__norank_d__Bacteria,p__Planctomycetes,c__OM190,o__norank_c__OM190,f__norank_c__OM190,g__norank_c__OM190,s__unclassified_g__norank_c__OM190,OTU1678,6,8.30321e-6,11.764705882353%
d__Bacteria,k__norank_d__Bacteria,p__Actinobacteria,c__Actinobacteria,o__Gaiellales,f__norank_o__Gaiellales,g__norank_o__Gaiellales,s__uncultured_bacterium_g__norank_o__Gaiellales,OTU2415,12,2.0E-5,41.176470588235%
d__Bacteria,k__norank_d__Bacteria,p__Proteobacteria,c__Deltaproteobacteria,o__Syntrophobacterales,f__Syntrophaceae,g__Smithella,s__unclassified_g__Smithella,OTU2687,30,4.0E-5,52.941176470588%
d__Bacteria,k__norank_d__Bacteria,p__Nitrospirae,c__Nitrospira,o__norank_c__Nitrospira,f__norank_c__Nitrospira,g__Nitrospira,s__uncultured_organism_g__Nitrospira,OTU2101,2494,0.00345,100%
d__Bacteria,k__norank_d__Bacteria,p__Bacteroidetes,c__Bacteroidia,o__Bacteroidales,f__Prolixibacteraceae,g__WCHB1-32,s__uncultured_bacterium_g__WCHB1-32,OTU1724,315,0.00044,11.764705882353%
d__Bacteria,k__norank_d__Bacteria,p__Acidobacteria,c__norank_p__Acidobacteria,o__norank_p__Acidobacteria,f__norank_p__Acidobacteria,g__norank_p__Acidobacteria,s__uncultured_bacterium_g__norank_p__Acidobacteria,OTU2307,2,2.76774e-6,11.764705882353%
d__Bacteria,k__norank_d__Bacteria,p__Chlamydiae,c__Chlamydiae,o__Chlamydiales,f__Parachlamydiaceae,g__Candidatus_Protochlamydia,s__unclassified_g__Candidatus_Protochlamydia,OTU2144,4,5.53547e-6,17.647058823529%
d__Bacteria,k__norank_d__Bacteria,p__Firmicutes,c__Clostridia,o__Clostridiales,f__Eubacteriaceae,g__Anaerofustis,s__uncultured_bacterium_g__Anaerofustis,OTU2288,10,1.0E-5,41.176470588235%
d__Bacteria,k__norank_d__Bacteria,p__Proteobacteria,c__Gammaproteobacteria,o__Betaproteobacteriales,f__Rhodocyclaceae,g__unclassified_f__Rhodocyclaceae,s__unclassified_f__Rhodocyclaceae,OTU3177,65,9.0E-5,47.058823529412%
d__Bacteria,k__norank_d__Bacteria,p__Proteobacteria,c__Gammaproteobacteria,o__Methylococcales,f__Methylomonaceae,g__Methylomicrobium,s__uncultured_gamma_proteobacterium_g__Methylomicrobium,OTU2401,3,4.15161e-6,17.647058823529%
d__Bacteria,k__norank_d__Bacteria,p__Proteobacteria,c__Deltaproteobacteria,o__Myxococcales,f__Haliangiaceae,g__Haliangium,s__uncultured_bacterium_g__Haliangium,OTU1902,88,0.00012,11.764705882353%
d__Bacteria,k__norank_d__Bacteria,p__Chloroflexi,c__Anaerolineae,o__SBR1031,f__norank_o__SBR1031,g__norank_o__SBR1031,s__wastewater_metagenome_g__norank_o__SBR1031,OTU1956,338,0.00047,82.352941176471%
d__Bacteria,k__norank_d__Bacteria,p__Proteobacteria,c__Deltaproteobacteria,o__Myxococcales,f__Haliangiaceae,g__Haliangium,s__unclassified_g__Haliangium,OTU2264,18,2.0E-5,41.176470588235%
d__Bacteria,k__norank_d__Bacteria,p__Proteobacteria,c__Alphaproteobacteria,o__Sphingomonadales,f__Sphingomonadaceae,g__Novosphingobium,s__unclassified_g__Novosphingobium,OTU1687,2149,0.00297,64.705882352941%
d__Bacteria,k__norank_d__Bacteria,p__Bacteroidetes,c__Bacteroidia,o__Bacteroidales,f__Rs-E47_termite_group,g__GWE2-42-42,s__uncultured_bacterium_g__GWE2-42-42,OTU2210,2,2.76774e-6,11.764705882353%
d__Bacteria,k__norank_d__Bacteria,p__Acidobacteria,c__Acidobacteriia,o__Acidobacteriales,f__norank_o__Acidobacteriales,g__norank_o__Acidobacteriales,s__uncultured_Acidobacteria_bacterium_g__norank_o__Acidobacteriales,OTU2420,3,4.15161e-6,17.647058823529%
d__Bacteria,k__norank_d__Bacteria,p__Acidobacteria,c__Acidobacteriia,o__Solibacterales,f__Solibacteraceae_Subgroup_3,g__Candidatus_Solibacter,s__uncultured_bacterium_g__Candidatus_Solibacter,OTU1725,16,2.0E-5,23.529411764706%
d__Bacteria,k__norank_d__Bacteria,p__Acidobacteria,c__Thermoanaerobaculia,o__Thermoanaerobaculales,f__Thermoanaerobaculaceae,g__TPD-58,s__uncultured_bacterium_g__TPD-58,OTU2695,3,4.15161e-6,11.764705882353%
d__Bacteria,k__norank_d__Bacteria,p__Patescibacteria,c__Microgenomatia,o__Candidatus_Pacebacteria,f__norank_o__Candidatus_Pacebacteria,g__norank_o__Candidatus_Pacebacteria,s__uncultured_bacterium_g__norank_o__Candidatus_Pacebacteria,OTU2323,6,8.30321e-6,23.529411764706%
d__Bacteria,k__norank_d__Bacteria,p__Bacteroidetes,c__Ignavibacteria,o__OPB56,f__norank_o__OPB56,g__norank_o__OPB56,s__uncultured_sludge_bacterium_A12b,OTU2110,9,1.0E-5,47.058823529412%
d__Bacteria,k__norank_d__Bacteria,p__Chloroflexi,c__Anaerolineae,o__SBR1031,f__norank_o__SBR1031,g__norank_o__SBR1031,s__uncultured_compost_bacterium_g__norank_o__SBR1031,OTU1935,7,9.68708e-6,11.764705882353%
d__Bacteria,k__norank_d__Bacteria,p__Patescibacteria,c__Saccharimonadia,o__Saccharimonadales,f__norank_o__Saccharimonadales,g__norank_o__Saccharimonadales,s__unclassified_g__norank_o__Saccharimonadales,OTU2145,7,9.68708e-6,29.411764705882%
d__Bacteria,k__norank_d__Bacteria,p__Proteobacteria,c__Deltaproteobacteria,o__Bdellovibrionales,f__Bdellovibrionaceae,g__Bdellovibrio,s__uncultured_bacterium_g__Bdellovibrio,OTU2317,22,3.0E-5,41.176470588235%
d__Bacteria,k__norank_d__Bacteria,p__Armatimonadetes,c__Chthonomonadetes,o__Chthonomonadales,f__Chthonomonadaceae,g__Chthonomonas,s__uncultured_bacterium_g__Chthonomonas,OTU3219,3,4.15161e-6,11.764705882353%
d__Bacteria,k__norank_d__Bacteria,p__Proteobacteria,c__Alphaproteobacteria,o__norank_c__Alphaproteobacteria,f__norank_c__Alphaproteobacteria,g__norank_c__Alphaproteobacteria,s__uncultured_bacterium_g__norank_c__Alphaproteobacteria,OTU1974,224,0.00031,94.117647058824%
d__Bacteria,k__norank_d__Bacteria,p__Proteobacteria,c__Alphaproteobacteria,o__Caedibacterales,f__Caedibacteraceae,g__Candidatus_Nucleicultrix,s__Candidatus_Nucleicultrix_amoebiphila_FS5,OTU1964,10,1.0E-5,23.529411764706%
d__Bacteria,k__norank_d__Bacteria,p__Planctomycetes,c__Planctomycetacia,o__Gemmatales,f__Gemmataceae,g__norank_f__Gemmataceae,s__uncultured_bacterium_g__norank_f__Gemmataceae,OTU2422,4,5.53547e-6,17.647058823529%
d__Bacteria,k__norank_d__Bacteria,p__Firmicutes,c__Clostridia,o__Clostridiales,f__TC1,g__norank_f__TC1,s__uncultured_bacterium_g__norank_f__TC1,OTU2265,74,0.0001,47.058823529412%
d__Bacteria,k__norank_d__Bacteria,p__Bacteroidetes,c__Ignavibacteria,o__Ignavibacteriales,f__LD-RB-34,g__norank_f__LD-RB-34,s__uncultured_bacterium_g__norank_f__LD-RB-34,OTU2342,34,5.0E-5,52.941176470588%
d__Bacteria,k__norank_d__Bacteria,p__Acidobacteria,c__Subgroup_6,o__norank_c__Subgroup_6,f__norank_c__Subgroup_6,g__norank_c__Subgroup_6,s__uncultured_bacterium_g__norank_c__Subgroup_6,OTU1904,127,0.00018,11.764705882353%
d__Bacteria,k__norank_d__Bacteria,p__Cyanobacteria,c__Sericytochromatia,o__norank_c__Sericytochromatia,f__norank_c__Sericytochromatia,g__norank_c__Sericytochromatia,s__unclassified_g__norank_c__Sericytochromatia,OTU2124,3,4.15161e-6,11.764705882353%
d__Bacteria,k__norank_d__Bacteria,p__Dependentiae,c__Babeliae,o__Babeliales,f__unclassified_o__Babeliales,g__unclassified_o__Babeliales,s__unclassified_o__Babeliales,OTU1739,2,2.76774e-6,5.8823529411765%
d__Bacteria,k__norank_d__Bacteria,p__Gemmatimonadetes,c__Gemmatimonadetes,o__Gemmatimonadales,f__Gemmatimonadaceae,g__norank_f__Gemmatimonadaceae,s__uncultured_prokaryote_g__norank_f__Gemmatimonadaceae,OTU2721,93,0.00013,52.941176470588%
d__Bacteria,k__norank_d__Bacteria,p__Actinobacteria,c__Actinobacteria,o__Micrococcales,f__Micrococcaceae,g__Nesterenkonia,s__uncultured_bacterium_g__Nesterenkonia,OTU2239,5,6.91934e-6,29.411764705882%
d__Bacteria,k__norank_d__Bacteria,p__Planctomycetes,c__Planctomycetacia,o__Gemmatales,f__Gemmataceae,g__norank_f__Gemmataceae,s__uncultured_bacterium_g__norank_f__Gemmataceae,OTU1937,20,3.0E-5,17.647058823529%
d__Bacteria,k__norank_d__Bacteria,p__Proteobacteria,c__Alphaproteobacteria,o__norank_c__Alphaproteobacteria,f__norank_c__Alphaproteobacteria,g__norank_c__Alphaproteobacteria,s__Alphaproteobacteria_bacterium_g__norank,OTU1747,26,4.0E-5,23.529411764706%
d__Bacteria,k__norank_d__Bacteria,p__Patescibacteria,c__Saccharimonadia,o__Saccharimonadales,f__Saccharimonadaceae,g__norank_f__Saccharimonadaceae,s__uncultured_bacterium_g__norank_f__Saccharimonadaceae,OTU3221,11,2.0E-5,41.176470588235%
d__Bacteria,k__norank_d__Bacteria,p__Bacteroidetes,c__Bacteroidia,o__Bacteroidales,f__Bacteroidetes_vadinHA17,g__norank_f__Bacteroidetes_vadinHA17,s__unclassified_g__norank_f__Bacteroidetes_vadinHA17,OTU2326,3,4.15161e-6,11.764705882353%
d__Bacteria,k__norank_d__Bacteria,p__Actinobacteria,c__Actinobacteria,o__Microtrichales,f__Ilumatobacteraceae,g__CL500-29_marine_group,s__metagenome_g__CL500-29_marine_group,OTU2427,670,0.00093,70.588235294118%
d__Bacteria,k__norank_d__Bacteria,p__Proteobacteria,c__Deltaproteobacteria,o__Myxococcales,f__Polyangiaceae,g__Pajaroellobacter,s__unclassified_g__Pajaroellobacter,OTU2167,171,0.00024,47.058823529412%
d__Bacteria,k__norank_d__Bacteria,p__Proteobacteria,c__Alphaproteobacteria,o__Rhizobiales,f__Pleomorphomonadaceae,g__Pleomorphomonas,s__uncultured_bacterium_g__Pleomorphomonas,OTU1975,211,0.00029,47.058823529412%
d__Bacteria,k__norank_d__Bacteria,p__Proteobacteria,c__Alphaproteobacteria,o__unclassified_c__Alphaproteobacteria,f__unclassified_c__Alphaproteobacteria,g__unclassified_c__Alphaproteobacteria,s__unclassified_c__Alphaproteobacteria,OTU1971,61,8.0E-5,23.529411764706%
d__Bacteria,k__norank_d__Bacteria,p__Patescibacteria,c__Berkelbacteria,o__norank_c__Berkelbacteria,f__norank_c__Berkelbacteria,g__norank_c__Berkelbacteria,s__uncultured_bacterium_g__norank_c__Berkelbacteria,OTU2432,70,0.0001,47.058823529412%
d__Bacteria,k__norank_d__Bacteria,p__Armatimonadetes,c__Fimbriimonadia,o__Fimbriimonadales,f__Fimbriimonadaceae,g__norank_f__Fimbriimonadaceae,s__unclassified_g__norank_f__Fimbriimonadaceae,OTU2266,8,1.0E-5,23.529411764706%
d__Bacteria,k__norank_d__Bacteria,p__Chlamydiae,c__Chlamydiae,o__Chlamydiales,f__Parachlamydiaceae,g__Candidatus_Protochlamydia,s__metagenome_g__Candidatus_Protochlamydia,OTU2128,15,2.0E-5,47.058823529412%
d__Bacteria,k__norank_d__Bacteria,p__Proteobacteria,c__Alphaproteobacteria,o__Rhodobacterales,f__Rhodobacteraceae,g__unclassified_f__Rhodobacteraceae,s__unclassified_f__Rhodobacteraceae,OTU1770,230,0.00032,41.176470588235%
d__Bacteria,k__norank_d__Bacteria,p__Proteobacteria,c__Gammaproteobacteria,o__eub62A3,f__norank_o__eub62A3,g__norank_o__eub62A3,s__metagenome_g__norank_o__eub62A3,OTU2726,2,2.76774e-6,5.8823529411765%
d__Bacteria,k__norank_d__Bacteria,p__Spirochaetes,c__Leptospirae,o__Leptospirales,f__Leptospiraceae,g__Turneriella,s__metagenome_g__Turneriella,OTU2351,79,0.00011,52.941176470588%
d__Bacteria,k__norank_d__Bacteria,p__Chloroflexi,c__Chloroflexia,o__Thermomicrobiales,f__JG30-KF-CM45,g__norank_f__JG30-KF-CM45,s__uncultured_Chloroflexi_bacterium_g__norank_f__JG30-KF-CM45,OTU2282,78,0.00011,64.705882352941%
d__Bacteria,k__norank_d__Bacteria,p__Firmicutes,c__Clostridia,o__Clostridiales,f__Family_XIII,g__Anaerovorax,s__unclassified_g__Anaerovorax,OTU1920,5,6.91934e-6,5.8823529411765%
d__Bacteria,k__norank_d__Bacteria,p__Proteobacteria,c__Deltaproteobacteria,o__Oligoflexales,f__0319-6G20,g__norank_f__0319-6G20,s__unclassified_g__norank_f__0319-6G20,OTU1943,28,4.0E-5,35.294117647059%
d__Bacteria,k__norank_d__Bacteria,p__Proteobacteria,c__Gammaproteobacteria,o__Betaproteobacteriales,f__unclassified_o__Betaproteobacteriales,g__unclassified_o__Betaproteobacteriales,s__unclassified_o__Betaproteobacteriales,OTU3222,8,1.0E-5,29.411764705882%
d__Bacteria,k__norank_d__Bacteria,p__Planctomycetes,c__Phycisphaerae,o__Phycisphaerales,f__Phycisphaeraceae,g__AKYG587,s__uncultured_bacterium_g__AKYG587,OTU2176,14,2.0E-5,52.941176470588%
d__Bacteria,k__norank_d__Bacteria,p__Planctomycetes,c__Phycisphaerae,o__Phycisphaerales,f__Phycisphaeraceae,g__SM1A02,s__uncultured_bacterium_g__SM1A02,OTU2001,32,4.0E-5,35.294117647059%
d__Bacteria,k__norank_d__Bacteria,p__Patescibacteria,c__Saccharimonadia,o__Saccharimonadales,f__norank_o__Saccharimonadales,g__norank_o__Saccharimonadales,s__unclassified_g__norank_o__Saccharimonadales,OTU2434,17,2.0E-5,47.058823529412%
d__Bacteria,k__norank_d__Bacteria,p__Bacteroidetes,c__Bacteroidia,o__Chitinophagales,f__Chitinophagaceae,g__Ferruginibacter,s__uncultured_bacterium_g__Ferruginibacter,OTU1791,58,8.0E-5,17.647058823529%
d__Bacteria,k__norank_d__Bacteria,p__Proteobacteria,c__Alphaproteobacteria,o__Sphingomonadales,f__Sphingomonadaceae,g__Sphingobium,s__unclassified_g__Sphingobium,OTU2330,422,0.00058,88.235294117647%
d__Bacteria,k__norank_d__Bacteria,p__Armatimonadetes,c__Fimbriimonadia,o__Fimbriimonadales,f__Fimbriimonadaceae,g__norank_f__Fimbriimonadaceae,s__uncultured_bacterium_SBR1039,OTU2184,30,4.0E-5,47.058823529412%
d__Bacteria,k__norank_d__Bacteria,p__Bacteroidetes,c__Bacteroidia,o__Cytophagales,f__Microscillaceae,g__norank_f__Microscillaceae,s__unclassified_g__norank_f__Microscillaceae,OTU2303,15,2.0E-5,52.941176470588%
d__Bacteria,k__norank_d__Bacteria,p__Acidobacteria,c__Subgroup_17,o__norank_c__Subgroup_17,f__norank_c__Subgroup_17,g__norank_c__Subgroup_17,s__uncultured_prokaryote_g__norank_c__Subgroup_17,OTU2462,2223,0.00308,64.705882352941%
d__Bacteria,k__norank_d__Bacteria,p__Actinobacteria,c__Actinobacteria,o__IMCC26256,f__norank_o__IMCC26256,g__norank_o__IMCC26256,s__uncultured_bacterium_g__norank_o__IMCC26256,OTU1779,38,5.0E-5,23.529411764706%
d__Bacteria,k__norank_d__Bacteria,p__Proteobacteria,c__Alphaproteobacteria,o__Paracaedibacterales,f__Paracaedibacteraceae,g__norank_f__Paracaedibacteraceae,s__unclassified_g__norank_f__Paracaedibacteraceae,OTU2000,11,2.0E-5,23.529411764706%
d__Bacteria,k__norank_d__Bacteria,p__Patescibacteria,c__Saccharimonadia,o__Saccharimonadales,f__unclassified_o__Saccharimonadales,g__unclassified_o__Saccharimonadales,s__unclassified_o__Saccharimonadales,OTU2283,4,5.53547e-6,17.647058823529%
d__Bacteria,k__norank_d__Bacteria,p__Elusimicrobia,c__Elusimicrobia,o__norank_c__Elusimicrobia,f__norank_c__Elusimicrobia,g__norank_c__Elusimicrobia,s__unclassified_g__norank_c__Elusimicrobia,OTU2727,4,5.53547e-6,17.647058823529%
d__Bacteria,k__norank_d__Bacteria,p__Patescibacteria,c__WS6_Dojkabacteria,o__norank_c__WS6_Dojkabacteria,f__norank_c__WS6_Dojkabacteria,g__norank_c__WS6_Dojkabacteria,s__uncultured_eubacterium_WCHB1-06,OTU2178,16,2.0E-5,47.058823529412%
d__Bacteria,k__norank_d__Bacteria,p__Bacteroidetes,c__Bacteroidia,o__Chitinophagales,f__unclassified_o__Chitinophagales,g__unclassified_o__Chitinophagales,s__unclassified_o__Chitinophagales,OTU3231,4,5.53547e-6,17.647058823529%
d__Bacteria,k__norank_d__Bacteria,p__Planctomycetes,c__Planctomycetacia,o__Gemmatales,f__Gemmataceae,g__norank_f__Gemmataceae,s__unclassified_g__norank_f__Gemmataceae,OTU1946,2,2.76774e-6,5.8823529411765%
d__Bacteria,k__norank_d__Bacteria,p__Patescibacteria,c__Saccharimonadia,o__Saccharimonadales,f__norank_o__Saccharimonadales,g__norank_o__Saccharimonadales,s__unclassified_g__norank_o__Saccharimonadales,OTU2024,2,2.76774e-6,5.8823529411765%
d__Bacteria,k__norank_d__Bacteria,p__Acidobacteria,c__Subgroup_25,o__norank_c__Subgroup_25,f__norank_c__Subgroup_25,g__norank_c__Subgroup_25,s__unclassified_g__norank_c__Subgroup_25,OTU2543,9,1.0E-5,29.411764705882%
d__Bacteria,k__norank_d__Bacteria,p__Proteobacteria,c__Alphaproteobacteria,o__Rhizobiales,f__Rhizobiales_Incertae_Sedis,g__Nordella,s__Nordella_oligomobilis,OTU1925,1251,0.00173,88.235294117647%
d__Bacteria,k__norank_d__Bacteria,p__Actinobacteria,c__Actinobacteria,o__PeM15,f__norank_o__PeM15,g__norank_o__PeM15,s__uncultured_bacterium_g__norank_o__PeM15,OTU2344,34,5.0E-5,58.823529411765%
d__Bacteria,k__norank_d__Bacteria,p__Chloroflexi,c__Anaerolineae,o__Anaerolineales,f__Anaerolineaceae,g__norank_f__Anaerolineaceae,s__uncultured_eubacterium_WCHB1-31,OTU2353,7,9.68708e-6,23.529411764706%
d__Bacteria,k__norank_d__Bacteria,p__Proteobacteria,c__Gammaproteobacteria,o__Betaproteobacteriales,f__Burkholderiaceae,g__Limnobacter,s__uncultured_bacterium_g__Limnobacter,OTU2287,15,2.0E-5,17.647058823529%
d__Bacteria,k__norank_d__Bacteria,p__Patescibacteria,c__Berkelbacteria,o__norank_c__Berkelbacteria,f__norank_c__Berkelbacteria,g__norank_c__Berkelbacteria,s__uncultured_bacterium_g__norank_c__Berkelbacteria,OTU2215,2,2.76774e-6,5.8823529411765%
d__Bacteria,k__norank_d__Bacteria,p__Chloroflexi,c__Anaerolineae,o__Anaerolineales,f__Anaerolineaceae,g__unclassified_f__Anaerolineaceae,s__unclassified_f__Anaerolineaceae,OTU2475,1175,0.00163,52.941176470588%
d__Bacteria,k__norank_d__Bacteria,p__Proteobacteria,c__Alphaproteobacteria,o__unclassified_c__Alphaproteobacteria,f__unclassified_c__Alphaproteobacteria,g__unclassified_c__Alphaproteobacteria,s__unclassified_c__Alphaproteobacteria,OTU2204,24,3.0E-5,52.941176470588%
d__Bacteria,k__norank_d__Bacteria,p__Firmicutes,c__Erysipelotrichia,o__Erysipelotrichales,f__Erysipelotrichaceae,g__Holdemanella,s__uncultured_bacterium_g__Holdemanella,OTU2760,31,4.0E-5,47.058823529412%
d__Bacteria,k__norank_d__Bacteria,p__Patescibacteria,c__WS6_Dojkabacteria,o__norank_c__WS6_Dojkabacteria,f__norank_c__WS6_Dojkabacteria,g__norank_c__WS6_Dojkabacteria,s__uncultured_bacterium_g__norank_c__WS6_Dojkabacteria,OTU3243,7,9.68708e-6,17.647058823529%
d__Bacteria,k__norank_d__Bacteria,p__Actinobacteria,c__Actinobacteria,o__Solirubrobacterales,f__Solirubrobacteraceae,g__Conexibacter,s__uncultured_bacterium_g__Conexibacter,OTU1782,2,2.76774e-6,5.8823529411765%
d__Bacteria,k__norank_d__Bacteria,p__Cyanobacteria,c__Melainabacteria,o__Vampirovibrionales,f__norank_o__Vampirovibrionales,g__norank_o__Vampirovibrionales,s__unclassified_g__norank_o__Vampirovibrionales,OTU1967,3,4.15161e-6,5.8823529411765%
d__Bacteria,k__norank_d__Bacteria,p__Bacteroidetes,c__Bacteroidia,o__Flavobacteriales,f__Flavobacteriaceae,g__Flavobacterium,s__uncultured_Bacteroidetes_bacterium_g__Flavobacterium,OTU2577,3,4.15161e-6,17.647058823529%
d__Bacteria,k__norank_d__Bacteria,p__Proteobacteria,c__Deltaproteobacteria,o__Myxococcales,f__mle1-27,g__norank_f__mle1-27,s__unclassified_g__norank_f__mle1-27,OTU2016,9,1.0E-5,35.294117647059%
d__Bacteria,k__norank_d__Bacteria,p__Planctomycetes,c__Phycisphaerae,o__Phycisphaerales,f__Phycisphaeraceae,g__SM1A02,s__uncultured_bacterium_g__SM1A02,OTU2356,20,3.0E-5,41.176470588235%
d__Bacteria,k__norank_d__Bacteria,p__Acidobacteria,c__Subgroup_6,o__norank_c__Subgroup_6,f__norank_c__Subgroup_6,g__norank_c__Subgroup_6,s__unclassified_g__norank_c__Subgroup_6,OTU2369,21,3.0E-5,52.941176470588%
d__Bacteria,k__norank_d__Bacteria,p__Dependentiae,c__Babeliae,o__Babeliales,f__Babeliaceae,g__norank_f__Babeliaceae,s__uncultured_bacterium_g__norank_f__Babeliaceae,OTU2025,2,2.76774e-6,11.764705882353%
d__Bacteria,k__norank_d__Bacteria,p__Patescibacteria,c__Parcubacteria,o__unclassified_c__Parcubacteria,f__unclassified_c__Parcubacteria,g__unclassified_c__Parcubacteria,s__unclassified_c__Parcubacteria,OTU1990,2,2.76774e-6,5.8823529411765%
d__Bacteria,k__norank_d__Bacteria,p__Armatimonadetes,c__Fimbriimonadia,o__Fimbriimonadales,f__Fimbriimonadaceae,g__norank_f__Fimbriimonadaceae,s__uncultured_bacterium_g__norank_f__Fimbriimonadaceae,OTU2225,18,2.0E-5,41.176470588235%
d__Bacteria,k__norank_d__Bacteria,p__Bacteroidetes,c__Bacteroidia,o__Chitinophagales,f__Chitinophagaceae,g__norank_f__Chitinophagaceae,s__unclassified_g__norank_f__Chitinophagaceae,OTU2298,132,0.00018,47.058823529412%
d__Bacteria,k__norank_d__Bacteria,p__Proteobacteria,c__Alphaproteobacteria,o__Rhizobiales,f__Methyloligellaceae,g__norank_f__Methyloligellaceae,s__unclassified_g__norank_f__Methyloligellaceae,OTU1815,19,3.0E-5,35.294117647059%
d__Bacteria,k__norank_d__Bacteria,p__Patescibacteria,c__WS6_Dojkabacteria,o__norank_c__WS6_Dojkabacteria,f__norank_c__WS6_Dojkabacteria,g__norank_c__WS6_Dojkabacteria,s__uncultured_bacterium_g__norank_c__WS6_Dojkabacteria,OTU2484,5,6.91934e-6,17.647058823529%
d__Bacteria,k__norank_d__Bacteria,p__Chlamydiae,c__Chlamydiae,o__Chlamydiales,f__Simkaniaceae,g__norank_f__Simkaniaceae,s__uncultured_Chlamydiales_bacterium_g__norank,OTU1787,9,1.0E-5,17.647058823529%
d__Bacteria,k__norank_d__Bacteria,p__Proteobacteria,c__Alphaproteobacteria,o__Caulobacterales,f__Hyphomonadaceae,g__SWB02,s__uncultured_bacterium_g__SWB02,OTU2228,608,0.00084,52.941176470588%
d__Bacteria,k__norank_d__Bacteria,p__Proteobacteria,c__Deltaproteobacteria,o__unclassified_c__Deltaproteobacteria,f__unclassified_c__Deltaproteobacteria,g__unclassified_c__Deltaproteobacteria,s__unclassified_c__Deltaproteobacteria,OTU3252,95,0.00013,47.058823529412%
d__Bacteria,k__norank_d__Bacteria,p__Actinobacteria,c__Actinobacteria,o__unclassified_c__Actinobacteria,f__unclassified_c__Actinobacteria,g__unclassified_c__Actinobacteria,s__unclassified_c__Actinobacteria,OTU2359,324,0.00045,47.058823529412%
d__Bacteria,k__norank_d__Bacteria,p__Firmicutes,c__Clostridia,o__Clostridiales,f__Ruminococcaceae,g__unclassified_f__Ruminococcaceae,s__unclassified_f__Ruminococcaceae,OTU2795,3,4.15161e-6,11.764705882353%
d__Bacteria,k__norank_d__Bacteria,p__Proteobacteria,c__Alphaproteobacteria,o__Rhizobiales,f__Hyphomicrobiaceae,g__Pedomicrobium,s__unclassified_g__Pedomicrobium,OTU1996,402,0.00056,94.117647058824%
d__Bacteria,k__norank_d__Bacteria,p__Bacteroidetes,c__Bacteroidia,o__Chitinophagales,f__Chitinophagaceae,g__Ferruginibacter,s__uncultured_bacterium_g__Ferruginibacter,OTU2033,925,0.00128,52.941176470588%
d__Bacteria,k__norank_d__Bacteria,p__Proteobacteria,c__Alphaproteobacteria,o__Rhizobiales,f__Xanthobacteraceae,g__norank_f__Xanthobacteraceae,s__unclassified_g__norank_f__Xanthobacteraceae,OTU1988,1174,0.00162,100%
d__Bacteria,k__norank_d__Bacteria,p__Proteobacteria,c__Deltaproteobacteria,o__Bdellovibrionales,f__Bdellovibrionaceae,g__OM27_clade,s__unclassified_g__OM27_clade,OTU2399,5,6.91934e-6,17.647058823529%
d__Bacteria,k__norank_d__Bacteria,p__Proteobacteria,c__Deltaproteobacteria,o__Myxococcales,f__Archangiaceae,g__Anaeromyxobacter,s__unclassified_g__Anaeromyxobacter,OTU2232,9,1.0E-5,41.176470588235%
d__Bacteria,k__norank_d__Bacteria,p__Proteobacteria,c__Alphaproteobacteria,o__Rhodospirillales,f__Rhodopirillaceae,g__Defluviicoccus,s__metagenome_g__Defluviicoccus,OTU2036,7,9.68708e-6,23.529411764706%
d__Bacteria,k__norank_d__Bacteria,p__Chloroflexi,c__Dehalococcoidia,o__S085,f__norank_o__S085,g__norank_o__S085,s__metagenome_g__norank_o__S085,OTU1821,557,0.00077,23.529411764706%
d__Bacteria,k__norank_d__Bacteria,p__Dependentiae,c__Babeliae,o__Babeliales,f__norank_o__Babeliales,g__norank_o__Babeliales,s__uncultured_bacterium_SBRH58,OTU2305,16,2.0E-5,47.058823529412%
d__Bacteria,k__norank_d__Bacteria,p__Patescibacteria,c__Saccharimonadia,o__Saccharimonadales,f__norank_o__Saccharimonadales,g__norank_o__Saccharimonadales,s__uncultured_bacterium_g__norank_o__Saccharimonadales,OTU2493,788,0.00109,47.058823529412%
d__Bacteria,k__norank_d__Bacteria,p__Kiritimatiellaeota,c__Kiritimatiellae,o__WCHB1-41,f__norank_o__WCHB1-41,g__norank_o__WCHB1-41,s__uncultured_bacterium_g__norank_o__WCHB1-41,OTU2357,5,6.91934e-6,17.647058823529%
d__Bacteria,k__norank_d__Bacteria,p__Bacteroidetes,c__Bacteroidia,o__Chitinophagales,f__Chitinophagaceae,g__unclassified_f__Chitinophagaceae,s__unclassified_f__Chitinophagaceae,OTU2582,2,2.76774e-6,11.764705882353%
d__Bacteria,k__norank_d__Bacteria,p__Proteobacteria,c__Gammaproteobacteria,o__Steroidobacterales,f__Steroidobacteraceae,g__Steroidobacter,s__unclassified_g__Steroidobacter,OTU1803,41,6.0E-5,23.529411764706%
d__Bacteria,k__norank_d__Bacteria,p__Bacteroidetes,c__Bacteroidia,o__Cytophagales,f__Microscillaceae,g__norank_f__Microscillaceae,s__unclassified_g__norank_f__Microscillaceae,OTU2280,10,1.0E-5,35.294117647059%
d__Bacteria,k__norank_d__Bacteria,p__Proteobacteria,c__Gammaproteobacteria,o__Methylococcales,f__Methylomonaceae,g__Crenothrix,s__uncultured_bacterium_g__Crenothrix,OTU2381,237,0.00033,47.058823529412%
d__Bacteria,k__norank_d__Bacteria,p__Chloroflexi,c__Anaerolineae,o__Anaerolineales,f__Anaerolineaceae,g__norank_f__Anaerolineaceae,s__unclassified_g__norank_f__Anaerolineaceae,OTU3261,6,8.30321e-6,35.294117647059%
d__Bacteria,k__norank_d__Bacteria,p__Acidobacteria,c__AT-s3-28,o__norank_c__AT-s3-28,f__norank_c__AT-s3-28,g__norank_c__AT-s3-28,s__unclassified_g__norank_c__AT-s3-28,OTU2801,42,6.0E-5,58.823529411765%
d__Bacteria,k__norank_d__Bacteria,p__Planctomycetes,c__Planctomycetacia,o__Isosphaerales,f__Isosphaeraceae,g__Singulisphaera,s__uncultured_bacterium_g__Singulisphaera,OTU2003,5,6.91934e-6,11.764705882353%
d__Bacteria,k__norank_d__Bacteria,p__Chloroflexi,c__Anaerolineae,o__Anaerolineales,f__Anaerolineaceae,g__Anaerolinea,s__uncultured_bacterium_g__Anaerolinea,OTU2238,4,5.53547e-6,17.647058823529%
d__Bacteria,k__norank_d__Bacteria,p__Bacteroidetes,c__Ignavibacteria,o__SJA-28,f__norank_o__SJA-28,g__norank_o__SJA-28,s__unclassified_g__norank_o__SJA-28,OTU2406,5,6.91934e-6,11.764705882353%
d__Bacteria,k__norank_d__Bacteria,p__Acidobacteria,c__Blastocatellia_Subgroup_4,o__11-24,f__norank_o__11-24,g__norank_o__11-24,s__unclassified_g__norank_o__11-24,OTU2045,6,8.30321e-6,29.411764705882%
d__Bacteria,k__norank_d__Bacteria,p__Chloroflexi,c__Anaerolineae,o__SJA-15,f__norank_o__SJA-15,g__norank_o__SJA-15,s__uncultured_bacterium_g__norank_o__SJA-15,OTU2316,55,8.0E-5,58.823529411765%
d__Bacteria,k__norank_d__Bacteria,p__Actinobacteria,c__Actinobacteria,o__Microtrichales,f__Microtrichaceae,g__norank_f__Microtrichaceae,s__metagenome_g__norank_f__Microtrichaceae,OTU2060,112,0.00015,64.705882352941%
d__Bacteria,k__norank_d__Bacteria,p__Actinobacteria,c__Actinobacteria,o__Gaiellales,f__norank_o__Gaiellales,g__norank_o__Gaiellales,s__uncultured_actinobacterium_g__norank_o__Gaiellales,OTU1825,568,0.00079,17.647058823529%
d__Bacteria,k__norank_d__Bacteria,p__Nitrospirae,c__Nitrospira,o__norank_c__Nitrospira,f__norank_c__Nitrospira,g__Nitrospira,s__unclassified_g__Nitrospira,OTU1831,457,0.00063,23.529411764706%
d__Bacteria,k__norank_d__Bacteria,p__Proteobacteria,c__Deltaproteobacteria,o__Desulfuromonadales,f__Geobacteraceae,g__Geobacter,s__unclassified_g__Geobacter,OTU2293,8,1.0E-5,35.294117647059%
d__Bacteria,k__norank_d__Bacteria,p__Patescibacteria,c__Saccharimonadia,o__Saccharimonadales,f__norank_o__Saccharimonadales,g__norank_o__Saccharimonadales,s__unclassified_g__norank_o__Saccharimonadales,OTU2402,133,0.00018,47.058823529412%
d__Bacteria,k__norank_d__Bacteria,p__Latescibacteria,c__Latescibacteria,o__norank_c__Latescibacteria,f__norank_c__Latescibacteria,g__norank_c__Latescibacteria,s__uncultured_soil_bacterium_PBS-II-5,OTU2042,6,8.30321e-6,35.294117647059%
d__Bacteria,k__norank_d__Bacteria,p__Firmicutes,c__Clostridia,o__Clostridiales,f__Ruminococcaceae,g__Eubacterium]_coprostanoligenes_group,s__uncultured_bacterium_g__Eubacterium]_coprostanoligenes_group,OTU2594,5,6.91934e-6,23.529411764706%
d__Bacteria,k__norank_d__Bacteria,p__Actinobacteria,c__Actinobacteria,o__Coriobacteriales,f__Coriobacteriaceae,g__Collinsella,s__Collinsella_stercoris,OTU2810,4,5.53547e-6,17.647058823529%
d__Bacteria,k__norank_d__Bacteria,p__Chloroflexi,c__Chloroflexia,o__Thermomicrobiales,f__JG30-KF-CM45,g__norank_f__JG30-KF-CM45,s__unclassified_g__norank_f__JG30-KF-CM45,OTU2511,50,7.0E-5,47.058823529412%
d__Bacteria,k__norank_d__Bacteria,p__Proteobacteria,c__Alphaproteobacteria,o__unclassified_c__Alphaproteobacteria,f__unclassified_c__Alphaproteobacteria,g__unclassified_c__Alphaproteobacteria,s__unclassified_c__Alphaproteobacteria,OTU2448,41,6.0E-5,76.470588235294%
d__Bacteria,k__norank_d__Bacteria,p__Proteobacteria,c__Gammaproteobacteria,o__Betaproteobacteriales,f__Rhodocyclaceae,g__norank_f__Rhodocyclaceae,s__uncultured_bacterium_g__norank_f__Rhodocyclaceae,OTU3264,4,5.53547e-6,17.647058823529%
d__Bacteria,k__norank_d__Bacteria,p__Chloroflexi,c__JG30-KF-CM66,o__norank_c__JG30-KF-CM66,f__norank_c__JG30-KF-CM66,g__norank_c__JG30-KF-CM66,s__metagenome_g__norank_c__JG30-KF-CM66,OTU2007,163,0.00023,64.705882352941%
d__Bacteria,k__norank_d__Bacteria,p__Patescibacteria,c__Microgenomatia,o__Candidatus_Woesebacteria,f__norank_o__Candidatus_Woesebacteria,g__norank_o__Candidatus_Woesebacteria,s__unclassified_g__norank_o__Candidatus_Woesebacteria,OTU2408,4,5.53547e-6,23.529411764706%
d__Bacteria,k__norank_d__Bacteria,p__Patescibacteria,c__Saccharimonadia,o__Saccharimonadales,f__norank_o__Saccharimonadales,g__norank_o__Saccharimonadales,s__uncultured_bacterium_g__norank_o__Saccharimonadales,OTU2241,49,7.0E-5,47.058823529412%
d__Bacteria,k__norank_d__Bacteria,p__Planctomycetes,c__Phycisphaerae,o__Phycisphaerales,f__Phycisphaeraceae,g__SM1A02,s__uncultured_bacterium_g__SM1A02,OTU2388,49,7.0E-5,47.058823529412%
d__Bacteria,k__norank_d__Bacteria,p__Proteobacteria,c__Deltaproteobacteria,o__unclassified_c__Deltaproteobacteria,f__unclassified_c__Deltaproteobacteria,g__unclassified_c__Deltaproteobacteria,s__unclassified_c__Deltaproteobacteria,OTU2068,48,7.0E-5,47.058823529412%
d__Bacteria,k__norank_d__Bacteria,p__Acidobacteria,c__Acidobacteriia,o__Solibacterales,f__Solibacteraceae_Subgroup_3,g__Bryobacter,s__unclassified_g__Bryobacter,OTU2097,5,6.91934e-6,23.529411764706%
d__Bacteria,k__norank_d__Bacteria,p__Proteobacteria,c__Gammaproteobacteria,o__Betaproteobacteriales,f__Nitrosomonadaceae,g__oc32,s__unclassified_g__oc32,OTU1907,3,4.15161e-6,5.8823529411765%
d__Bacteria,k__norank_d__Bacteria,p__Cyanobacteria,c__Oxyphotobacteria,o__Chloroplast,f__norank_o__Chloroplast,g__norank_o__Chloroplast,s__unclassified_g__norank_o__Chloroplast,OTU1855,4,5.53547e-6,17.647058823529%
d__Bacteria,k__norank_d__Bacteria,p__Actinobacteria,c__Actinobacteria,o__Coriobacteriales,f__Eggerthellaceae,g__Eggerthella,s__uncultured_bacterium_g__Eggerthella,OTU2409,63,9.0E-5,47.058823529412%
d__Bacteria,k__norank_d__Bacteria,p__Planctomycetes,c__Planctomycetacia,o__Isosphaerales,f__Isosphaeraceae,g__Aquisphaera,s__uncultured_bacterium_g__Aquisphaera,OTU2046,84,0.00012,58.823529411765%
d__Bacteria,k__norank_d__Bacteria,p__Proteobacteria,c__Gammaproteobacteria,o__Betaproteobacteriales,f__Burkholderiaceae,g__Ottowia,s__unclassified_g__Ottowia,OTU2456,3816,0.00528,70.588235294118%
d__Bacteria,k__norank_d__Bacteria,p__Patescibacteria,c__Saccharimonadia,o__Saccharimonadales,f__Saccharimonadaceae,g__Candidatus_Saccharimonas,s__unclassified_g__Candidatus_Saccharimonas,OTU2410,11,2.0E-5,29.411764705882%
d__Bacteria,k__norank_d__Bacteria,p__Planctomycetes,c__Planctomycetacia,o__Gemmatales,f__Gemmataceae,g__norank_f__Gemmataceae,s__uncultured_bacterium_g__norank_f__Gemmataceae,OTU2248,36,5.0E-5,41.176470588235%
d__Bacteria,k__norank_d__Bacteria,p__Chloroflexi,c__Anaerolineae,o__SBR1031,f__norank_o__SBR1031,g__norank_o__SBR1031,s__unclassified_g__norank_o__SBR1031,OTU3267,403,0.00056,58.823529411765%
d__Bacteria,k__norank_d__Bacteria,p__Firmicutes,c__Clostridia,o__Clostridiales,f__Family_XIII,g__norank_f__Family_XIII,s__uncultured_bacterium_g__norank_f__Family_XIII,OTU2612,17,2.0E-5,47.058823529412%
d__Bacteria,k__norank_d__Bacteria,p__Chloroflexi,c__Anaerolineae,o__SBR1031,f__norank_o__SBR1031,g__norank_o__SBR1031,s__unclassified_g__norank_o__SBR1031,OTU2312,288,0.0004,52.941176470588%
d__Bacteria,k__norank_d__Bacteria,p__Acidobacteria,c__unclassified_p__Acidobacteria,o__unclassified_p__Acidobacteria,f__unclassified_p__Acidobacteria,g__unclassified_p__Acidobacteria,s__unclassified_p__Acidobacteria,OTU2811,1020,0.00141,47.058823529412%
d__Bacteria,k__norank_d__Bacteria,p__Planctomycetes,c__Planctomycetacia,o__Isosphaerales,f__Isosphaeraceae,g__unclassified_f__Isosphaeraceae,s__unclassified_f__Isosphaeraceae,OTU2404,30,4.0E-5,47.058823529412%
d__Bacteria,k__norank_d__Bacteria,p__Chloroflexi,c__Anaerolineae,o__Caldilineales,f__Caldilineaceae,g__norank_f__Caldilineaceae,s__uncultured_bacterium_g__norank_f__Caldilineaceae,OTU1954,24,3.0E-5,5.8823529411765%
d__Bacteria,k__norank_d__Bacteria,p__Planctomycetes,c__Planctomycetacia,o__Gemmatales,f__Gemmataceae,g__norank_f__Gemmataceae,s__uncultured_bacterium_g__norank_f__Gemmataceae,OTU2113,18,2.0E-5,52.941176470588%
d__Bacteria,k__norank_d__Bacteria,p__Planctomycetes,c__Phycisphaerae,o__Phycisphaerales,f__Phycisphaeraceae,g__SM1A02,s__uncultured_prokaryote_g__SM1A02,OTU1872,29,4.0E-5,29.411764705882%
d__Bacteria,k__norank_d__Bacteria,p__Proteobacteria,c__Deltaproteobacteria,o__Myxococcales,f__Polyangiaceae,g__norank_f__Polyangiaceae,s__uncultured_bacterium_g__norank_f__Polyangiaceae,OTU2009,6,8.30321e-6,29.411764705882%
d__Bacteria,k__norank_d__Bacteria,p__Actinobacteria,c__Actinobacteria,o__Coriobacteriales,f__norank_o__Coriobacteriales,g__norank_o__Coriobacteriales,s__uncultured_Coriobacteriaceae_bacterium_g__norank_o__Coriobacteriales,OTU2070,10,1.0E-5,29.411764705882%
d__Bacteria,k__norank_d__Bacteria,p__Firmicutes,c__Clostridia,o__Clostridiales,f__Lachnospiraceae,g__Blautia,s__Ruminococcus_sp._5_1_39BFAA,OTU2517,170,0.00024,47.058823529412%
d__Bacteria,k__norank_d__Bacteria,p__Chloroflexi,c__Anaerolineae,o__RBG-13-54-9,f__norank_o__RBG-13-54-9,g__norank_o__RBG-13-54-9,s__uncultured_soil_bacterium_g__norank_o__RBG-13-54-9,OTU2467,239,0.00033,47.058823529412%
d__Bacteria,k__norank_d__Bacteria,p__Patescibacteria,c__Microgenomatia,o__Candidatus_Woesebacteria,f__norank_o__Candidatus_Woesebacteria,g__norank_o__Candidatus_Woesebacteria,s__unclassified_g__norank_o__Candidatus_Woesebacteria,OTU2418,29,4.0E-5,47.058823529412%
d__Bacteria,k__norank_d__Bacteria,p__Chloroflexi,c__Dehalococcoidia,o__Dehalococcoidales,f__norank_o__Dehalococcoidales,g__norank_o__Dehalococcoidales,s__uncultured_bacterium_g__norank_o__Dehalococcoidales,OTU2428,3,4.15161e-6,17.647058823529%
d__Bacteria,k__norank_d__Bacteria,p__Firmicutes,c__Clostridia,o__Clostridiales,f__Lachnospiraceae,g__Epulopiscium,s__Niameybacter_massiliensis,OTU2253,2,2.76774e-6,5.8823529411765%
d__Bacteria,k__norank_d__Bacteria,p__Bacteroidetes,c__Bacteroidia,o__Cytophagales,f__Microscillaceae,g__norank_f__Microscillaceae,s__uncultured_Flexibacter_sp._g__norank_f__Microscillaceae,OTU2645,71,0.0001,47.058823529412%
d__Bacteria,k__norank_d__Bacteria,p__Firmicutes,c__Bacilli,o__Bacillales,f__Bacillaceae,g__Bacillus,s__Bacillus_aryabhattai,OTU3276,37,5.0E-5,64.705882352941%
d__Bacteria,k__norank_d__Bacteria,p__Chlamydiae,c__Chlamydiae,o__Chlamydiales,f__Parachlamydiaceae,g__Neochlamydia,s__metagenome_g__Neochlamydia,OTU2314,2,2.76774e-6,11.764705882353%
d__Bacteria,k__norank_d__Bacteria,p__Actinobacteria,c__Actinobacteria,o__Frankiales,f__Sporichthyaceae,g__hgcI_clade,s__unclassified_g__hgcI_clade,OTU2054,105,0.00015,58.823529411765%
d__Bacteria,k__norank_d__Bacteria,p__Planctomycetes,c__Phycisphaerae,o__Phycisphaerales,f__Phycisphaeraceae,g__SM1A02,s__uncultured_bacterium_g__SM1A02,OTU2412,11,2.0E-5,35.294117647059%
d__Bacteria,k__norank_d__Bacteria,p__Proteobacteria,c__Gammaproteobacteria,o__SZB30,f__norank_o__SZB30,g__norank_o__SZB30,s__uncultured_bacterium_g__norank_o__SZB30,OTU2865,8,1.0E-5,29.411764705882%
d__Bacteria,k__norank_d__Bacteria,p__Chlamydiae,c__Chlamydiae,o__Chlamydiales,f__Parachlamydiaceae,g__unclassified_f__Parachlamydiaceae,s__unclassified_f__Parachlamydiaceae,OTU2129,7,9.68708e-6,29.411764705882%
d__Bacteria,k__norank_d__Bacteria,p__Proteobacteria,c__Gammaproteobacteria,o__unclassified_c__Gammaproteobacteria,f__unclassified_c__Gammaproteobacteria,g__unclassified_c__Gammaproteobacteria,s__unclassified_c__Gammaproteobacteria,OTU1922,5,6.91934e-6,5.8823529411765%
d__Bacteria,k__norank_d__Bacteria,p__Proteobacteria,c__Deltaproteobacteria,o__Bdellovibrionales,f__Bdellovibrionaceae,g__Bdellovibrio,s__uncultured_bacterium_g__Bdellovibrio,OTU2020,29,4.0E-5,47.058823529412%
d__Bacteria,k__norank_d__Bacteria,p__Firmicutes,c__Negativicutes,o__Selenomonadales,f__Veillonellaceae,g__norank_f__Veillonellaceae,s__uncultured_bacterium_SJA-29,OTU2032,2,2.76774e-6,5.8823529411765%
d__Bacteria,k__norank_d__Bacteria,p__Proteobacteria,c__Deltaproteobacteria,o__Bdellovibrionales,f__Bdellovibrionaceae,g__Bdellovibrio,s__uncultured_bacterium_g__Bdellovibrio,OTU2479,2,2.76774e-6,11.764705882353%
d__Bacteria,k__norank_d__Bacteria,p__Planctomycetes,c__Phycisphaerae,o__Phycisphaerales,f__Phycisphaeraceae,g__norank_f__Phycisphaeraceae,s__uncultured_bacterium_g__norank_f__Phycisphaeraceae,OTU2435,3,4.15161e-6,11.764705882353%
d__Bacteria,k__norank_d__Bacteria,p__Actinobacteria,c__Actinobacteria,o__Solirubrobacterales,f__Solirubrobacteraceae,g__JCM_18997,s__uncultured_bacterium_g__JCM_18997,OTU2646,6,8.30321e-6,29.411764705882%
d__Bacteria,k__norank_d__Bacteria,p__Proteobacteria,c__Deltaproteobacteria,o__Myxococcales,f__Haliangiaceae,g__Haliangium,s__uncultured_bacterium_g__Haliangium,OTU2535,4,5.53547e-6,17.647058823529%
d__Bacteria,k__norank_d__Bacteria,p__Proteobacteria,c__Gammaproteobacteria,o__eub62A3,f__norank_o__eub62A3,g__norank_o__eub62A3,s__metagenome_g__norank_o__eub62A3,OTU3279,11,2.0E-5,35.294117647059%
d__Bacteria,k__norank_d__Bacteria,p__Proteobacteria,c__Alphaproteobacteria,o__Caedibacterales,f__Caedibacteraceae,g__Caedibacter,s__unclassified_g__Caedibacter,OTU2321,7,9.68708e-6,29.411764705882%
d__Bacteria,k__norank_d__Bacteria,p__Proteobacteria,c__Deltaproteobacteria,o__Syntrophobacterales,f__Syntrophaceae,g__Smithella,s__uncultured_bacterium_g__Smithella,OTU2075,4,5.53547e-6,17.647058823529%
d__Bacteria,k__norank_d__Bacteria,p__Firmicutes,c__Negativicutes,o__Selenomonadales,f__Veillonellaceae,g__Megamonas,s__unclassified_g__Megamonas,OTU2255,4,5.53547e-6,17.647058823529%
d__Bacteria,k__norank_d__Bacteria,p__Proteobacteria,c__Gammaproteobacteria,o__Gammaproteobacteria_Incertae_Sedis,f__unclassified_o__Gammaproteobacteria_Incertae_Sedis,g__Candidatus_Berkiella,s__unclassified_g__Candidatus_Berkiella,OTU2431,2,2.76774e-6,11.764705882353%
d__Bacteria,k__norank_d__Bacteria,p__Bacteroidetes,c__Bacteroidia,o__Sphingobacteriales,f__AKYH767,g__norank_f__AKYH767,s__metagenome_g__norank_f__AKYH767,OTU2080,212,0.00029,47.058823529412%
d__Bacteria,k__norank_d__Bacteria,p__Bacteroidetes,c__Bacteroidia,o__Bacteroidales,f__Paludibacteraceae,g__Paludibacter,s__uncultured_bacterium_g__Paludibacter,OTU2876,4,5.53547e-6,23.529411764706%
d__Bacteria,k__norank_d__Bacteria,p__Actinobacteria,c__Actinobacteria,o__Microtrichales,f__Ilumatobacteraceae,g__Ilumatobacter,s__unclassified_g__Ilumatobacter,OTU1939,71,0.0001,47.058823529412%
d__Bacteria,k__norank_d__Bacteria,p__Proteobacteria,c__Deltaproteobacteria,o__Myxococcales,f__Haliangiaceae,g__Haliangium,s__unclassified_g__Haliangium,OTU2135,43,6.0E-5,58.823529411765%
d__Bacteria,k__norank_d__Bacteria,p__Actinobacteria,c__Actinobacteria,o__Corynebacteriales,f__Corynebacteriaceae,g__Corynebacterium_1,s__Corynebacterium_sp._S18-03,OTU2047,5,6.91934e-6,29.411764705882%
d__Bacteria,k__norank_d__Bacteria,p__Proteobacteria,c__Gammaproteobacteria,o__PLTA13,f__norank_o__PLTA13,g__norank_o__PLTA13,s__uncultured_bacterium_g__norank_o__PLTA13,OTU2426,756,0.00105,94.117647058824%
d__Bacteria,k__norank_d__Bacteria,p__Acidobacteria,c__Holophagae,o__Subgroup_7,f__norank_o__Subgroup_7,g__norank_o__Subgroup_7,s__uncultured_bacterium_SJA-36,OTU2023,33,5.0E-5,47.058823529412%
d__Bacteria,k__norank_d__Bacteria,p__Chloroflexi,c__Chloroflexia,o__Chloroflexales,f__Roseiflexaceae,g__unclassified_f__Roseiflexaceae,s__unclassified_f__Roseiflexaceae,OTU2440,98,0.00014,47.058823529412%
d__Bacteria,k__norank_d__Bacteria,p__Proteobacteria,c__Gammaproteobacteria,o__Methylococcales,f__Methylomonaceae,g__unclassified_f__Methylomonaceae,s__unclassified_f__Methylomonaceae,OTU2544,48,7.0E-5,47.058823529412%
d__Bacteria,k__norank_d__Bacteria,p__Proteobacteria,c__Alphaproteobacteria,o__unclassified_c__Alphaproteobacteria,f__unclassified_c__Alphaproteobacteria,g__unclassified_c__Alphaproteobacteria,s__unclassified_c__Alphaproteobacteria,OTU2334,97,0.00013,47.058823529412%
d__Bacteria,k__norank_d__Bacteria,p__Proteobacteria,c__Alphaproteobacteria,o__Paracaedibacterales,f__Paracaedibacteraceae,g__Candidatus_Paracaedibacter,s__uncultured_bacterium_g__Candidatus_Paracaedibacter,OTU2450,96,0.00013,70.588235294118%
d__Bacteria,k__norank_d__Bacteria,p__Patescibacteria,c__Saccharimonadia,o__Saccharimonadales,f__norank_o__Saccharimonadales,g__norank_o__Saccharimonadales,s__uncultured_bacterium_g__norank_o__Saccharimonadales,OTU2903,7,9.68708e-6,35.294117647059%
d__Bacteria,k__norank_d__Bacteria,p__Omnitrophicaeota,c__norank_p__Omnitrophicaeota,o__norank_p__Omnitrophicaeota,f__norank_p__Omnitrophicaeota,g__norank_p__Omnitrophicaeota,s__uncultured_beta_proteobacterium_g__norank_p__Omnitrophicaeota,OTU2256,2,2.76774e-6,11.764705882353%
d__Bacteria,k__norank_d__Bacteria,p__Proteobacteria,c__Deltaproteobacteria,o__Myxococcales,f__Blfdi19,g__norank_f__Blfdi19,s__uncultured_bacterium_g__norank_f__Blfdi19,OTU2079,73,0.0001,52.941176470588%
d__Bacteria,k__norank_d__Bacteria,p__Synergistetes,c__Synergistia,o__Synergistales,f__Synergistaceae,g__norank_f__Synergistaceae,s__uncultured_bacterium_g__norank_f__Synergistaceae,OTU2082,17,2.0E-5,41.176470588235%
d__Bacteria,k__norank_d__Bacteria,p__Chloroflexi,c__OLB14,o__norank_c__OLB14,f__norank_c__OLB14,g__norank_c__OLB14,s__unclassified_g__norank_c__OLB14,OTU1955,618,0.00086,35.294117647059%
d__Bacteria,k__norank_d__Bacteria,p__Patescibacteria,c__Parcubacteria,o__Candidatus_Jorgensenbacteria,f__norank_o__Candidatus_Jorgensenbacteria,g__norank_o__Candidatus_Jorgensenbacteria,s__Candidatus_Adlerbacteria_bacterium_GW2011_GWC1_50_9,OTU2514,6,8.30321e-6,17.647058823529%
d__Bacteria,k__norank_d__Bacteria,p__Acidobacteria,c__Acidobacteriia,o__Solibacterales,f__Solibacteraceae_Subgroup_3,g__Bryobacter,s__unclassified_g__Bryobacter,OTU2657,14,2.0E-5,47.058823529412%
d__Bacteria,k__norank_d__Bacteria,p__Acidobacteria,c__Holophagae,o__Holophagales,f__Holophagaceae,g__marine_group,s__uncultured_bacterium_g__marine_group,OTU2138,3,4.15161e-6,11.764705882353%
d__Bacteria,k__norank_d__Bacteria,p__Gemmatimonadetes,c__Gemmatimonadetes,o__Gemmatimonadales,f__Gemmatimonadaceae,g__unclassified_f__Gemmatimonadaceae,s__unclassified_f__Gemmatimonadaceae,OTU2444,12,2.0E-5,35.294117647059%
d__Bacteria,k__norank_d__Bacteria,p__Firmicutes,c__Clostridia,o__Clostridiales,f__Lachnospiraceae,g__Fusicatenibacter,s__uncultured_organism_g__Fusicatenibacter,OTU2338,99,0.00014,52.941176470588%
d__Bacteria,k__norank_d__Bacteria,p__Verrucomicrobia,c__Verrucomicrobiae,o__Chthoniobacterales,f__Chthoniobacteraceae,g__Candidatus_Udaeobacter,s__uncultured_bacterium_g__Candidatus_Udaeobacter,OTU2048,5,6.91934e-6,17.647058823529%
d__Bacteria,k__norank_d__Bacteria,p__Patescibacteria,c__unclassified_p__Patescibacteria,o__unclassified_p__Patescibacteria,f__unclassified_p__Patescibacteria,g__unclassified_p__Patescibacteria,s__unclassified_p__Patescibacteria,OTU2913,32,4.0E-5,47.058823529412%
d__Bacteria,k__norank_d__Bacteria,p__Planctomycetes,c__OM190,o__norank_c__OM190,f__norank_c__OM190,g__norank_c__OM190,s__uncultured_bacterium_g__norank_c__OM190,OTU2263,36,5.0E-5,47.058823529412%
d__Bacteria,k__norank_d__Bacteria,p__Bacteroidetes,c__Bacteroidia,o__Chitinophagales,f__Chitinophagaceae,g__Terrimonas,s__unclassified_g__Terrimonas,OTU2547,2357,0.00326,100%
d__Bacteria,k__norank_d__Bacteria,p__Chloroflexi,c__Anaerolineae,o__SBR1031,f__A4b,g__norank_f__A4b,s__uncultured_bacterium_g__norank_f__A4b,OTU2468,11,2.0E-5,41.176470588235%
d__Bacteria,k__norank_d__Bacteria,p__Bacteroidetes,c__Ignavibacteria,o__Kryptoniales,f__BSV26,g__norank_f__BSV26,s__unclassified_g__norank_f__BSV26,OTU2035,15,2.0E-5,41.176470588235%
d__Bacteria,k__norank_d__Bacteria,p__Bacteroidetes,c__Bacteroidia,o__Sphingobacteriales,f__Lentimicrobiaceae,g__norank_f__Lentimicrobiaceae,s__uncultured_Bacteroidales_bacterium_g__norank_f__Lentimicrobiaceae,OTU2089,3,4.15161e-6,17.647058823529%
d__Bacteria,k__norank_d__Bacteria,p__Chloroflexi,c__Anaerolineae,o__Caldilineales,f__Caldilineaceae,g__norank_f__Caldilineaceae,s__uncultured_bacterium_g__norank_f__Caldilineaceae,OTU2459,12,2.0E-5,47.058823529412%
d__Bacteria,k__norank_d__Bacteria,p__Acidobacteria,c__Acidobacteriia,o__Solibacterales,f__Solibacteraceae_Subgroup_3,g__Bryobacter,s__unclassified_g__Bryobacter,OTU1968,188,0.00026,47.058823529412%
d__Bacteria,k__norank_d__Bacteria,p__Patescibacteria,c__Parcubacteria,o__norank_c__Parcubacteria,f__norank_c__Parcubacteria,g__norank_c__Parcubacteria,s__uncultured_bacterium_g__norank_c__Parcubacteria,OTU2527,6,8.30321e-6,17.647058823529%
d__Bacteria,k__norank_d__Bacteria,p__Omnitrophicaeota,c__norank_p__Omnitrophicaeota,o__norank_p__Omnitrophicaeota,f__norank_p__Omnitrophicaeota,g__norank_p__Omnitrophicaeota,s__uncultured_beta_proteobacterium_g__norank_p__Omnitrophicaeota,OTU2658,5,6.91934e-6,29.411764705882%
d__Bacteria,k__norank_d__Bacteria,p__Verrucomicrobia,c__Verrucomicrobiae,o__Pedosphaerales,f__Pedosphaeraceae,g__norank_f__Pedosphaeraceae,s__bacterium_SH3-11,OTU2096,8,1.0E-5,17.647058823529%
d__Bacteria,k__norank_d__Bacteria,p__Planctomycetes,c__Planctomycetacia,o__norank_c__Planctomycetacia,f__norank_c__Planctomycetacia,g__norank_c__Planctomycetacia,s__unclassified_g__norank_c__Planctomycetacia,OTU2149,92,0.00013,47.058823529412%
d__Bacteria,k__norank_d__Bacteria,p__Firmicutes,c__Clostridia,o__Clostridiales,f__Clostridiaceae_1,g__Clostridium_sensu_stricto_1,s__metagenome_g__Clostridium_sensu_stricto_1,OTU2463,322,0.00045,64.705882352941%
d__Bacteria,k__norank_d__Bacteria,p__Patescibacteria,c__WWE3,o__norank_c__WWE3,f__norank_c__WWE3,g__norank_c__WWE3,s__unclassified_g__norank_c__WWE3,OTU2061,5,6.91934e-6,23.529411764706%
d__Bacteria,k__norank_d__Bacteria,p__Firmicutes,c__Clostridia,o__Clostridiales,f__Lachnospiraceae,g__Agathobacter,s__metagenome_g__Agathobacter,OTU2360,19,3.0E-5,58.823529411765%
d__Bacteria,k__norank_d__Bacteria,p__Proteobacteria,c__Deltaproteobacteria,o__Syntrophobacterales,f__Syntrophaceae,g__norank_f__Syntrophaceae,s__unclassified_g__norank_f__Syntrophaceae,OTU2294,17,2.0E-5,35.294117647059%
d__Bacteria,k__norank_d__Bacteria,p__Actinobacteria,c__Actinobacteria,o__Micrococcales,f__Bogoriellaceae,g__Georgenia,s__uncultured_bacterium_g__Georgenia,OTU2090,9,1.0E-5,35.294117647059%
d__Bacteria,k__norank_d__Bacteria,p__Chloroflexi,c__Anaerolineae,o__RBG-13-54-9,f__norank_o__RBG-13-54-9,g__norank_o__RBG-13-54-9,s__uncultured_bacterium_g__norank_o__RBG-13-54-9,OTU2928,7,9.68708e-6,35.294117647059%
d__Bacteria,k__norank_d__Bacteria,p__Chloroflexi,c__Anaerolineae,o__SBR1031,f__norank_o__SBR1031,g__norank_o__SBR1031,s__unclassified_g__norank_o__SBR1031,OTU2481,4,5.53547e-6,17.647058823529%
d__Bacteria,k__norank_d__Bacteria,p__Proteobacteria,c__Gammaproteobacteria,o__CCD24,f__norank_o__CCD24,g__norank_o__CCD24,s__unclassified_g__norank_o__CCD24,OTU2548,23,3.0E-5,52.941176470588%
d__Bacteria,k__norank_d__Bacteria,p__Firmicutes,c__Clostridia,o__Clostridiales,f__Lachnospiraceae,g__Coprococcus_3,s__uncultured_bacterium_g__Coprococcus_3,OTU2530,8,1.0E-5,29.411764705882%
d__Bacteria,k__norank_d__Bacteria,p__Patescibacteria,c__WWE3,o__norank_c__WWE3,f__norank_c__WWE3,g__norank_c__WWE3,s__unclassified_g__norank_c__WWE3,OTU2668,6,8.30321e-6,29.411764705882%
d__Bacteria,k__norank_d__Bacteria,p__Proteobacteria,c__Deltaproteobacteria,o__PB19,f__norank_o__PB19,g__norank_o__PB19,s__uncultured_bacterium_g__norank_o__PB19,OTU2483,54,7.0E-5,47.058823529412%
d__Bacteria,k__norank_d__Bacteria,p__Actinobacteria,c__Actinobacteria,o__Actinomycetales,f__Actinomycetaceae,g__norank_f__Actinomycetaceae,s__metagenome_g__norank_f__Actinomycetaceae,OTU2072,14,2.0E-5,41.176470588235%
d__Bacteria,k__norank_d__Bacteria,p__Proteobacteria,c__Alphaproteobacteria,o__Rhizobiales,f__Rhizobiaceae,g__Mesorhizobium,s__Mesorhizobium_ciceri,OTU1989,560,0.00077,88.235294117647%
d__Bacteria,k__norank_d__Bacteria,p__Caldiserica,c__Caldisericia,o__Caldisericales,f__Caldisericaceae,g__Caldisericum,s__uncultured_Caldisericum_sp.,OTU2367,3,4.15161e-6,17.647058823529%
d__Bacteria,k__norank_d__Bacteria,p__Planctomycetes,c__OM190,o__norank_c__OM190,f__norank_c__OM190,g__norank_c__OM190,s__uncultured_soil_bacterium_g__norank_c__OM190,OTU2062,80,0.00011,47.058823529412%
d__Bacteria,k__norank_d__Bacteria,p__Latescibacteria,c__Latescibacteria,o__norank_c__Latescibacteria,f__norank_c__Latescibacteria,g__norank_c__Latescibacteria,s__unclassified_g__norank_c__Latescibacteria,OTU2306,16,2.0E-5,47.058823529412%
d__Bacteria,k__norank_d__Bacteria,p__Chloroflexi,c__Anaerolineae,o__Caldilineales,f__Caldilineaceae,g__norank_f__Caldilineaceae,s__unclassified_g__norank_f__Caldilineaceae,OTU2472,95,0.00013,47.058823529412%
d__Bacteria,k__norank_d__Bacteria,p__Epsilonbacteraeota,c__Campylobacteria,o__Campylobacterales,f__Sulfurospirillaceae,g__Sulfurospirillum,s__uncultured_Sulfurospirillum_sp.,OTU2131,20,3.0E-5,52.941176470588%
d__Bacteria,k__norank_d__Bacteria,p__Firmicutes,c__Negativicutes,o__Selenomonadales,f__Veillonellaceae,g__norank_f__Veillonellaceae,s__uncultured_bacterium_g__norank_f__Veillonellaceae,OTU2095,10,1.0E-5,35.294117647059%
d__Bacteria,k__norank_d__Bacteria,p__Actinobacteria,c__Actinobacteria,o__norank_c__Actinobacteria,f__norank_c__Actinobacteria,g__norank_c__Actinobacteria,s__unclassified_g__norank_c__Actinobacteria,OTU2169,143,0.0002,82.352941176471%
d__Bacteria,k__norank_d__Bacteria,p__Bacteroidetes,c__Bacteroidia,o__Chitinophagales,f__Saprospiraceae,g__norank_f__Saprospiraceae,s__unclassified_g__norank_f__Saprospiraceae,OTU2933,14,2.0E-5,35.294117647059%
d__Bacteria,k__norank_d__Bacteria,p__Firmicutes,c__Clostridia,o__Clostridiales,f__Ruminococcaceae,g__Ruminococcaceae_UCG-014,s__uncultured_Ruminococcaceae_bacterium_g__Ruminococcaceae_UCG-014,OTU2488,25,3.0E-5,47.058823529412%
d__Bacteria,k__norank_d__Bacteria,p__Proteobacteria,c__Deltaproteobacteria,o__Myxococcales,f__Blfdi19,g__norank_f__Blfdi19,s__Anaeromyxobacter_dehalogenans_g__norank,OTU2596,5,6.91934e-6,23.529411764706%
d__Bacteria,k__norank_d__Bacteria,p__Proteobacteria,c__Gammaproteobacteria,o__unclassified_c__Gammaproteobacteria,f__unclassified_c__Gammaproteobacteria,g__unclassified_c__Gammaproteobacteria,s__unclassified_c__Gammaproteobacteria,OTU2487,36,5.0E-5,47.058823529412%
d__Bacteria,k__norank_d__Bacteria,p__Chloroflexi,c__unclassified_p__Chloroflexi,o__unclassified_p__Chloroflexi,f__unclassified_p__Chloroflexi,g__unclassified_p__Chloroflexi,s__unclassified_p__Chloroflexi,OTU2034,63,9.0E-5,47.058823529412%
d__Bacteria,k__norank_d__Bacteria,p__Elusimicrobia,c__Elusimicrobia,o__Lineage_IV,f__norank_o__Lineage_IV,g__norank_o__Lineage_IV,s__unclassified_g__norank_o__Lineage_IV,OTU2531,7,9.68708e-6,29.411764705882%
d__Bacteria,k__norank_d__Bacteria,p__Proteobacteria,c__Alphaproteobacteria,o__Dongiales,f__Dongiaceae,g__Dongia,s__metagenome_g__Dongia,OTU2482,26,4.0E-5,58.823529411765%
d__Bacteria,k__norank_d__Bacteria,p__Proteobacteria,c__Deltaproteobacteria,o__Bdellovibrionales,f__Bdellovibrionaceae,g__Bdellovibrio,s__uncultured_bacterium_g__Bdellovibrio,OTU2706,112,0.00015,47.058823529412%
d__Bacteria,k__norank_d__Bacteria,p__Proteobacteria,c__Deltaproteobacteria,o__Myxococcales,f__Haliangiaceae,g__Haliangium,s__unclassified_g__Haliangium,OTU2064,2,2.76774e-6,11.764705882353%
d__Bacteria,k__norank_d__Bacteria,p__Actinobacteria,c__Actinobacteria,o__Gaiellales,f__norank_o__Gaiellales,g__norank_o__Gaiellales,s__uncultured_soil_bacterium_g__norank_o__Gaiellales,OTU2085,4,5.53547e-6,17.647058823529%
d__Bacteria,k__norank_d__Bacteria,p__Proteobacteria,c__Alphaproteobacteria,o__Paracaedibacterales,f__Paracaedibacteraceae,g__norank_f__Paracaedibacteraceae,s__metagenome_g__norank_f__Paracaedibacteraceae,OTU2319,3,4.15161e-6,17.647058823529%
d__Bacteria,k__norank_d__Bacteria,p__Patescibacteria,c__CPR2,o__norank_c__CPR2,f__norank_c__CPR2,g__norank_c__CPR2,s__uncultured_Clostridium_sp._g__norank_c__CPR2,OTU2390,13,2.0E-5,41.176470588235%
d__Bacteria,k__norank_d__Bacteria,p__Proteobacteria,c__Deltaproteobacteria,o__SAR324_cladeMarine_group_B,f__norank_o__SAR324_cladeMarine_group_B,g__norank_o__SAR324_cladeMarine_group_B,s__metagenome_g__norank_o__SAR324_cladeMarine_group_B,OTU2192,160,0.00022,52.941176470588%
d__Bacteria,k__norank_d__Bacteria,p__Armatimonadetes,c__Chthonomonadetes,o__Chthonomonadales,f__norank_o__Chthonomonadales,g__norank_o__Chthonomonadales,s__uncultured_bacterium_g__norank_o__Chthonomonadales,OTU2102,7,9.68708e-6,29.411764705882%
d__Bacteria,k__norank_d__Bacteria,p__Bacteroidetes,c__Bacteroidia,o__Bacteroidales,f__Tannerellaceae,g__Parabacteroides,s__Parabacteroides_merdae,OTU2938,2,2.76774e-6,11.764705882353%
d__Bacteria,k__norank_d__Bacteria,p__Patescibacteria,c__Parcubacteria,o__norank_c__Parcubacteria,f__norank_c__Parcubacteria,g__norank_c__Parcubacteria,s__uncultured_bacterium_g__norank_c__Parcubacteria,OTU2489,169,0.00023,47.058823529412%
d__Bacteria,k__norank_d__Bacteria,p__Deinococcus-Thermus,c__Deinococci,o__Deinococcales,f__Deinococcaceae,g__Deinococcus,s__Deinococcus_reticulitermitis,OTU2536,5,6.91934e-6,17.647058823529%
d__Bacteria,k__norank_d__Bacteria,p__Firmicutes,c__Erysipelotrichia,o__Erysipelotrichales,f__Erysipelotrichaceae,g__Catenibacterium,s__uncultured_bacterium_g__Catenibacterium,OTU2206,8,1.0E-5,35.294117647059%
d__Bacteria,k__norank_d__Bacteria,p__Proteobacteria,c__Alphaproteobacteria,o__Rhizobiales,f__Hyphomicrobiaceae,g__norank_f__Hyphomicrobiaceae,s__uncultured_alpha_proteobacterium_g__norank_f__Hyphomicrobiaceae,OTU2044,18,2.0E-5,29.411764705882%
d__Bacteria,k__norank_d__Bacteria,p__Bacteroidetes,c__Bacteroidia,o__Bacteroidales,f__Bacteroidetes_vadinHA17,g__norank_f__Bacteroidetes_vadinHA17,s__unclassified_g__norank_f__Bacteroidetes_vadinHA17,OTU2600,5,6.91934e-6,11.764705882353%
d__Bacteria,k__norank_d__Bacteria,p__Cyanobacteria,c__Oxyphotobacteria,o__Chloroplast,f__norank_o__Chloroplast,g__norank_o__Chloroplast,s__Chlorophyta_symbiont_of_Baikalospongia_sp._g__norank,OTU2588,29,4.0E-5,58.823529411765%
d__Bacteria,k__norank_d__Bacteria,p__Bacteroidetes,c__Bacteroidia,o__Bacteroidales,f__Bacteroidetes_BD2-2,g__norank_f__Bacteroidetes_BD2-2,s__uncultured_prokaryote_g__norank_f__Bacteroidetes_BD2-2,OTU2492,9,1.0E-5,29.411764705882%
d__Bacteria,k__norank_d__Bacteria,p__Proteobacteria,c__Deltaproteobacteria,o__Myxococcales,f__mle1-27,g__norank_f__mle1-27,s__uncultured_Myxococcales_bacterium_g__norank_f__mle1-27,OTU2069,5,6.91934e-6,17.647058823529%
d__Bacteria,k__norank_d__Bacteria,p__Firmicutes,c__Clostridia,o__Clostridiales,f__Ruminococcaceae,g__Subdoligranulum,s__uncultured_Ruminococcaceae_bacterium_g__Subdoligranulum,OTU2322,159,0.00022,47.058823529412%
d__Bacteria,k__norank_d__Bacteria,p__Chloroflexi,c__Anaerolineae,o__SBR1031,f__norank_o__SBR1031,g__norank_o__SBR1031,s__unclassified_g__norank_o__SBR1031,OTU2391,10,1.0E-5,23.529411764706%
d__Bacteria,k__norank_d__Bacteria,p__Proteobacteria,c__Deltaproteobacteria,o__Myxococcales,f__unclassified_o__Myxococcales,g__unclassified_o__Myxococcales,s__unclassified_o__Myxococcales,OTU2114,9,1.0E-5,41.176470588235%
d__Bacteria,k__norank_d__Bacteria,p__Spirochaetes,c__Spirochaetia,o__Spirochaetales,f__Spirochaetaceae,g__norank_f__Spirochaetaceae,s__unclassified_g__norank_f__Spirochaetaceae,OTU2945,4,5.53547e-6,17.647058823529%
d__Bacteria,k__norank_d__Bacteria,p__Proteobacteria,c__Deltaproteobacteria,o__Myxococcales,f__Haliangiaceae,g__Haliangium,s__uncultured_bacterium_g__Haliangium,OTU2711,112,0.00015,47.058823529412%
d__Bacteria,k__norank_d__Bacteria,p__Verrucomicrobia,c__Verrucomicrobiae,o__Verrucomicrobiales,f__Verrucomicrobiaceae,g__Roseimicrobium,s__uncultured_Verrucomicrobia_bacterium_g__Roseimicrobium,OTU2116,170,0.00024,58.823529411765%
d__Bacteria,k__norank_d__Bacteria,p__Patescibacteria,c__Saccharimonadia,o__Saccharimonadales,f__norank_o__Saccharimonadales,g__norank_o__Saccharimonadales,s__uncultured_bacterium_g__norank_o__Saccharimonadales,OTU2207,295,0.00041,47.058823529412%
d__Bacteria,k__norank_d__Bacteria,p__Actinobacteria,c__Actinobacteria,o__Propionibacteriales,f__Propionibacteriaceae,g__Propioniciclava,s__uncultured_bacterium_g__Propioniciclava,OTU2244,16,2.0E-5,29.411764705882%
d__Bacteria,k__norank_d__Bacteria,p__Firmicutes,c__Clostridia,o__Clostridiales,f__Ruminococcaceae,g__Faecalibacterium,s__metagenome_g__Faecalibacterium,OTU2593,22,3.0E-5,41.176470588235%
d__Bacteria,k__norank_d__Bacteria,p__Chloroflexi,c__Anaerolineae,o__Anaerolineales,f__Anaerolineaceae,g__Leptolinea,s__unclassified_g__Leptolinea,OTU2496,13,2.0E-5,29.411764705882%
d__Bacteria,k__norank_d__Bacteria,p__Proteobacteria,c__Gammaproteobacteria,o__Betaproteobacteriales,f__Hydrogenophilaceae,g__unclassified_f__Hydrogenophilaceae,s__unclassified_f__Hydrogenophilaceae,OTU2570,3114,0.00431,47.058823529412%
d__Bacteria,k__norank_d__Bacteria,p__Actinobacteria,c__Actinobacteria,o__Microtrichales,f__Microtrichaceae,g__norank_f__Microtrichaceae,s__unclassified_g__norank_f__Microtrichaceae,OTU2499,39,5.0E-5,47.058823529412%
d__Bacteria,k__norank_d__Bacteria,p__BRC1,c__norank_p__BRC1,o__norank_p__BRC1,f__norank_p__BRC1,g__norank_p__BRC1,s__uncultured_bacterium_g__norank_p__BRC1,OTU2076,5,6.91934e-6,23.529411764706%
d__Bacteria,k__norank_d__Bacteria,p__Chlamydiae,c__Chlamydiae,o__Chlamydiales,f__cvE6,g__norank_f__cvE6,s__unclassified_g__norank_f__cvE6,OTU2419,851,0.00118,88.235294117647%
d__Bacteria,k__norank_d__Bacteria,p__Proteobacteria,c__Alphaproteobacteria,o__Rhizobiales,f__Devosiaceae,g__Devosia,s__metagenome_g__Devosia,OTU2604,596,0.00082,100%
d__Bacteria,k__norank_d__Bacteria,p__Acidobacteria,c__Acidobacteriia,o__Solibacterales,f__Solibacteraceae_Subgroup_3,g__unclassified_f__Solibacteraceae_Subgroup_3,s__unclassified_f__Solibacteraceae_Subgroup_3,OTU2327,49,7.0E-5,58.823529411765%
d__Bacteria,k__norank_d__Bacteria,p__Bacteroidetes,c__Bacteroidia,o__Bacteroidales,f__Bacteroidaceae,g__Bacteroides,s__Bacteroides_vulgatus,OTU2078,8,1.0E-5,41.176470588235%
d__Bacteria,k__norank_d__Bacteria,p__Proteobacteria,c__Deltaproteobacteria,o__Desulfuromonadales,f__Geobacteraceae,g__Geobacter,s__unclassified_g__Geobacter,OTU2952,12,2.0E-5,35.294117647059%
d__Bacteria,k__norank_d__Bacteria,p__Proteobacteria,c__Deltaproteobacteria,o__Syntrophobacterales,f__Syntrophaceae,g__norank_f__Syntrophaceae,s__unclassified_g__norank_f__Syntrophaceae,OTU2720,129,0.00018,64.705882352941%
d__Bacteria,k__norank_d__Bacteria,p__Proteobacteria,c__Alphaproteobacteria,o__Rhodospirillales,f__Rhodopirillaceae,g__Defluviicoccus,s__uncultured_alpha_proteobacterium_g__Defluviicoccus,OTU2126,3,4.15161e-6,17.647058823529%
d__Bacteria,k__norank_d__Bacteria,p__Actinobacteria,c__Actinobacteria,o__Corynebacteriales,f__Corynebacteriaceae,g__Corynebacterium_1,s__Corynebacterium_xerosis,OTU2218,8,1.0E-5,23.529411764706%
d__Bacteria,k__norank_d__Bacteria,p__Firmicutes,c__Clostridia,o__Clostridiales,f__Ruminococcaceae,g__Ruminococcus_1,s__unclassified_g__Ruminococcus_1,OTU2247,5,6.91934e-6,23.529411764706%
d__Bacteria,k__norank_d__Bacteria,p__Proteobacteria,c__Gammaproteobacteria,o__Betaproteobacteriales,f__SC-I-84,g__norank_f__SC-I-84,s__uncultured_bacterium_g__norank_f__SC-I-84,OTU2601,1934,0.00268,64.705882352941%
d__Bacteria,k__norank_d__Bacteria,p__Planctomycetes,c__Phycisphaerae,o__Phycisphaerales,f__Phycisphaeraceae,g__SM1A02,s__uncultured_planctomycete_g__SM1A02,OTU2329,47,7.0E-5,47.058823529412%
d__Bacteria,k__norank_d__Bacteria,p__Bacteroidetes,c__Bacteroidia,o__Sphingobacteriales,f__env.OPS_17,g__norank_f__env.OPS_17,s__metagenome_g__norank_f__env.OPS_17,OTU2115,5,6.91934e-6,23.529411764706%
d__Bacteria,k__norank_d__Bacteria,p__Patescibacteria,c__WWE3,o__norank_c__WWE3,f__norank_c__WWE3,g__norank_c__WWE3,s__uncultured_candidate_division_WWE3_bacterium,OTU2576,10,1.0E-5,29.411764705882%
d__Bacteria,k__norank_d__Bacteria,p__Patescibacteria,c__Microgenomatia,o__Candidatus_Levybacteria,f__norank_o__Candidatus_Levybacteria,g__norank_o__Candidatus_Levybacteria,s__uncultured_bacterium_g__norank_o__Candidatus_Levybacteria,OTU2504,7,9.68708e-6,17.647058823529%
d__Bacteria,k__norank_d__Bacteria,p__Planctomycetes,c__OM190,o__norank_c__OM190,f__norank_c__OM190,g__norank_c__OM190,s__metagenome_g__norank_c__OM190,OTU2452,5,6.91934e-6,17.647058823529%
d__Bacteria,k__norank_d__Bacteria,p__Proteobacteria,c__Deltaproteobacteria,o__unclassified_c__Deltaproteobacteria,f__unclassified_c__Deltaproteobacteria,g__unclassified_c__Deltaproteobacteria,s__unclassified_c__Deltaproteobacteria,OTU2088,5,6.91934e-6,29.411764705882%
d__Bacteria,k__norank_d__Bacteria,p__Firmicutes,c__Clostridia,o__Clostridiales,f__Ruminococcaceae,g__Subdoligranulum,s__uncultured_bacterium_g__Subdoligranulum,OTU2500,31,4.0E-5,47.058823529412%
d__Bacteria,k__norank_d__Bacteria,p__Armatimonadetes,c__Fimbriimonadia,o__Fimbriimonadales,f__Fimbriimonadaceae,g__norank_f__Fimbriimonadaceae,s__uncultured_bacterium_g__norank_f__Fimbriimonadaceae,OTU2607,413,0.00057,58.823529411765%
d__Bacteria,k__norank_d__Bacteria,p__Proteobacteria,c__Deltaproteobacteria,o__Myxococcales,f__mle1-27,g__norank_f__mle1-27,s__uncultured_bacterium_mle1-27,OTU2723,205,0.00028,47.058823529412%
d__Bacteria,k__norank_d__Bacteria,p__Proteobacteria,c__Deltaproteobacteria,o__SAR324_cladeMarine_group_B,f__norank_o__SAR324_cladeMarine_group_B,g__norank_o__SAR324_cladeMarine_group_B,s__unclassified_g__norank_o__SAR324_cladeMarine_group_B,OTU2091,17,2.0E-5,41.176470588235%
d__Bacteria,k__norank_d__Bacteria,p__Proteobacteria,c__Gammaproteobacteria,o__Legionellales,f__Legionellaceae,g__Legionella,s__uncultured_bacterium_g__Legionella,OTU2975,8,1.0E-5,29.411764705882%
d__Bacteria,k__norank_d__Bacteria,p__Proteobacteria,c__Deltaproteobacteria,o__Syntrophobacterales,f__Syntrophaceae,g__norank_f__Syntrophaceae,s__unclassified_g__norank_f__Syntrophaceae,OTU2257,10,1.0E-5,47.058823529412%
d__Bacteria,k__norank_d__Bacteria,p__Firmicutes,c__Clostridia,o__Clostridiales,f__Syntrophomonadaceae,g__Syntrophomonas,s__uncultured_bacterium_g__Syntrophomonas,OTU2252,17,2.0E-5,41.176470588235%
d__Bacteria,k__norank_d__Bacteria,p__Chloroflexi,c__Anaerolineae,o__SBR1031,f__A4b,g__norank_f__A4b,s__unclassified_g__norank_f__A4b,OTU2595,2697,0.00373,82.352941176471%
d__Bacteria,k__norank_d__Bacteria,p__Bacteroidetes,c__Bacteroidia,o__Sphingobacteriales,f__env.OPS_17,g__norank_f__env.OPS_17,s__unclassified_g__norank_f__env.OPS_17,OTU2127,8,1.0E-5,35.294117647059%
d__Bacteria,k__norank_d__Bacteria,p__Chloroflexi,c__TK10,o__norank_c__TK10,f__norank_c__TK10,g__norank_c__TK10,s__metagenome_g__norank_c__TK10,OTU2460,168,0.00023,94.117647058824%
d__Bacteria,k__norank_d__Bacteria,p__Proteobacteria,c__Gammaproteobacteria,o__Acidiferrobacterales,f__Acidiferrobacteraceae,g__Sulfurifustis,s__unclassified_g__Sulfurifustis,OTU2629,5,6.91934e-6,23.529411764706%
d__Bacteria,k__norank_d__Bacteria,p__Acidobacteria,c__Blastocatellia_Subgroup_4,o__Blastocatellales,f__Blastocatellaceae,g__unclassified_f__Blastocatellaceae,s__unclassified_f__Blastocatellaceae,OTU2103,226,0.00031,52.941176470588%
d__Bacteria,k__norank_d__Bacteria,p__Bacteroidetes,c__Bacteroidia,o__Bacteroidales,f__Bacteroidaceae,g__Bacteroides,s__Bacteroides_eggerthii,OTU2132,2,2.76774e-6,5.8823529411765%
d__Bacteria,k__norank_d__Bacteria,p__Planctomycetes,c__Phycisphaerae,o__Phycisphaerales,f__Phycisphaeraceae,g__SM1A02,s__uncultured_bacterium_g__SM1A02,OTU2515,79,0.00011,47.058823529412%
d__Bacteria,k__norank_d__Bacteria,p__Proteobacteria,c__Deltaproteobacteria,o__Oligoflexales,f__0319-6G20,g__norank_f__0319-6G20,s__uncultured_bacterium_g__norank_f__0319-6G20,OTU2724,30,4.0E-5,52.941176470588%
d__Bacteria,k__norank_d__Bacteria,p__Proteobacteria,c__Gammaproteobacteria,o__Legionellales,f__Legionellaceae,g__Legionella,s__uncultured_bacterium_g__Legionella,OTU2611,3,4.15161e-6,17.647058823529%
d__Bacteria,k__norank_d__Bacteria,p__Chloroflexi,c__Anaerolineae,o__Ardenticatenales,f__norank_o__Ardenticatenales,g__norank_o__Ardenticatenales,s__uncultured_bacterium_g__norank_o__Ardenticatenales,OTU2508,34,5.0E-5,47.058823529412%
d__Bacteria,k__norank_d__Bacteria,p__Firmicutes,c__Negativicutes,o__Selenomonadales,f__Acidaminococcaceae,g__Phascolarctobacterium,s__unclassified_g__Phascolarctobacterium,OTU2094,11,2.0E-5,35.294117647059%
d__Bacteria,k__norank_d__Bacteria,p__Firmicutes,c__Clostridia,o__Clostridiales,f__Ruminococcaceae,g__Ruminococcus_2,s__uncultured_bacterium_g__Ruminococcus_2,OTU3015,181,0.00025,47.058823529412%
d__Bacteria,k__norank_d__Bacteria,p__Caldiserica,c__Caldisericia,o__Caldisericales,f__LF045,g__norank_f__LF045,s__metagenome_g__norank_f__LF045,OTU2260,7,9.68708e-6,29.411764705882%
d__Bacteria,k__norank_d__Bacteria,p__Planctomycetes,c__Planctomycetacia,o__Gemmatales,f__Gemmataceae,g__norank_f__Gemmataceae,s__uncultured_bacterium_g__norank_f__Gemmataceae,OTU2273,8,1.0E-5,11.764705882353%
d__Bacteria,k__norank_d__Bacteria,p__Firmicutes,c__Negativicutes,o__Selenomonadales,f__Veillonellaceae,g__norank_f__Veillonellaceae,s__uncultured_bacterium_SJA-29,OTU2142,18,2.0E-5,47.058823529412%
d__Bacteria,k__norank_d__Bacteria,p__Firmicutes,c__Clostridia,o__Clostridiales,f__Ruminococcaceae,g__unclassified_f__Ruminococcaceae,s__unclassified_f__Ruminococcaceae,OTU2491,2,2.76774e-6,11.764705882353%
d__Bacteria,k__norank_d__Bacteria,p__Bacteroidetes,c__Bacteroidia,o__Bacteroidales,f__Bacteroidetes_vadinHA17,g__norank_f__Bacteroidetes_vadinHA17,s__uncultured_bacterium_g__norank_f__Bacteroidetes_vadinHA17,OTU2630,2,2.76774e-6,11.764705882353%
d__Bacteria,k__norank_d__Bacteria,p__Verrucomicrobia,c__Verrucomicrobiae,o__Chthoniobacterales,f__Chthoniobacteraceae,g__Chthoniobacter,s__uncultured_bacterium_g__Chthoniobacter,OTU2331,6,8.30321e-6,23.529411764706%
d__Bacteria,k__norank_d__Bacteria,p__Planctomycetes,c__Phycisphaerae,o__Phycisphaerales,f__Phycisphaeraceae,g__SM1A02,s__metagenome_g__SM1A02,OTU2520,16,2.0E-5,41.176470588235%
d__Bacteria,k__norank_d__Bacteria,p__Actinobacteria,c__Actinobacteria,o__Gaiellales,f__norank_o__Gaiellales,g__norank_o__Gaiellales,s__uncultured_organism_g__norank_o__Gaiellales,OTU2121,59,8.0E-5,70.588235294118%
d__Bacteria,k__norank_d__Bacteria,p__Omnitrophicaeota,c__norank_p__Omnitrophicaeota,o__norank_p__Omnitrophicaeota,f__norank_p__Omnitrophicaeota,g__norank_p__Omnitrophicaeota,s__unclassified_g__norank_p__Omnitrophicaeota,OTU2597,5,6.91934e-6,23.529411764706%
d__Bacteria,k__norank_d__Bacteria,p__Proteobacteria,c__Deltaproteobacteria,o__Bdellovibrionales,f__Bdellovibrionaceae,g__Bdellovibrio,s__uncultured_bacterium_g__Bdellovibrio,OTU2644,2,2.76774e-6,11.764705882353%
d__Bacteria,k__norank_d__Bacteria,p__Firmicutes,c__Negativicutes,o__Selenomonadales,f__Acidaminococcaceae,g__Succiniclasticum,s__uncultured_bacterium_g__Succiniclasticum,OTU2134,59,8.0E-5,41.176470588235%
d__Bacteria,k__norank_d__Bacteria,p__Planctomycetes,c__Phycisphaerae,o__Phycisphaerales,f__Phycisphaeraceae,g__CL500-3,s__uncultured_bacterium_g__CL500-3,OTU2119,5,6.91934e-6,23.529411764706%
d__Bacteria,k__norank_d__Bacteria,p__Proteobacteria,c__Gammaproteobacteria,o__Betaproteobacteriales,f__SC-I-84,g__norank_f__SC-I-84,s__uncultured_Burkholderia_sp._g__norank,OTU3060,88,0.00012,64.705882352941%
d__Bacteria,k__norank_d__Bacteria,p__Cyanobacteria,c__Sericytochromatia,o__norank_c__Sericytochromatia,f__norank_c__Sericytochromatia,g__norank_c__Sericytochromatia,s__uncultured_Desulfuromonadaceae_bacterium_g__norank,OTU2767,4,5.53547e-6,17.647058823529%
d__Bacteria,k__norank_d__Bacteria,p__Firmicutes,c__Clostridia,o__Clostridiales,f__Ruminococcaceae,g__Ruminococcus_1,s__metagenome_g__Ruminococcus_1,OTU2516,14,2.0E-5,41.176470588235%
d__Bacteria,k__norank_d__Bacteria,p__Proteobacteria,c__Alphaproteobacteria,o__Rickettsiales,f__SM1B06,g__norank_f__SM1B06,s__uncultured_bacterium_g__norank_f__SM1B06,OTU2502,69,0.0001,47.058823529412%
d__Bacteria,k__norank_d__Bacteria,p__Chloroflexi,c__Anaerolineae,o__Anaerolineales,f__Anaerolineaceae,g__Longilinea,s__unclassified_g__Longilinea,OTU2269,62,9.0E-5,47.058823529412%
d__Bacteria,k__norank_d__Bacteria,p__Proteobacteria,c__Deltaproteobacteria,o__Myxococcales,f__Haliangiaceae,g__Haliangium,s__metagenome_g__Haliangium,OTU2634,344,0.00048,47.058823529412%
d__Bacteria,k__norank_d__Bacteria,p__WPS-2,c__norank_p__WPS-2,o__norank_p__WPS-2,f__norank_p__WPS-2,g__norank_p__WPS-2,s__metagenome_g__norank_p__WPS-2,OTU2168,80,0.00011,82.352941176471%
d__Bacteria,k__norank_d__Bacteria,p__Chloroflexi,c__Chloroflexia,o__Thermomicrobiales,f__Thermomicrobiaceae,g__Sphaerobacter,s__uncultured_bacterium_g__Sphaerobacter,OTU2277,50,7.0E-5,47.058823529412%
d__Bacteria,k__norank_d__Bacteria,p__Actinobacteria,c__Actinobacteria,o__Microtrichales,f__Ilumatobacteraceae,g__CL500-29_marine_group,s__unclassified_g__CL500-29_marine_group,OTU2336,390,0.00054,64.705882352941%
d__Bacteria,k__norank_d__Bacteria,p__Proteobacteria,c__Alphaproteobacteria,o__Rhizobiales,f__Rhizobiales_Incertae_Sedis,g__norank_f__Rhizobiales_Incertae_Sedis,s__uncultured_bacterium_g__norank_f__Rhizobiales_Incertae_Sedis,OTU2526,1488,0.00206,94.117647058824%
d__Bacteria,k__norank_d__Bacteria,p__Planctomycetes,c__Phycisphaerae,o__Phycisphaerales,f__Phycisphaeraceae,g__SM1A02,s__uncultured_Planctomycetaceae_bacterium_g__SM1A02,OTU2125,13,2.0E-5,41.176470588235%
d__Bacteria,k__norank_d__Bacteria,p__Proteobacteria,c__Gammaproteobacteria,o__Coxiellales,f__Coxiellaceae,g__Coxiella,s__uncultured_bacterium_g__Coxiella,OTU2154,8,1.0E-5,35.294117647059%
d__Bacteria,k__norank_d__Bacteria,p__Proteobacteria,c__Deltaproteobacteria,o__Desulfarculales,f__Desulfarculaceae,g__norank_f__Desulfarculaceae,s__unclassified_g__norank_f__Desulfarculaceae,OTU2674,34,5.0E-5,47.058823529412%
d__Bacteria,k__norank_d__Bacteria,p__Chloroflexi,c__unclassified_p__Chloroflexi,o__unclassified_p__Chloroflexi,f__unclassified_p__Chloroflexi,g__unclassified_p__Chloroflexi,s__unclassified_p__Chloroflexi,OTU2775,16,2.0E-5,41.176470588235%
d__Bacteria,k__norank_d__Bacteria,p__Bacteroidetes,c__Bacteroidia,o__Chitinophagales,f__norank_o__Chitinophagales,g__norank_o__Chitinophagales,s__uncultured_bacterium_g__norank_o__Chitinophagales,OTU2654,105,0.00015,47.058823529412%
d__Bacteria,k__norank_d__Bacteria,p__Acidobacteria,c__Blastocatellia_Subgroup_4,o__11-24,f__norank_o__11-24,g__norank_o__11-24,s__uncultured_bacterium_g__norank_o__11-24,OTU3077,448,0.00062,82.352941176471%
d__Bacteria,k__norank_d__Bacteria,p__Chloroflexi,c__Chloroflexia,o__Thermomicrobiales,f__JG30-KF-CM45,g__norank_f__JG30-KF-CM45,s__uncultured_soil_bacterium_g__norank_f__JG30-KF-CM45,OTU2172,33,5.0E-5,41.176470588235%
d__Bacteria,k__norank_d__Bacteria,p__Bacteroidetes,c__Bacteroidia,o__Chitinophagales,f__Saprospiraceae,g__norank_f__Saprospiraceae,s__unclassified_g__norank_f__Saprospiraceae,OTU2510,3162,0.00438,64.705882352941%
d__Bacteria,k__norank_d__Bacteria,p__Proteobacteria,c__Deltaproteobacteria,o__Deltaproteobacteria_Incertae_Sedis,f__Syntrophorhabdaceae,g__Syntrophorhabdus,s__uncultured_bacterium_g__Syntrophorhabdus,OTU2291,12,2.0E-5,41.176470588235%
d__Bacteria,k__norank_d__Bacteria,p__Proteobacteria,c__Deltaproteobacteria,o__Myxococcales,f__Polyangiaceae,g__Pajaroellobacter,s__uncultured_bacterium_g__Pajaroellobacter,OTU2545,7,9.68708e-6,29.411764705882%
d__Bacteria,k__norank_d__Bacteria,p__Firmicutes,c__Clostridia,o__Clostridiales,f__Lachnospiraceae,g__Anaerostipes,s__Anaerostipes_hadrus_g__Anaerostipes,OTU2343,14,2.0E-5,41.176470588235%
d__Bacteria,k__norank_d__Bacteria,p__Proteobacteria,c__Alphaproteobacteria,o__Rickettsiales,f__Rickettsiaceae,g__Rickettsia,s__uncultured_bacterium_g__Rickettsia,OTU2552,7,9.68708e-6,29.411764705882%
d__Bacteria,k__norank_d__Bacteria,p__Planctomycetes,c__Planctomycetacia,o__Gemmatales,f__Gemmataceae,g__norank_f__Gemmataceae,s__uncultured_bacterium_g__norank_f__Gemmataceae,OTU2278,9,1.0E-5,23.529411764706%
d__Bacteria,k__norank_d__Bacteria,p__Bacteroidetes,c__Bacteroidia,o__Chitinophagales,f__norank_o__Chitinophagales,g__norank_o__Chitinophagales,s__uncultured_bacterium_g__norank_o__Chitinophagales,OTU2143,17,2.0E-5,47.058823529412%
d__Bacteria,k__norank_d__Bacteria,p__Proteobacteria,c__Alphaproteobacteria,o__Paracaedibacterales,f__Paracaedibacteraceae,g__Candidatus_Paracaedibacter,s__metagenome_g__Candidatus_Paracaedibacter,OTU2656,264,0.00037,94.117647058824%
d__Bacteria,k__norank_d__Bacteria,p__Patescibacteria,c__Parcubacteria,o__norank_c__Parcubacteria,f__norank_c__Parcubacteria,g__norank_c__Parcubacteria,s__uncultured_bacterium_g__norank_c__Parcubacteria,OTU2173,111,0.00015,47.058823529412%
d__Bacteria,k__norank_d__Bacteria,p__Proteobacteria,c__Alphaproteobacteria,o__Rhizobiales,f__unclassified_o__Rhizobiales,g__unclassified_o__Rhizobiales,s__unclassified_o__Rhizobiales,OTU2163,3,4.15161e-6,17.647058823529%
d__Bacteria,k__norank_d__Bacteria,p__Proteobacteria,c__Deltaproteobacteria,o__Oligoflexales,f__0319-6G20,g__norank_f__0319-6G20,s__unclassified_g__norank_f__0319-6G20,OTU2681,28,4.0E-5,64.705882352941%
d__Bacteria,k__norank_d__Bacteria,p__Bacteroidetes,c__Bacteroidia,o__Bacteroidales,f__Bacteroidetes_vadinHA17,g__norank_f__Bacteroidetes_vadinHA17,s__uncultured_bacterium_g__norank_f__Bacteroidetes_vadinHA17,OTU2780,143,0.0002,52.941176470588%
d__Bacteria,k__norank_d__Bacteria,p__Bacteroidetes,c__Bacteroidia,o__Chitinophagales,f__Chitinophagaceae,g__norank_f__Chitinophagaceae,s__uncultured_bacterium_g__norank_f__Chitinophagaceae,OTU2665,233,0.00032,47.058823529412%
d__Bacteria,k__norank_d__Bacteria,p__Firmicutes,c__Clostridia,o__Clostridiales,f__Clostridiaceae_1,g__Clostridium_sensu_stricto_3,s__Clostridiaceae_bacterium_g__Clostridium_sensu_stricto_3,OTU2373,24,3.0E-5,52.941176470588%
d__Bacteria,k__norank_d__Bacteria,p__Bacteroidetes,c__Bacteroidia,o__Bacteroidales,f__Prevotellaceae,g__Prevotella_9,s__unclassified_g__Prevotella_9,OTU2339,7,9.68708e-6,35.294117647059%
d__Bacteria,k__norank_d__Bacteria,p__Proteobacteria,c__Gammaproteobacteria,o__unclassified_c__Gammaproteobacteria,f__unclassified_c__Gammaproteobacteria,g__unclassified_c__Gammaproteobacteria,s__unclassified_c__Gammaproteobacteria,OTU2162,3,4.15161e-6,11.764705882353%
d__Bacteria,k__norank_d__Bacteria,p__Firmicutes,c__Clostridia,o__Clostridiales,f__Lachnospiraceae,g__Lachnospira,s__uncultured_bacterium_g__Lachnospira,OTU2518,19,3.0E-5,47.058823529412%
d__Bacteria,k__norank_d__Bacteria,p__Proteobacteria,c__Deltaproteobacteria,o__Myxococcales,f__Haliangiaceae,g__Haliangium,s__uncultured_bacterium_g__Haliangium,OTU2546,5,6.91934e-6,17.647058823529%
d__Bacteria,k__norank_d__Bacteria,p__Acidobacteria,c__Holophagae,o__Holophagales,f__Holophagaceae,g__norank_f__Holophagaceae,s__unclassified_g__norank_f__Holophagaceae,OTU3097,41,6.0E-5,47.058823529412%
d__Bacteria,k__norank_d__Bacteria,p__Bacteroidetes,c__Bacteroidia,o__Cytophagales,f__unclassified_o__Cytophagales,g__unclassified_o__Cytophagales,s__unclassified_o__Cytophagales,OTU2165,3,4.15161e-6,5.8823529411765%
d__Bacteria,k__norank_d__Bacteria,p__Acidobacteria,c__Subgroup_6,o__norank_c__Subgroup_6,f__norank_c__Subgroup_6,g__norank_c__Subgroup_6,s__unclassified_g__norank_c__Subgroup_6,OTU2190,1749,0.00242,100%
d__Bacteria,k__norank_d__Bacteria,p__Chlamydiae,c__Chlamydiae,o__Chlamydiales,f__Simkaniaceae,g__norank_f__Simkaniaceae,s__unclassified_g__norank_f__Simkaniaceae,OTU2558,3,4.15161e-6,17.647058823529%
d__Bacteria,k__norank_d__Bacteria,p__Dependentiae,c__Babeliae,o__Babeliales,f__UBA12409,g__norank_f__UBA12409,s__unclassified_g__norank_f__UBA12409,OTU2708,4,5.53547e-6,23.529411764706%
d__Bacteria,k__norank_d__Bacteria,p__Proteobacteria,c__Deltaproteobacteria,o__SAR324_cladeMarine_group_B,f__norank_o__SAR324_cladeMarine_group_B,g__norank_o__SAR324_cladeMarine_group_B,s__unclassified_g__norank_o__SAR324_cladeMarine_group_B,OTU2672,81,0.00011,47.058823529412%
d__Bacteria,k__norank_d__Bacteria,p__Acidobacteria,c__Subgroup_6,o__norank_c__Subgroup_6,f__norank_c__Subgroup_6,g__norank_c__Subgroup_6,s__unclassified_g__norank_c__Subgroup_6,OTU2815,322,0.00045,76.470588235294%
d__Bacteria,k__norank_d__Bacteria,p__Proteobacteria,c__Gammaproteobacteria,o__Methylococcales,f__Methylomonaceae,g__Methylosarcina,s__uncultured_bacterium_g__Methylosarcina,OTU2380,36,5.0E-5,47.058823529412%
d__Bacteria,k__norank_d__Bacteria,p__Acidobacteria,c__Subgroup_17,o__norank_c__Subgroup_17,f__norank_c__Subgroup_17,g__norank_c__Subgroup_17,s__unclassified_g__norank_c__Subgroup_17,OTU2195,435,0.0006,52.941176470588%
d__Bacteria,k__norank_d__Bacteria,p__Proteobacteria,c__Deltaproteobacteria,o__SAR324_cladeMarine_group_B,f__norank_o__SAR324_cladeMarine_group_B,g__norank_o__SAR324_cladeMarine_group_B,s__uncultured_bacterium_g__norank_o__SAR324_cladeMarine_group_B,OTU2335,53,7.0E-5,47.058823529412%
d__Bacteria,k__norank_d__Bacteria,p__Proteobacteria,c__Deltaproteobacteria,o__Bdellovibrionales,f__Bdellovibrionaceae,g__Bdellovibrio,s__metagenome_g__Bdellovibrio,OTU2341,9,1.0E-5,35.294117647059%
d__Bacteria,k__norank_d__Bacteria,p__Actinobacteria,c__Actinobacteria,o__IMCC26256,f__norank_o__IMCC26256,g__norank_o__IMCC26256,s__unclassified_g__norank_o__IMCC26256,OTU2180,41,6.0E-5,64.705882352941%
d__Bacteria,k__norank_d__Bacteria,p__Patescibacteria,c__Saccharimonadia,o__Saccharimonadales,f__norank_o__Saccharimonadales,g__norank_o__Saccharimonadales,s__uncultured_bacterium_g__norank_o__Saccharimonadales,OTU2524,7,9.68708e-6,29.411764705882%
d__Bacteria,k__norank_d__Bacteria,p__Acidobacteria,c__Thermoanaerobaculia,o__Thermoanaerobaculales,f__Thermoanaerobaculaceae,g__Subgroup_10,s__unclassified_g__Subgroup_10,OTU3107,4132,0.00572,47.058823529412%
d__Bacteria,k__norank_d__Bacteria,p__Actinobacteria,c__Actinobacteria,o__Gaiellales,f__norank_o__Gaiellales,g__norank_o__Gaiellales,s__uncultured_organism_g__norank_o__Gaiellales,OTU2678,5,6.91934e-6,23.529411764706%
d__Bacteria,k__norank_d__Bacteria,p__Chloroflexi,c__Anaerolineae,o__SJA-15,f__norank_o__SJA-15,g__norank_o__SJA-15,s__uncultured_bacterium_g__norank_o__SJA-15,OTU2560,6,8.30321e-6,23.529411764706%
d__Bacteria,k__norank_d__Bacteria,p__Proteobacteria,c__Deltaproteobacteria,o__Bdellovibrionales,f__Bdellovibrionaceae,g__Bdellovibrio,s__unclassified_g__Bdellovibrio,OTU2826,27,4.0E-5,35.294117647059%
d__Bacteria,k__norank_d__Bacteria,p__Firmicutes,c__Negativicutes,o__Selenomonadales,f__Acidaminococcaceae,g__Acidaminococcus,s__uncultured_organism_g__Acidaminococcus,OTU2193,4,5.53547e-6,17.647058823529%
d__Bacteria,k__norank_d__Bacteria,p__Proteobacteria,c__Gammaproteobacteria,o__Pseudomonadales,f__Moraxellaceae,g__Acinetobacter,s__Acinetobacter_lwoffii,OTU2187,64,9.0E-5,35.294117647059%
d__Bacteria,k__norank_d__Bacteria,p__Chloroflexi,c__KD4-96,o__norank_c__KD4-96,f__norank_c__KD4-96,g__norank_c__KD4-96,s__unclassified_g__norank_c__KD4-96,OTU2394,188,0.00026,76.470588235294%
d__Bacteria,k__norank_d__Bacteria,p__Chlamydiae,c__Chlamydiae,o__Chlamydiales,f__cvE6,g__norank_f__cvE6,s__metagenome_g__norank_f__cvE6,OTU2361,4,5.53547e-6,23.529411764706%
d__Bacteria,k__norank_d__Bacteria,p__Latescibacteria,c__Latescibacteria,o__norank_c__Latescibacteria,f__norank_c__Latescibacteria,g__norank_c__Latescibacteria,s__unclassified_g__norank_c__Latescibacteria,OTU2221,5,6.91934e-6,29.411764705882%
d__Bacteria,k__norank_d__Bacteria,p__Chloroflexi,c__Anaerolineae,o__Anaerolineales,f__Anaerolineaceae,g__norank_f__Anaerolineaceae,s__metagenome_g__norank_f__Anaerolineaceae,OTU2682,217,0.0003,47.058823529412%
d__Bacteria,k__norank_d__Bacteria,p__Patescibacteria,c__WS6_Dojkabacteria,o__norank_c__WS6_Dojkabacteria,f__norank_c__WS6_Dojkabacteria,g__norank_c__WS6_Dojkabacteria,s__uncultured_anaerobic_bacterium_g__norank_c__WS6_Dojkabacteria,OTU2529,38,5.0E-5,47.058823529412%
d__Bacteria,k__norank_d__Bacteria,p__Proteobacteria,c__Deltaproteobacteria,o__Oligoflexales,f__0319-6G20,g__norank_f__0319-6G20,s__unclassified_g__norank_f__0319-6G20,OTU2716,49,7.0E-5,47.058823529412%
d__Bacteria,k__norank_d__Bacteria,p__Proteobacteria,c__Gammaproteobacteria,o__Aeromonadales,f__Aeromonadaceae,g__Aeromonas,s__unclassified_g__Aeromonas,OTU3108,2,2.76774e-6,11.764705882353%
d__Bacteria,k__norank_d__Bacteria,p__Chloroflexi,c__OLB14,o__norank_c__OLB14,f__norank_c__OLB14,g__norank_c__OLB14,s__unclassified_g__norank_c__OLB14,OTU2182,531,0.00073,52.941176470588%
d__Bacteria,k__norank_d__Bacteria,p__Proteobacteria,c__Alphaproteobacteria,o__Rickettsiales,f__unclassified_o__Rickettsiales,g__unclassified_o__Rickettsiales,s__unclassified_o__Rickettsiales,OTU2680,6,8.30321e-6,17.647058823529%
d__Bacteria,k__norank_d__Bacteria,p__Bacteroidetes,c__Bacteroidia,o__Bacteroidales,f__Bacteroidaceae,g__Bacteroides,s__Bacteroides_uniformis,OTU2561,4,5.53547e-6,17.647058823529%
d__Bacteria,k__norank_d__Bacteria,p__Proteobacteria,c__Deltaproteobacteria,o__Oligoflexales,f__0319-6G20,g__norank_f__0319-6G20,s__unclassified_g__norank_f__0319-6G20,OTU2828,4,5.53547e-6,17.647058823529%
d__Bacteria,k__norank_d__Bacteria,p__Chloroflexi,c__KD4-96,o__norank_c__KD4-96,f__norank_c__KD4-96,g__norank_c__KD4-96,s__metagenome_g__norank_c__KD4-96,OTU2378,987,0.00137,100%
d__Bacteria,k__norank_d__Bacteria,p__Spirochaetes,c__Leptospirae,o__Leptospirales,f__Leptospiraceae,g__unclassified_f__Leptospiraceae,s__unclassified_f__Leptospiraceae,OTU2270,23,3.0E-5,41.176470588235%
d__Bacteria,k__norank_d__Bacteria,p__Planctomycetes,c__OM190,o__norank_c__OM190,f__norank_c__OM190,g__norank_c__OM190,s__metagenome_g__norank_c__OM190,OTU2198,33,5.0E-5,47.058823529412%
d__Bacteria,k__norank_d__Bacteria,p__Proteobacteria,c__Deltaproteobacteria,o__Desulfarculales,f__Desulfarculaceae,g__norank_f__Desulfarculaceae,s__uncultured_Desulfuromonadales_bacterium_g__norank_f__Desulfarculaceae,OTU2722,1501,0.00208,100%
d__Bacteria,k__norank_d__Bacteria,p__Acidobacteria,c__Acidobacteriia,o__Solibacterales,f__Solibacteraceae_Subgroup_3,g__Bryobacter,s__metagenome_g__Bryobacter,OTU2411,90,0.00012,82.352941176471%
d__Bacteria,k__norank_d__Bacteria,p__Proteobacteria,c__Alphaproteobacteria,o__Rhizobiales,f__Hyphomicrobiaceae,g__Hyphomicrobium,s__uncultured_Hyphomicrobiaceae_bacterium_g__Hyphomicrobium,OTU2340,1385,0.00192,100%
d__Bacteria,k__norank_d__Bacteria,p__Chlamydiae,c__Chlamydiae,o__Chlamydiales,f__Parachlamydiaceae,g__Neochlamydia,s__uncultured_Chlamydiales_bacterium_g__Neochlamydia,OTU3167,97,0.00013,47.058823529412%
d__Bacteria,k__norank_d__Bacteria,p__Patescibacteria,c__Parcubacteria,o__Candidatus_Moranbacteria,f__norank_o__Candidatus_Moranbacteria,g__norank_o__Candidatus_Moranbacteria,s__unclassified_g__norank_o__Candidatus_Moranbacteria,OTU2559,4,5.53547e-6,11.764705882353%
d__Bacteria,k__norank_d__Bacteria,p__Actinobacteria,c__Actinobacteria,o__Gaiellales,f__norank_o__Gaiellales,g__norank_o__Gaiellales,s__metagenome_g__norank_o__Gaiellales,OTU2533,96,0.00013,58.823529411765%
d__Bacteria,k__norank_d__Bacteria,p__Elusimicrobia,c__Elusimicrobia,o__norank_c__Elusimicrobia,f__norank_c__Elusimicrobia,g__norank_c__Elusimicrobia,s__uncultured_bacterium_g__norank_c__Elusimicrobia,OTU2191,8,1.0E-5,35.294117647059%
d__Bacteria,k__norank_d__Bacteria,p__Actinobacteria,c__Actinobacteria,o__Frankiales,f__Nakamurellaceae,g__Nakamurella,s__Nakamurella_multipartita_DSM_44233,OTU2213,15,2.0E-5,47.058823529412%
d__Bacteria,k__norank_d__Bacteria,p__Chlamydiae,c__Chlamydiae,o__Chlamydiales,f__Simkaniaceae,g__norank_f__Simkaniaceae,s__uncultured_bacterium_g__norank_f__Simkaniaceae,OTU2701,4,5.53547e-6,23.529411764706%
d__Bacteria,k__norank_d__Bacteria,p__Chloroflexi,c__Anaerolineae,o__Anaerolineales,f__Anaerolineaceae,g__norank_f__Anaerolineaceae,s__uncultured_Chloroflexi_bacterium_g__norank_f__Anaerolineaceae,OTU2579,17,2.0E-5,47.058823529412%
d__Bacteria,k__norank_d__Bacteria,p__Proteobacteria,c__Deltaproteobacteria,o__Desulfobacterales,f__Desulfobulbaceae,g__Desulfobulbus,s__uncultured_Desulfobulbus_sp._g__Desulfobulbus,OTU2686,31,4.0E-5,58.823529411765%
d__Bacteria,k__norank_d__Bacteria,p__Proteobacteria,c__Deltaproteobacteria,o__PB19,f__norank_o__PB19,g__norank_o__PB19,s__uncultured_delta_proteobacterium_g__norank_o__PB19,OTU2835,4,5.53547e-6,17.647058823529%
d__Bacteria,k__norank_d__Bacteria,p__Proteobacteria,c__Deltaproteobacteria,o__NKB15,f__norank_o__NKB15,g__norank_o__NKB15,s__uncultured_bacterium_g__norank_o__NKB15,OTU2284,2,2.76774e-6,11.764705882353%
d__Bacteria,k__norank_d__Bacteria,p__Dependentiae,c__Babeliae,o__Babeliales,f__unclassified_o__Babeliales,g__unclassified_o__Babeliales,s__unclassified_o__Babeliales,OTU2392,3,4.15161e-6,17.647058823529%
d__Bacteria,k__norank_d__Bacteria,p__Planctomycetes,c__BD7-11,o__norank_c__BD7-11,f__norank_c__BD7-11,g__norank_c__BD7-11,s__uncultured_bacterium_g__norank_c__BD7-11,OTU2203,19,3.0E-5,58.823529411765%
d__Bacteria,k__norank_d__Bacteria,p__Planctomycetes,c__Phycisphaerae,o__Phycisphaerales,f__Phycisphaeraceae,g__SM1A02,s__unclassified_g__SM1A02,OTU2354,2,2.76774e-6,11.764705882353%
d__Bacteria,k__norank_d__Bacteria,p__Acidobacteria,c__Thermoanaerobaculia,o__Thermoanaerobaculales,f__Thermoanaerobaculaceae,g__Subgroup_10,s__uncultured_prokaryote_g__Subgroup_10,OTU2555,361,0.0005,47.058823529412%
d__Bacteria,k__norank_d__Bacteria,p__Bacteroidetes,c__Bacteroidia,o__Chitinophagales,f__Chitinophagaceae,g__Cnuella,s__uncultured_bacterium_g__Cnuella,OTU2259,4,5.53547e-6,17.647058823529%
d__Bacteria,k__norank_d__Bacteria,p__Proteobacteria,c__Deltaproteobacteria,o__Bdellovibrionales,f__Bdellovibrionaceae,g__Bdellovibrio,s__uncultured_bacterium_g__Bdellovibrio,OTU2731,132,0.00018,52.941176470588%
d__Bacteria,k__norank_d__Bacteria,p__Armatimonadetes,c__Chthonomonadetes,o__Chthonomonadales,f__norank_o__Chthonomonadales,g__norank_o__Chthonomonadales,s__uncultured_bacterium_g__norank_o__Chthonomonadales,OTU2214,19,3.0E-5,47.058823529412%
d__Bacteria,k__norank_d__Bacteria,p__Proteobacteria,c__Gammaproteobacteria,o__unclassified_c__Gammaproteobacteria,f__unclassified_c__Gammaproteobacteria,g__unclassified_c__Gammaproteobacteria,s__unclassified_c__Gammaproteobacteria,OTU3170,18,2.0E-5,41.176470588235%
d__Bacteria,k__norank_d__Bacteria,p__Patescibacteria,c__Microgenomatia,o__Candidatus_Woesebacteria,f__norank_o__Candidatus_Woesebacteria,g__norank_o__Candidatus_Woesebacteria,s__unclassified_g__norank_o__Candidatus_Woesebacteria,OTU2573,105,0.00015,47.058823529412%
d__Bacteria,k__norank_d__Bacteria,p__Patescibacteria,c__Saccharimonadia,o__Saccharimonadales,f__norank_o__Saccharimonadales,g__norank_o__Saccharimonadales,s__uncultured_bacterium_g__norank_o__Saccharimonadales,OTU2603,94,0.00013,47.058823529412%
d__Bacteria,k__norank_d__Bacteria,p__Acidobacteria,c__Blastocatellia_Subgroup_4,o__DS-100,f__norank_o__DS-100,g__norank_o__DS-100,s__uncultured_bacterium_g__norank_o__DS-100,OTU2302,3238,0.00448,52.941176470588%
d__Bacteria,k__norank_d__Bacteria,p__Proteobacteria,c__Alphaproteobacteria,o__Paracaedibacterales,f__Paracaedibacteraceae,g__Candidatus_Finniella,s__unclassified_g__Candidatus_Finniella,OTU2705,5,6.91934e-6,29.411764705882%
d__Bacteria,k__norank_d__Bacteria,p__Planctomycetes,c__OM190,o__norank_c__OM190,f__norank_c__OM190,g__norank_c__OM190,s__metagenome_g__norank_c__OM190,OTU2844,59,8.0E-5,47.058823529412%
d__Bacteria,k__norank_d__Bacteria,p__Firmicutes,c__Clostridia,o__Clostridiales,f__Family_XIII,g__Family_XIII_AD3011_group,s__uncultured_bacterium_g__Family_XIII_AD3011_group,OTU2230,5,6.91934e-6,17.647058823529%
d__Bacteria,k__norank_d__Bacteria,p__Proteobacteria,c__Deltaproteobacteria,o__Oligoflexales,f__0319-6G20,g__norank_f__0319-6G20,s__unclassified_g__norank_f__0319-6G20,OTU2702,30,4.0E-5,52.941176470588%
d__Bacteria,k__norank_d__Bacteria,p__Acidobacteria,c__Acidobacteriia,o__Solibacterales,f__Solibacteraceae_Subgroup_3,g__Bryobacter,s__unclassified_g__Bryobacter,OTU2441,141,0.0002,70.588235294118%
d__Bacteria,k__norank_d__Bacteria,p__Proteobacteria,c__Alphaproteobacteria,o__Rhodobacterales,f__Rhodobacteraceae,g__Defluviimonas,s__unclassified_g__Defluviimonas,OTU2416,112,0.00015,88.235294117647%
d__Bacteria,k__norank_d__Bacteria,p__Chloroflexi,c__Anaerolineae,o__Anaerolineales,f__Anaerolineaceae,g__Longilinea,s__uncultured_bacterium_g__Longilinea,OTU2358,2,2.76774e-6,11.764705882353%
d__Bacteria,k__norank_d__Bacteria,p__Proteobacteria,c__Gammaproteobacteria,o__Betaproteobacteriales,f__Rhodocyclaceae,g__Azovibrio,s__uncultured_bacterium_g__Azovibrio,OTU2575,4,5.53547e-6,17.647058823529%
d__Bacteria,k__norank_d__Bacteria,p__Firmicutes,c__Negativicutes,o__Selenomonadales,f__Veillonellaceae,g__Dialister,s__Dialister_invisus_DSM_15470,OTU2268,4,5.53547e-6,17.647058823529%
d__Bacteria,k__norank_d__Bacteria,p__unclassified_k__norank_d__Bacteria,c__unclassified_k__norank_d__Bacteria,o__unclassified_k__norank_d__Bacteria,f__unclassified_k__norank_d__Bacteria,g__unclassified_k__norank_d__Bacteria,s__unclassified_k__norank_d__Bacteria,OTU2741,25,3.0E-5,47.058823529412%
d__Bacteria,k__norank_d__Bacteria,p__Patescibacteria,c__Saccharimonadia,o__Saccharimonadales,f__norank_o__Saccharimonadales,g__norank_o__Saccharimonadales,s__unclassified_g__norank_o__Saccharimonadales,OTU2220,630,0.00087,47.058823529412%
d__Bacteria,k__norank_d__Bacteria,p__Chloroflexi,c__Anaerolineae,o__RBG-13-54-9,f__norank_o__RBG-13-54-9,g__norank_o__RBG-13-54-9,s__unclassified_g__norank_o__RBG-13-54-9,OTU2638,10,1.0E-5,35.294117647059%
d__Bacteria,k__norank_d__Bacteria,p__Proteobacteria,c__Deltaproteobacteria,o__Bdellovibrionales,f__Bdellovibrionaceae,g__Bdellovibrio,s__uncultured_bacterium_g__Bdellovibrio,OTU2749,48,7.0E-5,47.058823529412%
d__Bacteria,k__norank_d__Bacteria,p__Patescibacteria,c__Saccharimonadia,o__Saccharimonadales,f__norank_o__Saccharimonadales,g__norank_o__Saccharimonadales,s__uncultured_bacterium_g__norank_o__Saccharimonadales,OTU2476,106,0.00015,70.588235294118%
d__Bacteria,k__norank_d__Bacteria,p__Firmicutes,c__Clostridia,o__Clostridiales,f__Lachnospiraceae,g__Sellimonas,s__uncultured_bacterium_g__Sellimonas,OTU2648,5,6.91934e-6,23.529411764706%
d__Bacteria,k__norank_d__Bacteria,p__Proteobacteria,c__Gammaproteobacteria,o__Methylococcales,f__Methylococcaceae,g__Methylocaldum,s__uncultured_bacterium_g__Methylocaldum,OTU2882,6,8.30321e-6,17.647058823529%
d__Bacteria,k__norank_d__Bacteria,p__Proteobacteria,c__Gammaproteobacteria,o__Betaproteobacteriales,f__Rhodocyclaceae,g__Zoogloea,s__uncultured_bacterium_g__Zoogloea,OTU3172,18,2.0E-5,35.294117647059%
d__Bacteria,k__norank_d__Bacteria,p__Dependentiae,c__Babeliae,o__Babeliales,f__unclassified_o__Babeliales,g__unclassified_o__Babeliales,s__unclassified_o__Babeliales,OTU2363,2,2.76774e-6,11.764705882353%
d__Bacteria,k__norank_d__Bacteria,p__Proteobacteria,c__Gammaproteobacteria,o__Diplorickettsiales,f__Diplorickettsiaceae,g__Aquicella,s__unclassified_g__Aquicella,OTU2785,58,8.0E-5,52.941176470588%
d__Bacteria,k__norank_d__Bacteria,p__Patescibacteria,c__Parcubacteria,o__norank_c__Parcubacteria,f__norank_c__Parcubacteria,g__norank_c__Parcubacteria,s__uncultured_bacterium_g__norank_c__Parcubacteria,OTU2792,5,6.91934e-6,17.647058823529%
d__Bacteria,k__norank_d__Bacteria,p__Nitrospirae,c__Thermodesulfovibrionia,o__norank_c__Thermodesulfovibrionia,f__norank_c__Thermodesulfovibrionia,g__norank_c__Thermodesulfovibrionia,s__uncultured_Nitrospirae_bacterium_g__norank_c__Thermodesulfovibrionia,OTU2375,7,9.68708e-6,35.294117647059%
d__Bacteria,k__norank_d__Bacteria,p__Patescibacteria,c__Berkelbacteria,o__norank_c__Berkelbacteria,f__norank_c__Berkelbacteria,g__norank_c__Berkelbacteria,s__uncultured_bacterium_g__norank_c__Berkelbacteria,OTU2379,169,0.00023,52.941176470588%
d__Bacteria,k__norank_d__Bacteria,p__Elusimicrobia,c__Elusimicrobia,o__norank_c__Elusimicrobia,f__norank_c__Elusimicrobia,g__norank_c__Elusimicrobia,s__unclassified_g__norank_c__Elusimicrobia,OTU2251,3,4.15161e-6,17.647058823529%
d__Bacteria,k__norank_d__Bacteria,p__Patescibacteria,c__Parcubacteria,o__Candidatus_Kaiserbacteria,f__norank_o__Candidatus_Kaiserbacteria,g__norank_o__Candidatus_Kaiserbacteria,s__uncultured_bacterium_g__norank_o__Candidatus_Kaiserbacteria,OTU2641,4,5.53547e-6,23.529411764706%
d__Bacteria,k__norank_d__Bacteria,p__Planctomycetes,c__OM190,o__norank_c__OM190,f__norank_c__OM190,g__norank_c__OM190,s__metagenome_g__norank_c__OM190,OTU2454,86,0.00012,58.823529411765%
d__Bacteria,k__norank_d__Bacteria,p__Proteobacteria,c__Gammaproteobacteria,o__Methylococcales,f__Methylococcaceae,g__Methylocaldum,s__uncultured_bacterium_g__Methylocaldum,OTU2606,7,9.68708e-6,17.647058823529%
d__Bacteria,k__norank_d__Bacteria,p__Cyanobacteria,c__Melainabacteria,o__Gastranaerophilales,f__norank_o__Gastranaerophilales,g__norank_o__Gastranaerophilales,s__uncultured_organism_g__norank_o__Gastranaerophilales,OTU2224,4,5.53547e-6,23.529411764706%
d__Bacteria,k__norank_d__Bacteria,p__Patescibacteria,c__Saccharimonadia,o__Saccharimonadales,f__Saccharimonadaceae,g__norank_f__Saccharimonadaceae,s__uncultured_bacterium_g__norank_f__Saccharimonadaceae,OTU2769,35,5.0E-5,58.823529411765%
d__Bacteria,k__norank_d__Bacteria,p__Omnitrophicaeota,c__Omnitrophia,o__Omnitrophales,f__Omnitrophaceae,g__Candidatus_Omnitrophus,s__uncultured_bacterium_g__Candidatus_Omnitrophus,OTU2532,6,8.30321e-6,23.529411764706%
d__Bacteria,k__norank_d__Bacteria,p__Patescibacteria,c__Parcubacteria,o__norank_c__Parcubacteria,f__norank_c__Parcubacteria,g__norank_c__Parcubacteria,s__uncultured_bacterium_g__norank_c__Parcubacteria,OTU2906,57,8.0E-5,47.058823529412%
d__Bacteria,k__norank_d__Bacteria,p__Proteobacteria,c__Gammaproteobacteria,o__eub62A3,f__norank_o__eub62A3,g__norank_o__eub62A3,s__metagenome_g__norank_o__eub62A3,OTU3184,34,5.0E-5,47.058823529412%
d__Bacteria,k__norank_d__Bacteria,p__Omnitrophicaeota,c__Omnitrophia,o__Omnitrophales,f__Omnitrophaceae,g__Candidatus_Omnitrophus,s__uncultured_bacterium_g__Candidatus_Omnitrophus,OTU2670,9,1.0E-5,23.529411764706%
d__Bacteria,k__norank_d__Bacteria,p__Firmicutes,c__Clostridia,o__Clostridiales,f__Christensenellaceae,g__Christensenellaceae_R-7_group,s__uncultured_bacterium_g__Christensenellaceae_R-7_group,OTU2788,50,7.0E-5,47.058823529412%
d__Bacteria,k__norank_d__Bacteria,p__Gemmatimonadetes,c__Gemmatimonadetes,o__Gemmatimonadales,f__Gemmatimonadaceae,g__norank_f__Gemmatimonadaceae,s__metagenome_g__norank_f__Gemmatimonadaceae,OTU2819,764,0.00106,70.588235294118%
d__Bacteria,k__norank_d__Bacteria,p__Proteobacteria,c__Alphaproteobacteria,o__Rickettsiales,f__SM2D12,g__norank_f__SM2D12,s__metagenome_g__norank_f__SM2D12,OTU2376,6,8.30321e-6,23.529411764706%
d__Bacteria,k__norank_d__Bacteria,p__Bacteroidetes,c__Ignavibacteria,o__Kryptoniales,f__BSV26,g__norank_f__BSV26,s__unclassified_g__norank_f__BSV26,OTU2377,21,3.0E-5,47.058823529412%
d__Bacteria,k__norank_d__Bacteria,p__Firmicutes,c__Clostridia,o__Clostridiales,f__Ruminococcaceae,g__Ruminococcaceae_UCG-014,s__uncultured_bacterium_g__Ruminococcaceae_UCG-014,OTU2643,2,2.76774e-6,11.764705882353%
d__Bacteria,k__norank_d__Bacteria,p__Patescibacteria,c__Microgenomatia,o__Candidatus_Pacebacteria,f__norank_o__Candidatus_Pacebacteria,g__norank_o__Candidatus_Pacebacteria,s__uncultured_bacterium_g__norank_o__Candidatus_Pacebacteria,OTU2413,11,2.0E-5,35.294117647059%
d__Bacteria,k__norank_d__Bacteria,p__Proteobacteria,c__Deltaproteobacteria,o__Oligoflexales,f__Oligoflexaceae,g__norank_f__Oligoflexaceae,s__unclassified_g__norank_f__Oligoflexaceae,OTU2781,14,2.0E-5,35.294117647059%
d__Bacteria,k__norank_d__Bacteria,p__Chloroflexi,c__Anaerolineae,o__Anaerolineales,f__Anaerolineaceae,g__Leptolinea,s__uncultured_Chloroflexi_bacterium_g__Leptolinea,OTU2457,13,2.0E-5,29.411764705882%
d__Bacteria,k__norank_d__Bacteria,p__Chloroflexi,c__Anaerolineae,o__SBR1031,f__norank_o__SBR1031,g__norank_o__SBR1031,s__uncultured_bacterium_g__norank_o__SBR1031,OTU2245,42,6.0E-5,47.058823529412%
d__Bacteria,k__norank_d__Bacteria,p__Patescibacteria,c__Gracilibacteria,o__unclassified_c__Gracilibacteria,f__unclassified_c__Gracilibacteria,g__unclassified_c__Gracilibacteria,s__unclassified_c__Gracilibacteria,OTU2310,7,9.68708e-6,23.529411764706%
d__Bacteria,k__norank_d__Bacteria,p__Chloroflexi,c__Chloroflexia,o__Thermomicrobiales,f__JG30-KF-CM45,g__norank_f__JG30-KF-CM45,s__unclassified_g__norank_f__JG30-KF-CM45,OTU2615,29,4.0E-5,47.058823529412%
d__Bacteria,k__norank_d__Bacteria,p__Acidobacteria,c__Holophagae,o__Subgroup_7,f__norank_o__Subgroup_7,g__norank_o__Subgroup_7,s__unclassified_g__norank_o__Subgroup_7,OTU2934,8,1.0E-5,23.529411764706%
d__Bacteria,k__norank_d__Bacteria,p__Proteobacteria,c__Gammaproteobacteria,o__norank_c__Gammaproteobacteria,f__norank_c__Gammaproteobacteria,g__norank_c__Gammaproteobacteria,s__metagenome_g__norank_c__Gammaproteobacteria,OTU3195,55,8.0E-5,47.058823529412%
d__Bacteria,k__norank_d__Bacteria,p__Hydrogenedentes,c__Hydrogenedentia,o__Hydrogenedentiales,f__Hydrogenedensaceae,g__norank_f__Hydrogenedensaceae,s__uncultured_soil_bacterium_g__norank_f__Hydrogenedensaceae,OTU2562,4,5.53547e-6,17.647058823529%
d__Bacteria,k__norank_d__Bacteria,p__Actinobacteria,c__Actinobacteria,o__Coriobacteriales,f__Eggerthellaceae,g__Senegalimassilia,s__uncultured_bacterium_g__Senegalimassilia,OTU2693,9,1.0E-5,29.411764705882%
d__Bacteria,k__norank_d__Bacteria,p__Proteobacteria,c__Deltaproteobacteria,o__Bdellovibrionales,f__Bdellovibrionaceae,g__Bdellovibrio,s__uncultured_bacterium_g__Bdellovibrio,OTU2820,3,4.15161e-6,11.764705882353%
d__Bacteria,k__norank_d__Bacteria,p__Proteobacteria,c__Gammaproteobacteria,o__Betaproteobacteriales,f__Nitrosomonadaceae,g__Ellin6067,s__uncultured_bacterium_g__Ellin6067,OTU2796,5775,0.00799,70.588235294118%
d__Bacteria,k__norank_d__Bacteria,p__Patescibacteria,c__Microgenomatia,o__Candidatus_Woesebacteria,f__norank_o__Candidatus_Woesebacteria,g__norank_o__Candidatus_Woesebacteria,s__uncultured_Microgenomates_group_bacterium_g__norank_o__Candidatus_Woesebacteria,OTU2398,175,0.00024,47.058823529412%
d__Bacteria,k__norank_d__Bacteria,p__Proteobacteria,c__Alphaproteobacteria,o__Rickettsiales,f__SM2D12,g__norank_f__SM2D12,s__metagenome_g__norank_f__SM2D12,OTU2417,12,2.0E-5,47.058823529412%
d__Bacteria,k__norank_d__Bacteria,p__Actinobacteria,c__Actinobacteria,o__Propionibacteriales,f__Propionibacteriaceae,g__Propioniciclava,s__unclassified_g__Propioniciclava,OTU2382,15,2.0E-5,47.058823529412%
d__Bacteria,k__norank_d__Bacteria,p__Patescibacteria,c__Gracilibacteria,o__norank_c__Gracilibacteria,f__norank_c__Gracilibacteria,g__norank_c__Gracilibacteria,s__unclassified_g__norank_c__Gracilibacteria,OTU2465,5,6.91934e-6,17.647058823529%
d__Bacteria,k__norank_d__Bacteria,p__Patescibacteria,c__Saccharimonadia,o__Saccharimonadales,f__norank_o__Saccharimonadales,g__norank_o__Saccharimonadales,s__unclassified_g__norank_o__Saccharimonadales,OTU2274,11,2.0E-5,35.294117647059%
d__Bacteria,k__norank_d__Bacteria,p__Acidobacteria,c__Holophagae,o__Holophagales,f__Holophagaceae,g__Holophaga,s__uncultured_bacterium_SJA-87,OTU2942,11,2.0E-5,29.411764705882%
d__Bacteria,k__norank_d__Bacteria,p__Bacteroidetes,c__Bacteroidia,o__Sphingobacteriales,f__env.OPS_17,g__norank_f__env.OPS_17,s__uncultured_bacterium_g__norank_f__env.OPS_17,OTU2660,11,2.0E-5,35.294117647059%
d__Bacteria,k__norank_d__Bacteria,p__Bacteroidetes,c__Ignavibacteria,o__Kryptoniales,f__BSV26,g__norank_f__BSV26,s__uncultured_bacterium_g__norank_f__BSV26,OTU2568,88,0.00012,47.058823529412%
d__Bacteria,k__norank_d__Bacteria,p__Patescibacteria,c__Saccharimonadia,o__Saccharimonadales,f__norank_o__Saccharimonadales,g__norank_o__Saccharimonadales,s__metagenome_g__norank_o__Saccharimonadales,OTU2315,26,4.0E-5,58.823529411765%
d__Bacteria,k__norank_d__Bacteria,p__Proteobacteria,c__Deltaproteobacteria,o__Desulfobacterales,f__Desulfobulbaceae,g__Desulfobulbus,s__uncultured_bacterium_g__Desulfobulbus,OTU2797,20,3.0E-5,35.294117647059%
d__Bacteria,k__norank_d__Bacteria,p__Proteobacteria,c__Deltaproteobacteria,o__Oligoflexales,f__0319-6G20,g__norank_f__0319-6G20,s__unclassified_g__norank_f__0319-6G20,OTU2822,3,4.15161e-6,11.764705882353%
d__Bacteria,k__norank_d__Bacteria,p__Bacteroidetes,c__Ignavibacteria,o__Kryptoniales,f__BSV26,g__norank_f__BSV26,s__unclassified_g__norank_f__BSV26,OTU2628,9,1.0E-5,41.176470588235%
d__Bacteria,k__norank_d__Bacteria,p__Proteobacteria,c__Deltaproteobacteria,o__Myxococcales,f__Sandaracinaceae,g__norank_f__Sandaracinaceae,s__unclassified_g__norank_f__Sandaracinaceae,OTU2703,20,3.0E-5,47.058823529412%
d__Bacteria,k__norank_d__Bacteria,p__Proteobacteria,c__Deltaproteobacteria,o__Myxococcales,f__Haliangiaceae,g__Haliangium,s__unclassified_g__Haliangium,OTU3213,9,1.0E-5,11.764705882353%
d__Bacteria,k__norank_d__Bacteria,p__Cyanobacteria,c__Oxyphotobacteria,o__Chloroplast,f__norank_o__Chloroplast,g__norank_o__Chloroplast,s__Poterioochromonas_sp._DS,OTU2405,12,2.0E-5,29.411764705882%
d__Bacteria,k__norank_d__Bacteria,p__Firmicutes,c__Clostridia,o__Clostridiales,f__Lachnospiraceae,g__Lachnoclostridium,s__metagenome_g__Lachnoclostridium,OTU2800,8,1.0E-5,17.647058823529%
d__Bacteria,k__norank_d__Bacteria,p__Firmicutes,c__Clostridia,o__Clostridiales,f__Christensenellaceae,g__Christensenellaceae_R-7_group,s__unclassified_g__Christensenellaceae_R-7_group,OTU2385,29,4.0E-5,47.058823529412%
d__Bacteria,k__norank_d__Bacteria,p__Patescibacteria,c__Saccharimonadia,o__Saccharimonadales,f__unclassified_o__Saccharimonadales,g__unclassified_o__Saccharimonadales,s__unclassified_o__Saccharimonadales,OTU2275,12,2.0E-5,52.941176470588%
d__Bacteria,k__norank_d__Bacteria,p__Chloroflexi,c__Anaerolineae,o__Caldilineales,f__Caldilineaceae,g__norank_f__Caldilineaceae,s__metagenome_g__norank_f__Caldilineaceae,OTU2470,191,0.00026,70.588235294118%
d__Bacteria,k__norank_d__Bacteria,p__Chloroflexi,c__JG30-KF-CM66,o__norank_c__JG30-KF-CM66,f__norank_c__JG30-KF-CM66,g__norank_c__JG30-KF-CM66,s__metagenome_g__norank_c__JG30-KF-CM66,OTU2320,19,3.0E-5,47.058823529412%
d__Bacteria,k__norank_d__Bacteria,p__Proteobacteria,c__Deltaproteobacteria,o__Bdellovibrionales,f__Bdellovibrionaceae,g__Bdellovibrio,s__uncultured_bacterium_g__Bdellovibrio,OTU2827,44,6.0E-5,47.058823529412%
d__Bacteria,k__norank_d__Bacteria,p__Proteobacteria,c__Deltaproteobacteria,o__Bdellovibrionales,f__Bdellovibrionaceae,g__Bdellovibrio,s__uncultured_bacterium_g__Bdellovibrio,OTU2425,46,6.0E-5,58.823529411765%
d__Bacteria,k__norank_d__Bacteria,p__Bacteroidetes,c__Ignavibacteria,o__SJA-28,f__norank_o__SJA-28,g__norank_o__SJA-28,s__metagenome_g__norank_o__SJA-28,OTU2867,101,0.00014,47.058823529412%
d__Bacteria,k__norank_d__Bacteria,p__Firmicutes,c__Clostridia,o__Clostridiales,f__Lachnospiraceae,g__Lachnospiraceae_UCG-007,s__uncultured_bacterium_g__Lachnospiraceae_UCG-007,OTU2950,6,8.30321e-6,35.294117647059%
d__Bacteria,k__norank_d__Bacteria,p__Planctomycetes,c__Phycisphaerae,o__Phycisphaerales,f__Phycisphaeraceae,g__SM1A02,s__unidentified_marine_bacterioplankton_g__SM1A02,OTU2433,114,0.00016,47.058823529412%
d__Bacteria,k__norank_d__Bacteria,p__Chloroflexi,c__Anaerolineae,o__SBR1031,f__norank_o__SBR1031,g__norank_o__SBR1031,s__uncultured_bacterium_g__norank_o__SBR1031,OTU2664,7,9.68708e-6,23.529411764706%
d__Bacteria,k__norank_d__Bacteria,p__Proteobacteria,c__Gammaproteobacteria,o__Oceanospirillales,f__Pseudohongiellaceae,g__Pseudohongiella,s__uncultured_soil_bacterium_g__Pseudohongiella,OTU3216,5,6.91934e-6,17.647058823529%
d__Bacteria,k__norank_d__Bacteria,p__Dependentiae,c__Babeliae,o__Babeliales,f__Babeliaceae,g__norank_f__Babeliaceae,s__uncultured_bacterium_g__norank_f__Babeliaceae,OTU2631,7,9.68708e-6,23.529411764706%
d__Bacteria,k__norank_d__Bacteria,p__Latescibacteria,c__Latescibacteria,o__norank_c__Latescibacteria,f__norank_c__Latescibacteria,g__norank_c__Latescibacteria,s__unclassified_g__norank_c__Latescibacteria,OTU2625,14,2.0E-5,35.294117647059%
d__Bacteria,k__norank_d__Bacteria,p__Proteobacteria,c__Deltaproteobacteria,o__Myxococcales,f__bacteriap25,g__norank_f__bacteriap25,s__uncultured_soil_bacterium_g__norank_f__bacteriap25,OTU2707,768,0.00106,52.941176470588%
d__Bacteria,k__norank_d__Bacteria,p__Firmicutes,c__Clostridia,o__Clostridiales,f__Family_XIII,g__Anaerovorax,s__unclassified_g__Anaerovorax,OTU2436,5,6.91934e-6,23.529411764706%
d__Bacteria,k__norank_d__Bacteria,p__Proteobacteria,c__Alphaproteobacteria,o__Rhizobiales,f__unclassified_o__Rhizobiales,g__unclassified_o__Rhizobiales,s__unclassified_o__Rhizobiales,OTU2802,355,0.00049,82.352941176471%
d__Bacteria,k__norank_d__Bacteria,p__Firmicutes,c__Clostridia,o__Clostridiales,f__Lachnospiraceae,g__Shuttleworthia,s__uncultured_bacterium_g__Shuttleworthia,OTU2279,6,8.30321e-6,29.411764705882%
d__Bacteria,k__norank_d__Bacteria,p__Omnitrophicaeota,c__Omnitrophia,o__Omnitrophales,f__Omnitrophaceae,g__Candidatus_Omnitrophus,s__uncultured_bacterium_g__Candidatus_Omnitrophus,OTU2540,5,6.91934e-6,17.647058823529%
d__Bacteria,k__norank_d__Bacteria,p__Planctomycetes,c__Phycisphaerae,o__Phycisphaerales,f__Phycisphaeraceae,g__SM1A02,s__uncultured_soil_bacterium_g__SM1A02,OTU2429,16,2.0E-5,58.823529411765%
d__Bacteria,k__norank_d__Bacteria,p__Proteobacteria,c__Gammaproteobacteria,o__Pseudomonadales,f__Moraxellaceae,g__Enhydrobacter,s__Moraxella_osloensis_g__Enhydrobacter,OTU2891,38,5.0E-5,23.529411764706%
d__Bacteria,k__norank_d__Bacteria,p__Chloroflexi,c__Anaerolineae,o__SBR1031,f__norank_o__SBR1031,g__norank_o__SBR1031,s__uncultured_Gemmatimonadetes_bacterium_g__norank_o__SBR1031,OTU2953,16,2.0E-5,29.411764705882%
d__Bacteria,k__norank_d__Bacteria,p__Patescibacteria,c__WS6_Dojkabacteria,o__norank_c__WS6_Dojkabacteria,f__norank_c__WS6_Dojkabacteria,g__norank_c__WS6_Dojkabacteria,s__uncultured_anaerobic_bacterium_g__norank_c__WS6_Dojkabacteria,OTU2349,9,1.0E-5,23.529411764706%
d__Bacteria,k__norank_d__Bacteria,p__Proteobacteria,c__Deltaproteobacteria,o__Myxococcales,f__Polyangiaceae,g__Pajaroellobacter,s__unclassified_g__Pajaroellobacter,OTU2849,8,1.0E-5,17.647058823529%
d__Bacteria,k__norank_d__Bacteria,p__Planctomycetes,c__Phycisphaerae,o__Phycisphaerales,f__Phycisphaeraceae,g__SM1A02,s__uncultured_bacterium_g__SM1A02,OTU2449,23,3.0E-5,47.058823529412%
d__Bacteria,k__norank_d__Bacteria,p__Acidobacteria,c__Subgroup_6,o__norank_c__Subgroup_6,f__norank_c__Subgroup_6,g__norank_c__Subgroup_6,s__unclassified_g__norank_c__Subgroup_6,OTU2714,814,0.00113,88.235294117647%
d__Bacteria,k__norank_d__Bacteria,p__Firmicutes,c__Clostridia,o__Clostridiales,f__Lachnospiraceae,g__Acetitomaculum,s__uncultured_bacterium_g__Acetitomaculum,OTU2633,29,4.0E-5,47.058823529412%
d__Bacteria,k__norank_d__Bacteria,p__Acidobacteria,c__Subgroup_17,o__norank_c__Subgroup_17,f__norank_c__Subgroup_17,g__norank_c__Subgroup_17,s__uncultured_Acidobacteria_bacterium_g__norank_c__Subgroup_17,OTU2684,5,6.91934e-6,17.647058823529%
d__Bacteria,k__norank_d__Bacteria,p__Proteobacteria,c__Alphaproteobacteria,o__Rhizobiales,f__Hyphomicrobiaceae,g__Pedomicrobium,s__unclassified_g__Pedomicrobium,OTU2451,263,0.00036,76.470588235294%
d__Bacteria,k__norank_d__Bacteria,p__Chloroflexi,c__Anaerolineae,o__Caldilineales,f__Caldilineaceae,g__norank_f__Caldilineaceae,s__uncultured_bacterium_g__norank_f__Caldilineaceae,OTU2804,65,9.0E-5,47.058823529412%
d__Bacteria,k__norank_d__Bacteria,p__Acidobacteria,c__Subgroup_17,o__norank_c__Subgroup_17,f__norank_c__Subgroup_17,g__norank_c__Subgroup_17,s__metagenome_g__norank_c__Subgroup_17,OTU3218,1483,0.00205,76.470588235294%
d__Bacteria,k__norank_d__Bacteria,p__Chloroflexi,c__Anaerolineae,o__Caldilineales,f__Caldilineaceae,g__norank_f__Caldilineaceae,s__uncultured_bacterium_g__norank_f__Caldilineaceae,OTU2567,1497,0.00207,52.941176470588%
d__Bacteria,k__norank_d__Bacteria,p__Proteobacteria,c__Deltaproteobacteria,o__Myxococcales,f__Polyangiaceae,g__Pajaroellobacter,s__uncultured_bacterium_g__Pajaroellobacter,OTU2639,12,2.0E-5,35.294117647059%
d__Bacteria,k__norank_d__Bacteria,p__Proteobacteria,c__Alphaproteobacteria,o__Rhizobiales,f__Xanthobacteraceae,g__unclassified_f__Xanthobacteraceae,s__unclassified_f__Xanthobacteraceae,OTU2443,549,0.00076,100%
d__Bacteria,k__norank_d__Bacteria,p__Acidobacteria,c__Holophagae,o__Holophagales,f__Holophagaceae,g__Geothrix,s__metagenome_g__Geothrix,OTU2956,17,2.0E-5,41.176470588235%
d__Bacteria,k__norank_d__Bacteria,p__Armatimonadetes,c__Fimbriimonadia,o__Fimbriimonadales,f__Fimbriimonadaceae,g__norank_f__Fimbriimonadaceae,s__unclassified_g__norank_f__Fimbriimonadaceae,OTU2289,3,4.15161e-6,11.764705882353%
d__Bacteria,k__norank_d__Bacteria,p__Patescibacteria,c__Parcubacteria,o__norank_c__Parcubacteria,f__norank_c__Parcubacteria,g__norank_c__Parcubacteria,s__uncultured_bacterium_g__norank_c__Parcubacteria,OTU2866,82,0.00011,47.058823529412%
d__Bacteria,k__norank_d__Bacteria,p__Bacteroidetes,c__Bacteroidia,o__Sphingobacteriales,f__AKYH767,g__norank_f__AKYH767,s__Bacteroidetes_bacterium_OLB10,OTU2905,64,9.0E-5,47.058823529412%
d__Bacteria,k__norank_d__Bacteria,p__Patescibacteria,c__Saccharimonadia,o__Saccharimonadales,f__norank_o__Saccharimonadales,g__norank_o__Saccharimonadales,s__unclassified_g__norank_o__Saccharimonadales,OTU2635,245,0.00034,47.058823529412%
d__Bacteria,k__norank_d__Bacteria,p__Acidobacteria,c__Subgroup_22,o__norank_c__Subgroup_22,f__norank_c__Subgroup_22,g__norank_c__Subgroup_22,s__uncultured_organism_g__norank_c__Subgroup_22,OTU2719,292,0.0004,47.058823529412%
d__Bacteria,k__norank_d__Bacteria,p__Patescibacteria,c__Parcubacteria,o__Candidatus_Kaiserbacteria,f__norank_o__Candidatus_Kaiserbacteria,g__norank_o__Candidatus_Kaiserbacteria,s__uncultured_Parcubacteria_group_bacterium_g__norank_o__Candidatus_Kaiserbacteria,OTU2365,9,1.0E-5,29.411764705882%
d__Bacteria,k__norank_d__Bacteria,p__Chloroflexi,c__Anaerolineae,o__RBG-13-54-9,f__norank_o__RBG-13-54-9,g__norank_o__RBG-13-54-9,s__unclassified_g__norank_o__RBG-13-54-9,OTU2480,17,2.0E-5,47.058823529412%
d__Bacteria,k__norank_d__Bacteria,p__Chloroflexi,c__Chloroflexia,o__Chloroflexales,f__Roseiflexaceae,g__Kouleothrix,s__uncultured_bacterium_g__Kouleothrix,OTU2513,1085,0.0015,47.058823529412%
d__Bacteria,k__norank_d__Bacteria,p__Proteobacteria,c__Gammaproteobacteria,o__Betaproteobacteriales,f__SC-I-84,g__norank_f__SC-I-84,s__uncultured_bacterium_g__norank_f__SC-I-84,OTU2805,1757,0.00243,64.705882352941%
d__Bacteria,k__norank_d__Bacteria,p__Elusimicrobia,c__Elusimicrobia,o__norank_c__Elusimicrobia,f__norank_c__Elusimicrobia,g__norank_c__Elusimicrobia,s__unclassified_g__norank_c__Elusimicrobia,OTU3230,2,2.76774e-6,5.8823529411765%
d__Bacteria,k__norank_d__Bacteria,p__Chloroflexi,c__Anaerolineae,o__SBR1031,f__A4b,g__norank_f__A4b,s__unclassified_g__norank_f__A4b,OTU2650,5,6.91934e-6,29.411764705882%
d__Bacteria,k__norank_d__Bacteria,p__Proteobacteria,c__Deltaproteobacteria,o__Deltaproteobacteria_Incertae_Sedis,f__Syntrophorhabdaceae,g__Syntrophorhabdus,s__unclassified_g__Syntrophorhabdus,OTU2574,12,2.0E-5,47.058823529412%
d__Bacteria,k__norank_d__Bacteria,p__Verrucomicrobia,c__Verrucomicrobiae,o__Chthoniobacterales,f__Chthoniobacteraceae,g__Chthoniobacter,s__unclassified_g__Chthoniobacter,OTU2445,59,8.0E-5,58.823529411765%
d__Bacteria,k__norank_d__Bacteria,p__Proteobacteria,c__Deltaproteobacteria,o__Bdellovibrionales,f__Bdellovibrionaceae,g__Bdellovibrio,s__uncultured_bacterium_g__Bdellovibrio,OTU2877,2,2.76774e-6,11.764705882353%
d__Bacteria,k__norank_d__Bacteria,p__Actinobacteria,c__Actinobacteria,o__Corynebacteriales,f__Dietziaceae,g__Dietzia,s__Dietzia_maris,OTU2922,8,1.0E-5,29.411764705882%
d__Bacteria,k__norank_d__Bacteria,p__Firmicutes,c__Clostridia,o__Clostridiales,f__Family_XIII,g__Anaerovorax,s__Firmicutes_bacterium_LC_13R,OTU2292,10,1.0E-5,29.411764705882%
d__Bacteria,k__norank_d__Bacteria,p__Actinobacteria,c__Actinobacteria,o__Propionibacteriales,f__Propionibacteriaceae,g__Raineyella,s__uncultured_bacterium_g__Raineyella,OTU2637,4,5.53547e-6,17.647058823529%
d__Bacteria,k__norank_d__Bacteria,p__Proteobacteria,c__Deltaproteobacteria,o__Myxococcales,f__Blfdi19,g__norank_f__Blfdi19,s__unclassified_g__norank_f__Blfdi19,OTU3002,15,2.0E-5,35.294117647059%
d__Bacteria,k__norank_d__Bacteria,p__Zixibacteria,c__norank_p__Zixibacteria,o__norank_p__Zixibacteria,f__norank_p__Zixibacteria,g__norank_p__Zixibacteria,s__unclassified_g__norank_p__Zixibacteria,OTU2746,28,4.0E-5,47.058823529412%
d__Bacteria,k__norank_d__Bacteria,p__Proteobacteria,c__Alphaproteobacteria,o__Rhizobiales,f__Hyphomicrobiaceae,g__Pedomicrobium,s__uncultured_Hyphomicrobium_sp._g__Pedomicrobium,OTU2368,1809,0.0025,100%
d__Bacteria,k__norank_d__Bacteria,p__Patescibacteria,c__Saccharimonadia,o__Saccharimonadales,f__Saccharimonadaceae,g__unclassified_f__Saccharimonadaceae,s__unclassified_f__Saccharimonadaceae,OTU3239,52,7.0E-5,52.941176470588%
d__Bacteria,k__norank_d__Bacteria,p__Armatimonadetes,c__Fimbriimonadia,o__Fimbriimonadales,f__unclassified_o__Fimbriimonadales,g__unclassified_o__Fimbriimonadales,s__unclassified_o__Fimbriimonadales,OTU2485,28,4.0E-5,47.058823529412%
d__Bacteria,k__norank_d__Bacteria,p__Dependentiae,c__Babeliae,o__Babeliales,f__unclassified_o__Babeliales,g__unclassified_o__Babeliales,s__unclassified_o__Babeliales,OTU2653,7,9.68708e-6,11.764705882353%
d__Bacteria,k__norank_d__Bacteria,p__Verrucomicrobia,c__Verrucomicrobiae,o__Chthoniobacterales,f__Chthoniobacteraceae,g__Chthoniobacter,s__unclassified_g__Chthoniobacter,OTU2538,12,2.0E-5,41.176470588235%
d__Bacteria,k__norank_d__Bacteria,p__Patescibacteria,c__Saccharimonadia,o__Saccharimonadales,f__norank_o__Saccharimonadales,g__norank_o__Saccharimonadales,s__unclassified_g__norank_o__Saccharimonadales,OTU2584,229,0.00032,58.823529411765%
d__Bacteria,k__norank_d__Bacteria,p__Patescibacteria,c__Gracilibacteria,o__Absconditabacteriales_SR1,f__norank_o__Absconditabacteriales_SR1,g__norank_o__Absconditabacteriales_SR1,s__uncultured_prokaryote_g__norank_o__Absconditabacteriales_SR1,OTU2806,5,6.91934e-6,23.529411764706%
d__Bacteria,k__norank_d__Bacteria,p__Bacteroidetes,c__Bacteroidia,o__Chitinophagales,f__37-13,g__norank_f__37-13,s__unclassified_g__norank_f__37-13,OTU2446,4,5.53547e-6,23.529411764706%
d__Bacteria,k__norank_d__Bacteria,p__Firmicutes,c__Clostridia,o__Clostridiales,f__TC1,g__norank_f__TC1,s__uncultured_bacterium_g__norank_f__TC1,OTU2694,7,9.68708e-6,29.411764705882%
d__Bacteria,k__norank_d__Bacteria,p__Planctomycetes,c__Planctomycetacia,o__norank_c__Planctomycetacia,f__norank_c__Planctomycetacia,g__norank_c__Planctomycetacia,s__uncultured_planctomycete_g__norank_c__Planctomycetacia,OTU2295,5,6.91934e-6,23.529411764706%
d__Bacteria,k__norank_d__Bacteria,p__Chloroflexi,c__Anaerolineae,o__SBR1031,f__A4b,g__norank_f__A4b,s__unclassified_g__norank_f__A4b,OTU2371,10,1.0E-5,35.294117647059%
d__Bacteria,k__norank_d__Bacteria,p__Chloroflexi,c__Anaerolineae,o__SBR1031,f__norank_o__SBR1031,g__norank_o__SBR1031,s__unclassified_g__norank_o__SBR1031,OTU2907,59,8.0E-5,47.058823529412%
d__Bacteria,k__norank_d__Bacteria,p__Proteobacteria,c__Gammaproteobacteria,o__EV818SWSAP88,f__norank_o__EV818SWSAP88,g__norank_o__EV818SWSAP88,s__uncultured_bacterium_g__norank_o__EV818SWSAP88,OTU2931,3,4.15161e-6,17.647058823529%
d__Bacteria,k__norank_d__Bacteria,p__Chloroflexi,c__SL56_marine_group,o__norank_c__SL56_marine_group,f__norank_c__SL56_marine_group,g__norank_c__SL56_marine_group,s__uncultured_bacterium_g__norank_c__SL56_marine_group,OTU2647,213,0.00029,64.705882352941%
d__Bacteria,k__norank_d__Bacteria,p__Acidobacteria,c__Subgroup_6,o__norank_c__Subgroup_6,f__norank_c__Subgroup_6,g__norank_c__Subgroup_6,s__unclassified_g__norank_c__Subgroup_6,OTU2750,749,0.00104,70.588235294118%
d__Bacteria,k__norank_d__Bacteria,p__Patescibacteria,c__Saccharimonadia,o__Saccharimonadales,f__norank_o__Saccharimonadales,g__norank_o__Saccharimonadales,s__unclassified_g__norank_o__Saccharimonadales,OTU3017,26,4.0E-5,47.058823529412%
d__Bacteria,k__norank_d__Bacteria,p__Chloroflexi,c__Anaerolineae,o__ADurb.Bin180,f__norank_o__ADurb.Bin180,g__norank_o__ADurb.Bin180,s__unclassified_g__norank_o__ADurb.Bin180,OTU3282,3,4.15161e-6,17.647058823529%
d__Bacteria,k__norank_d__Bacteria,p__Actinobacteria,c__Actinobacteria,o__Micrococcales,f__Microbacteriaceae,g__unclassified_f__Microbacteriaceae,s__unclassified_f__Microbacteriaceae,OTU2589,202,0.00028,100%
d__Bacteria,k__norank_d__Bacteria,p__Bacteroidetes,c__Bacteroidia,o__Bacteroidales,f__SB-5,g__norank_f__SB-5,s__uncultured_bacterium_g__norank_f__SB-5,OTU2655,190,0.00026,58.823529411765%
d__Bacteria,k__norank_d__Bacteria,p__Proteobacteria,c__Deltaproteobacteria,o__SAR324_cladeMarine_group_B,f__norank_o__SAR324_cladeMarine_group_B,g__norank_o__SAR324_cladeMarine_group_B,s__bacterium_enrichment_culture_clone_B302011,OTU2808,54,7.0E-5,76.470588235294%
d__Bacteria,k__norank_d__Bacteria,p__Proteobacteria,c__Deltaproteobacteria,o__Myxococcales,f__mle1-27,g__norank_f__mle1-27,s__unclassified_g__norank_f__mle1-27,OTU2698,22,3.0E-5,47.058823529412%
d__Bacteria,k__norank_d__Bacteria,p__Chloroflexi,c__Anaerolineae,o__RBG-13-54-9,f__norank_o__RBG-13-54-9,g__norank_o__RBG-13-54-9,s__unclassified_g__norank_o__RBG-13-54-9,OTU2486,24,3.0E-5,41.176470588235%
d__Bacteria,k__norank_d__Bacteria,p__Chloroflexi,c__Anaerolineae,o__SBR1031,f__A4b,g__norank_f__A4b,s__unclassified_g__norank_f__A4b,OTU2296,18,2.0E-5,47.058823529412%
d__Bacteria,k__norank_d__Bacteria,p__Firmicutes,c__Clostridia,o__Clostridiales,f__Eubacteriaceae,g__norank_f__Eubacteriaceae,s__uncultured_bacterium_g__norank_f__Eubacteriaceae,OTU2590,202,0.00028,47.058823529412%
d__Bacteria,k__norank_d__Bacteria,p__Proteobacteria,c__Alphaproteobacteria,o__Acetobacterales,f__Acetobacteraceae,g__Roseomonas,s__unclassified_g__Roseomonas,OTU2372,108,0.00015,88.235294117647%
d__Bacteria,k__norank_d__Bacteria,p__Patescibacteria,c__Saccharimonadia,o__Saccharimonadales,f__norank_o__Saccharimonadales,g__norank_o__Saccharimonadales,s__uncultured_Candidatus_Saccharibacteria_bacterium_g__norank_o__Saccharimonadales,OTU2909,15,2.0E-5,41.176470588235%
d__Bacteria,k__norank_d__Bacteria,p__Proteobacteria,c__Gammaproteobacteria,o__Methylococcales,f__Methylococcaceae,g__Methylocaldum,s__uncultured_bacterium_g__Methylocaldum,OTU2471,8,1.0E-5,29.411764705882%
d__Bacteria,k__norank_d__Bacteria,p__Proteobacteria,c__Deltaproteobacteria,o__Syntrophobacterales,f__Syntrophaceae,g__Syntrophus,s__uncultured_bacterium_g__Syntrophus,OTU2946,7,9.68708e-6,23.529411764706%
d__Bacteria,k__norank_d__Bacteria,p__Proteobacteria,c__Deltaproteobacteria,o__Myxococcales,f__norank_o__Myxococcales,g__norank_o__Myxococcales,s__uncultured_bacterium_g__norank_o__Myxococcales,OTU2753,24,3.0E-5,52.941176470588%
d__Bacteria,k__norank_d__Bacteria,p__Proteobacteria,c__Deltaproteobacteria,o__unclassified_c__Deltaproteobacteria,f__unclassified_c__Deltaproteobacteria,g__unclassified_c__Deltaproteobacteria,s__unclassified_c__Deltaproteobacteria,OTU2683,15,2.0E-5,47.058823529412%
d__Bacteria,k__norank_d__Bacteria,p__Proteobacteria,c__Deltaproteobacteria,o__MBNT15,f__norank_o__MBNT15,g__norank_o__MBNT15,s__unclassified_g__norank_o__MBNT15,OTU2709,538,0.00074,58.823529411765%
d__Bacteria,k__norank_d__Bacteria,p__Proteobacteria,c__Alphaproteobacteria,o__Rhizobiales,f__Rhizobiales_Incertae_Sedis,g__Bauldia,s__uncultured_bacterium_g__Bauldia,OTU2592,73,0.0001,58.823529411765%
d__Bacteria,k__norank_d__Bacteria,p__unclassified_k__norank_d__Bacteria,c__unclassified_k__norank_d__Bacteria,o__unclassified_k__norank_d__Bacteria,f__unclassified_k__norank_d__Bacteria,g__unclassified_k__norank_d__Bacteria,s__unclassified_k__norank_d__Bacteria,OTU3036,3,4.15161e-6,11.764705882353%
d__Bacteria,k__norank_d__Bacteria,p__Proteobacteria,c__Alphaproteobacteria,o__unclassified_c__Alphaproteobacteria,f__unclassified_c__Alphaproteobacteria,g__unclassified_c__Alphaproteobacteria,s__unclassified_c__Alphaproteobacteria,OTU2812,2,2.76774e-6,11.764705882353%
d__Bacteria,k__norank_d__Bacteria,p__Armatimonadetes,c__Armatimonadia,o__Armatimonadales,f__Armatimonadaceae,g__Armatimonas,s__uncultured_bacterium_g__Armatimonas,OTU2766,654,0.00091,47.058823529412%
d__Bacteria,k__norank_d__Bacteria,p__Armatimonadetes,c__Chthonomonadetes,o__Chthonomonadales,f__norank_o__Chthonomonadales,g__norank_o__Chthonomonadales,s__uncultured_bacterium_g__norank_o__Chthonomonadales,OTU2308,4,5.53547e-6,11.764705882353%
d__Bacteria,k__norank_d__Bacteria,p__Proteobacteria,c__Alphaproteobacteria,o__Paracaedibacterales,f__Paracaedibacteraceae,g__Candidatus_Captivus,s__unclassified_g__Candidatus_Captivus,OTU2501,11,2.0E-5,29.411764705882%
d__Bacteria,k__norank_d__Bacteria,p__Actinobacteria,c__Actinobacteria,o__Propionibacteriales,f__Propionibacteriaceae,g__Micropruina,s__unclassified_g__Micropruina,OTU2591,9,1.0E-5,35.294117647059%
d__Bacteria,k__norank_d__Bacteria,p__Acidobacteria,c__Holophagae,o__Subgroup_7,f__norank_o__Subgroup_7,g__norank_o__Subgroup_7,s__unclassified_g__norank_o__Subgroup_7,OTU2955,2254,0.00312,64.705882352941%
d__Bacteria,k__norank_d__Bacteria,p__Chloroflexi,c__Anaerolineae,o__Caldilineales,f__Caldilineaceae,g__unclassified_f__Caldilineaceae,s__unclassified_f__Caldilineaceae,OTU2602,28,4.0E-5,47.058823529412%
d__Bacteria,k__norank_d__Bacteria,p__Proteobacteria,c__Deltaproteobacteria,o__Myxococcales,f__Sandaracinaceae,g__norank_f__Sandaracinaceae,s__uncultured_bacterium_g__norank_f__Sandaracinaceae,OTU2384,6,8.30321e-6,29.411764705882%
d__Bacteria,k__norank_d__Bacteria,p__Proteobacteria,c__Deltaproteobacteria,o__Myxococcales,f__mle1-27,g__norank_f__mle1-27,s__metagenome_g__norank_f__mle1-27,OTU2692,3,4.15161e-6,11.764705882353%
d__Bacteria,k__norank_d__Bacteria,p__Chloroflexi,c__Anaerolineae,o__SJA-15,f__norank_o__SJA-15,g__norank_o__SJA-15,s__unclassified_g__norank_o__SJA-15,OTU2921,186,0.00026,58.823529411765%
d__Bacteria,k__norank_d__Bacteria,p__Actinobacteria,c__Actinobacteria,o__Corynebacteriales,f__Corynebacteriaceae,g__Corynebacterium_1,s__Corynebacterium_stationis,OTU2478,2,2.76774e-6,11.764705882353%
d__Bacteria,k__norank_d__Bacteria,p__Proteobacteria,c__Gammaproteobacteria,o__Methylococcales,f__Methylomonaceae,g__unclassified_f__Methylomonaceae,s__unclassified_f__Methylomonaceae,OTU2715,132,0.00018,47.058823529412%
d__Bacteria,k__norank_d__Bacteria,p__Acidobacteria,c__Blastocatellia_Subgroup_4,o__DS-100,f__norank_o__DS-100,g__norank_o__DS-100,s__unclassified_g__norank_o__DS-100,OTU2770,56,8.0E-5,52.941176470588%
d__Bacteria,k__norank_d__Bacteria,p__Proteobacteria,c__Gammaproteobacteria,o__Betaproteobacteriales,f__Nitrosomonadaceae,g__oc32,s__uncultured_bacterium_g__oc32,OTU2869,4,5.53547e-6,17.647058823529%
d__Bacteria,k__norank_d__Bacteria,p__Dependentiae,c__Babeliae,o__Babeliales,f__Vermiphilaceae,g__norank_f__Vermiphilaceae,s__uncultured_bacterium_g__norank_f__Vermiphilaceae,OTU3038,8,1.0E-5,35.294117647059%
d__Bacteria,k__norank_d__Bacteria,p__Planctomycetes,c__Phycisphaerae,o__Phycisphaerales,f__Phycisphaeraceae,g__SM1A02,s__unclassified_g__SM1A02,OTU2318,4,5.53547e-6,23.529411764706%
d__Bacteria,k__norank_d__Bacteria,p__Actinobacteria,c__Actinobacteria,o__Microtrichales,f__norank_o__Microtrichales,g__norank_o__Microtrichales,s__uncultured_bacterium_g__norank_o__Microtrichales,OTU2777,81,0.00011,76.470588235294%
d__Bacteria,k__norank_d__Bacteria,p__Proteobacteria,c__Alphaproteobacteria,o__Rickettsiales,f__SM1B06,g__norank_f__SM1B06,s__uncultured_bacterium_g__norank_f__SM1B06,OTU2506,16,2.0E-5,41.176470588235%
d__Bacteria,k__norank_d__Bacteria,p__Actinobacteria,c__Actinobacteria,o__Corynebacteriales,f__Corynebacteriaceae,g__Corynebacterium_1,s__Corynebacterium_variabile_g__Corynebacterium_1,OTU2972,6,8.30321e-6,35.294117647059%
d__Bacteria,k__norank_d__Bacteria,p__Proteobacteria,c__Deltaproteobacteria,o__MBNT15,f__norank_o__MBNT15,g__norank_o__MBNT15,s__unclassified_g__norank_o__MBNT15,OTU2613,19,3.0E-5,35.294117647059%
d__Bacteria,k__norank_d__Bacteria,p__Proteobacteria,c__Deltaproteobacteria,o__Bdellovibrionales,f__Bacteriovoracaceae,g__Peredibacter,s__unclassified_g__Peredibacter,OTU2696,5,6.91934e-6,23.529411764706%
d__Bacteria,k__norank_d__Bacteria,p__Proteobacteria,c__Alphaproteobacteria,o__Caulobacterales,f__Hyphomonadaceae,g__SWB02,s__unclassified_g__SWB02,OTU2509,29,4.0E-5,64.705882352941%
d__Bacteria,k__norank_d__Bacteria,p__Proteobacteria,c__Alphaproteobacteria,o__Rhodospirillales,f__Rhodopirillaceae,g__Defluviicoccus,s__unclassified_g__Defluviicoccus,OTU2400,9,1.0E-5,35.294117647059%
d__Bacteria,k__norank_d__Bacteria,p__Bacteroidetes,c__Bacteroidia,o__Chitinophagales,f__unclassified_o__Chitinophagales,g__unclassified_o__Chitinophagales,s__unclassified_o__Chitinophagales,OTU2599,181,0.00025,47.058823529412%
d__Bacteria,k__norank_d__Bacteria,p__Acidobacteria,c__Subgroup_17,o__norank_c__Subgroup_17,f__norank_c__Subgroup_17,g__norank_c__Subgroup_17,s__unclassified_g__norank_c__Subgroup_17,OTU2718,176,0.00024,47.058823529412%
d__Bacteria,k__norank_d__Bacteria,p__Elusimicrobia,c__Elusimicrobia,o__norank_c__Elusimicrobia,f__norank_c__Elusimicrobia,g__norank_c__Elusimicrobia,s__unclassified_g__norank_c__Elusimicrobia,OTU2924,25,3.0E-5,41.176470588235%
d__Bacteria,k__norank_d__Bacteria,p__Proteobacteria,c__Gammaproteobacteria,o__Run-SP154,f__norank_o__Run-SP154,g__norank_o__Run-SP154,s__unclassified_g__norank_o__Run-SP154,OTU2896,16,2.0E-5,41.176470588235%
d__Bacteria,k__norank_d__Bacteria,p__Actinobacteria,c__Actinobacteria,o__Frankiales,f__Cryptosporangiaceae,g__Fodinicola,s__metagenome_g__Fodinicola,OTU2979,1702,0.00236,100%
d__Bacteria,k__norank_d__Bacteria,p__Planctomycetes,c__Planctomycetacia,o__norank_c__Planctomycetacia,f__norank_c__Planctomycetacia,g__norank_c__Planctomycetacia,s__uncultured_planctomycete_g__norank_c__Planctomycetacia,OTU3049,24,3.0E-5,41.176470588235%
d__Bacteria,k__norank_d__Bacteria,p__Planctomycetes,c__Phycisphaerae,o__Phycisphaerales,f__Phycisphaeraceae,g__SM1A02,s__uncultured_bacterium_g__SM1A02,OTU2616,25,3.0E-5,41.176470588235%
d__Bacteria,k__norank_d__Bacteria,p__Actinobacteria,c__Actinobacteria,o__Microtrichales,f__unclassified_o__Microtrichales,g__unclassified_o__Microtrichales,s__unclassified_o__Microtrichales,OTU2700,26,4.0E-5,52.941176470588%
d__Bacteria,k__norank_d__Bacteria,p__Actinobacteria,c__Actinobacteria,o__Bifidobacteriales,f__Bifidobacteriaceae,g__Bifidobacterium,s__Bifidobacterium_longum_subsp._longum,OTU2794,20,3.0E-5,47.058823529412%
d__Bacteria,k__norank_d__Bacteria,p__Chloroflexi,c__KD4-96,o__norank_c__KD4-96,f__norank_c__KD4-96,g__norank_c__KD4-96,s__uncultured_bacterium_g__norank_c__KD4-96,OTU2507,46,6.0E-5,58.823529411765%
d__Bacteria,k__norank_d__Bacteria,p__Acidobacteria,c__Acidobacteriia,o__Acidobacteriales,f__norank_o__Acidobacteriales,g__norank_o__Acidobacteriales,s__uncultured_bacterium_g__norank_o__Acidobacteriales,OTU2328,47,7.0E-5,52.941176470588%
d__Bacteria,k__norank_d__Bacteria,p__Proteobacteria,c__Gammaproteobacteria,o__Betaproteobacteriales,f__Rhodocyclaceae,g__Zoogloea,s__unclassified_g__Zoogloea,OTU2784,5,6.91934e-6,17.647058823529%
d__Bacteria,k__norank_d__Bacteria,p__Proteobacteria,c__Alphaproteobacteria,o__Rickettsiales,f__Rickettsiaceae,g__unclassified_f__Rickettsiaceae,s__unclassified_f__Rickettsiaceae,OTU2519,16,2.0E-5,35.294117647059%
d__Bacteria,k__norank_d__Bacteria,p__Proteobacteria,c__Gammaproteobacteria,o__Betaproteobacteriales,f__Hydrogenophilaceae,g__Thiobacillus,s__uncultured_bacterium_g__Thiobacillus,OTU2403,370,0.00051,100%
d__Bacteria,k__norank_d__Bacteria,p__Latescibacteria,c__Latescibacteria,o__norank_c__Latescibacteria,f__norank_c__Latescibacteria,g__norank_c__Latescibacteria,s__unclassified_g__norank_c__Latescibacteria,OTU2740,48,7.0E-5,47.058823529412%
d__Bacteria,k__norank_d__Bacteria,p__Armatimonadetes,c__norank_p__Armatimonadetes,o__norank_p__Armatimonadetes,f__norank_p__Armatimonadetes,g__norank_p__Armatimonadetes,s__unclassified_g__norank_p__Armatimonadetes,OTU2925,2,2.76774e-6,11.764705882353%
d__Bacteria,k__norank_d__Bacteria,p__Proteobacteria,c__Gammaproteobacteria,o__unclassified_c__Gammaproteobacteria,f__unclassified_c__Gammaproteobacteria,g__unclassified_c__Gammaproteobacteria,s__unclassified_c__Gammaproteobacteria,OTU2937,20,3.0E-5,64.705882352941%
d__Bacteria,k__norank_d__Bacteria,p__Chloroflexi,c__Chloroflexia,o__Chloroflexales,f__Roseiflexaceae,g__unclassified_f__Roseiflexaceae,s__unclassified_f__Roseiflexaceae,OTU2623,14,2.0E-5,41.176470588235%
d__Bacteria,k__norank_d__Bacteria,p__Zixibacteria,c__norank_p__Zixibacteria,o__norank_p__Zixibacteria,f__norank_p__Zixibacteria,g__norank_p__Zixibacteria,s__unclassified_g__norank_p__Zixibacteria,OTU2988,16,2.0E-5,41.176470588235%
d__Bacteria,k__norank_d__Bacteria,p__Proteobacteria,c__Gammaproteobacteria,o__unclassified_c__Gammaproteobacteria,f__unclassified_c__Gammaproteobacteria,g__unclassified_c__Gammaproteobacteria,s__unclassified_c__Gammaproteobacteria,OTU2617,508,0.0007,47.058823529412%
d__Bacteria,k__norank_d__Bacteria,p__Chloroflexi,c__Chloroflexia,o__Chloroflexales,f__Roseiflexaceae,g__Kouleothrix,s__uncultured_bacterium_g__Kouleothrix,OTU2512,104,0.00014,47.058823529412%
d__Bacteria,k__norank_d__Bacteria,p__Proteobacteria,c__Deltaproteobacteria,o__Oligoflexales,f__0319-6G20,g__norank_f__0319-6G20,s__unclassified_g__norank_f__0319-6G20,OTU2798,2,2.76774e-6,5.8823529411765%
d__Bacteria,k__norank_d__Bacteria,p__Proteobacteria,c__Deltaproteobacteria,o__Bdellovibrionales,f__Bdellovibrionaceae,g__Bdellovibrio,s__uncultured_bacterium_g__Bdellovibrio,OTU2821,13,2.0E-5,29.411764705882%
d__Bacteria,k__norank_d__Bacteria,p__Proteobacteria,c__Deltaproteobacteria,o__Myxococcales,f__Sandaracinaceae,g__norank_f__Sandaracinaceae,s__unclassified_g__norank_f__Sandaracinaceae,OTU2710,8,1.0E-5,17.647058823529%
d__Bacteria,k__norank_d__Bacteria,p__Proteobacteria,c__Alphaproteobacteria,o__Rickettsiales,f__AB1,g__norank_f__AB1,s__Alphaproteobacteria_bacterium_RIFCSPHIGHO2_01_FULL_41_14,OTU2421,26,4.0E-5,58.823529411765%
d__Bacteria,k__norank_d__Bacteria,p__Elusimicrobia,c__Elusimicrobia,o__MVP-88,f__norank_o__MVP-88,g__norank_o__MVP-88,s__uncultured_bacterium_g__norank_o__MVP-88,OTU3073,20,3.0E-5,41.176470588235%
d__Bacteria,k__norank_d__Bacteria,p__Latescibacteria,c__Latescibacteria,o__norank_c__Latescibacteria,f__norank_c__Latescibacteria,g__norank_c__Latescibacteria,s__unclassified_g__norank_c__Latescibacteria,OTU2743,74,0.0001,64.705882352941%
d__Bacteria,k__norank_d__Bacteria,p__Patescibacteria,c__Microgenomatia,o__Candidatus_Pacebacteria,f__norank_o__Candidatus_Pacebacteria,g__norank_o__Candidatus_Pacebacteria,s__unclassified_g__norank_o__Candidatus_Pacebacteria,OTU2926,7,9.68708e-6,29.411764705882%
d__Bacteria,k__norank_d__Bacteria,p__Planctomycetes,c__unclassified_p__Planctomycetes,o__unclassified_p__Planctomycetes,f__unclassified_p__Planctomycetes,g__unclassified_p__Planctomycetes,s__unclassified_p__Planctomycetes,OTU2537,7,9.68708e-6,23.529411764706%
d__Bacteria,k__norank_d__Bacteria,p__Actinobacteria,c__Actinobacteria,o__Microtrichales,f__Ilumatobacteraceae,g__norank_f__Ilumatobacteraceae,s__uncultured_bacterium_g__norank_f__Ilumatobacteraceae,OTU2640,116,0.00016,82.352941176471%
d__Bacteria,k__norank_d__Bacteria,p__Proteobacteria,c__Gammaproteobacteria,o__Xanthomonadales,f__Rhodanobacteraceae,g__Rhodanobacter,s__uncultured_Xanthomonadaceae_bacterium_g__Rhodanobacter,OTU2622,8,1.0E-5,23.529411764706%
d__Bacteria,k__norank_d__Bacteria,p__Acidobacteria,c__Subgroup_6,o__norank_c__Subgroup_6,f__norank_c__Subgroup_6,g__norank_c__Subgroup_6,s__unclassified_g__norank_c__Subgroup_6,OTU2947,837,0.00116,88.235294117647%
d__Bacteria,k__norank_d__Bacteria,p__Proteobacteria,c__Deltaproteobacteria,o__Syntrophobacterales,f__Syntrophaceae,g__norank_f__Syntrophaceae,s__unclassified_g__norank_f__Syntrophaceae,OTU2803,24,3.0E-5,35.294117647059%
d__Bacteria,k__norank_d__Bacteria,p__Chloroflexi,c__Anaerolineae,o__RBG-13-54-9,f__norank_o__RBG-13-54-9,g__norank_o__RBG-13-54-9,s__unclassified_g__norank_o__RBG-13-54-9,OTU2997,64,9.0E-5,47.058823529412%
d__Bacteria,k__norank_d__Bacteria,p__Bacteroidetes,c__Bacteroidia,o__Chitinophagales,f__Saprospiraceae,g__norank_f__Saprospiraceae,s__unclassified_g__norank_f__Saprospiraceae,OTU2836,4,5.53547e-6,17.647058823529%
d__Bacteria,k__norank_d__Bacteria,p__Proteobacteria,c__Alphaproteobacteria,o__unclassified_c__Alphaproteobacteria,f__unclassified_c__Alphaproteobacteria,g__unclassified_c__Alphaproteobacteria,s__unclassified_c__Alphaproteobacteria,OTU2337,99,0.00014,70.588235294118%
d__Bacteria,k__norank_d__Bacteria,p__Spirochaetes,c__Leptospirae,o__Leptospirales,f__Leptospiraceae,g__RBG-16-49-21,s__unclassified_g__RBG-16-49-21,OTU2738,9,1.0E-5,41.176470588235%
d__Bacteria,k__norank_d__Bacteria,p__Proteobacteria,c__Deltaproteobacteria,o__Oligoflexales,f__Oligoflexaceae,g__Silvanigrella,s__unclassified_g__Silvanigrella,OTU2423,4,5.53547e-6,11.764705882353%
d__Bacteria,k__norank_d__Bacteria,p__Proteobacteria,c__Deltaproteobacteria,o__Myxococcales,f__P3OB-42,g__norank_f__P3OB-42,s__unclassified_g__norank_f__P3OB-42,OTU2522,2,2.76774e-6,11.764705882353%
d__Bacteria,k__norank_d__Bacteria,p__Proteobacteria,c__Deltaproteobacteria,o__SAR324_cladeMarine_group_B,f__norank_o__SAR324_cladeMarine_group_B,g__norank_o__SAR324_cladeMarine_group_B,s__unclassified_g__norank_o__SAR324_cladeMarine_group_B,OTU3076,47,7.0E-5,47.058823529412%
d__Bacteria,k__norank_d__Bacteria,p__Acidobacteria,c__Holophagae,o__Subgroup_7,f__norank_o__Subgroup_7,g__norank_o__Subgroup_7,s__unclassified_g__norank_o__Subgroup_7,OTU2748,1175,0.00163,58.823529411765%
d__Bacteria,k__norank_d__Bacteria,p__Dependentiae,c__Babeliae,o__Babeliales,f__unclassified_o__Babeliales,g__unclassified_o__Babeliales,s__unclassified_o__Babeliales,OTU2936,4,5.53547e-6,11.764705882353%
d__Bacteria,k__norank_d__Bacteria,p__Bacteroidetes,c__Bacteroidia,o__Chitinophagales,f__Chitinophagaceae,g__Dinghuibacter,s__metagenome_g__Dinghuibacter,OTU2585,32,4.0E-5,47.058823529412%
d__Bacteria,k__norank_d__Bacteria,p__Proteobacteria,c__Deltaproteobacteria,o__Myxococcales,f__bacteriap25,g__norank_f__bacteriap25,s__unclassified_g__norank_f__bacteriap25,OTU2627,11,2.0E-5,29.411764705882%
d__Bacteria,k__norank_d__Bacteria,p__Proteobacteria,c__Deltaproteobacteria,o__Bdellovibrionales,f__Bdellovibrionaceae,g__Bdellovibrio,s__unclassified_g__Bdellovibrio,OTU2986,10,1.0E-5,35.294117647059%
d__Bacteria,k__norank_d__Bacteria,p__Acidobacteria,c__Holophagae,o__Holophagales,f__Holophagaceae,g__norank_f__Holophagaceae,s__metagenome_g__norank_f__Holophagaceae,OTU2807,9,1.0E-5,29.411764705882%
d__Bacteria,k__norank_d__Bacteria,p__Bacteroidetes,c__Ignavibacteria,o__Kryptoniales,f__BSV26,g__norank_f__BSV26,s__unclassified_g__norank_f__BSV26,OTU2861,6,8.30321e-6,23.529411764706%
d__Bacteria,k__norank_d__Bacteria,p__Proteobacteria,c__Deltaproteobacteria,o__Myxococcales,f__Haliangiaceae,g__Haliangium,s__unclassified_g__Haliangium,OTU2642,4,5.53547e-6,23.529411764706%
d__Bacteria,k__norank_d__Bacteria,p__Planctomycetes,c__Planctomycetacia,o__Gemmatales,f__Gemmataceae,g__norank_f__Gemmataceae,s__unclassified_g__norank_f__Gemmataceae,OTU3024,23,3.0E-5,47.058823529412%
d__Bacteria,k__norank_d__Bacteria,p__Acidobacteria,c__Holophagae,o__Subgroup_7,f__norank_o__Subgroup_7,g__norank_o__Subgroup_7,s__uncultured_bacterium_SJA-36,OTU2757,147,0.0002,47.058823529412%
d__Bacteria,k__norank_d__Bacteria,p__unclassified_k__norank_d__Bacteria,c__unclassified_k__norank_d__Bacteria,o__unclassified_k__norank_d__Bacteria,f__unclassified_k__norank_d__Bacteria,g__unclassified_k__norank_d__Bacteria,s__unclassified_k__norank_d__Bacteria,OTU2424,17,2.0E-5,35.294117647059%
d__Bacteria,k__norank_d__Bacteria,p__Planctomycetes,c__Phycisphaerae,o__Phycisphaerales,f__Phycisphaeraceae,g__SM1A02,s__uncultured_bacterium_g__SM1A02,OTU2525,28,4.0E-5,41.176470588235%
d__Bacteria,k__norank_d__Bacteria,p__Firmicutes,c__Clostridia,o__Clostridiales,f__Clostridiaceae_1,g__Clostridium_sensu_stricto_1,s__Clostridium_butyricum,OTU2347,153,0.00021,64.705882352941%
d__Bacteria,k__norank_d__Bacteria,p__Proteobacteria,c__Deltaproteobacteria,o__Myxococcales,f__Haliangiaceae,g__Haliangium,s__uncultured_delta_proteobacterium_g__Haliangium,OTU3100,176,0.00024,52.941176470588%
d__Bacteria,k__norank_d__Bacteria,p__Proteobacteria,c__Gammaproteobacteria,o__unclassified_c__Gammaproteobacteria,f__unclassified_c__Gammaproteobacteria,g__unclassified_c__Gammaproteobacteria,s__unclassified_c__Gammaproteobacteria,OTU2951,9,1.0E-5,35.294117647059%
d__Bacteria,k__norank_d__Bacteria,p__Proteobacteria,c__unclassified_p__Proteobacteria,o__unclassified_p__Proteobacteria,f__unclassified_p__Proteobacteria,g__unclassified_p__Proteobacteria,s__unclassified_p__Proteobacteria,OTU2659,42,6.0E-5,47.058823529412%
d__Bacteria,k__norank_d__Bacteria,p__Proteobacteria,c__Deltaproteobacteria,o__Myxococcales,f__mle1-27,g__norank_f__mle1-27,s__uncultured_bacterium_g__norank_f__mle1-27,OTU2771,11,2.0E-5,35.294117647059%
d__Bacteria,k__norank_d__Bacteria,p__Proteobacteria,c__Deltaproteobacteria,o__unclassified_c__Deltaproteobacteria,f__unclassified_c__Deltaproteobacteria,g__unclassified_c__Deltaproteobacteria,s__unclassified_c__Deltaproteobacteria,OTU2823,4,5.53547e-6,17.647058823529%
d__Bacteria,k__norank_d__Bacteria,p__Latescibacteria,c__Latescibacteria,o__norank_c__Latescibacteria,f__norank_c__Latescibacteria,g__norank_c__Latescibacteria,s__unclassified_g__norank_c__Latescibacteria,OTU2863,29,4.0E-5,47.058823529412%
d__Bacteria,k__norank_d__Bacteria,p__Planctomycetes,c__OM190,o__norank_c__OM190,f__norank_c__OM190,g__norank_c__OM190,s__uncultured_bacterium_g__norank_c__OM190,OTU2764,29,4.0E-5,58.823529411765%
d__Bacteria,k__norank_d__Bacteria,p__Bacteroidetes,c__Ignavibacteria,o__SJA-28,f__norank_o__SJA-28,g__norank_o__SJA-28,s__uncultured_bacterium_g__norank_o__SJA-28,OTU3006,12,2.0E-5,29.411764705882%
d__Bacteria,k__norank_d__Bacteria,p__Armatimonadetes,c__Fimbriimonadia,o__Fimbriimonadales,f__Fimbriimonadaceae,g__norank_f__Fimbriimonadaceae,s__unclassified_g__norank_f__Fimbriimonadaceae,OTU2688,5,6.91934e-6,17.647058823529%
d__Bacteria,k__norank_d__Bacteria,p__Proteobacteria,c__Deltaproteobacteria,o__Oligoflexales,f__0319-6G20,g__norank_f__0319-6G20,s__unclassified_g__norank_f__0319-6G20,OTU3026,4,5.53547e-6,23.529411764706%
d__Bacteria,k__norank_d__Bacteria,p__Patescibacteria,c__Parcubacteria,o__Candidatus_Kaiserbacteria,f__norank_o__Candidatus_Kaiserbacteria,g__norank_o__Candidatus_Kaiserbacteria,s__uncultured_bacterium_g__norank_o__Candidatus_Kaiserbacteria,OTU2437,5,6.91934e-6,29.411764705882%
d__Bacteria,k__norank_d__Bacteria,p__Proteobacteria,c__Deltaproteobacteria,o__Bdellovibrionales,f__Bdellovibrionaceae,g__Bdellovibrio,s__unclassified_g__Bdellovibrio,OTU2587,2,2.76774e-6,11.764705882353%
d__Bacteria,k__norank_d__Bacteria,p__Proteobacteria,c__Deltaproteobacteria,o__Bdellovibrionales,f__Bdellovibrionaceae,g__Bdellovibrio,s__uncultured_bacterium_g__Bdellovibrio,OTU2350,24,3.0E-5,41.176470588235%
d__Bacteria,k__norank_d__Bacteria,p__Planctomycetes,c__OM190,o__norank_c__OM190,f__norank_c__OM190,g__norank_c__OM190,s__unclassified_g__norank_c__OM190,OTU2551,14,2.0E-5,35.294117647059%
d__Bacteria,k__norank_d__Bacteria,p__Proteobacteria,c__Gammaproteobacteria,o__Xanthomonadales,f__Rhodanobacteraceae,g__Tahibacter,s__uncultured_bacterium_g__Tahibacter,OTU3122,19,3.0E-5,23.529411764706%
d__Bacteria,k__norank_d__Bacteria,p__Proteobacteria,c__Deltaproteobacteria,o__Myxococcales,f__Archangiaceae,g__Anaeromyxobacter,s__uncultured_bacterium_g__Anaeromyxobacter,OTU2690,84,0.00012,47.058823529412%
d__Bacteria,k__norank_d__Bacteria,p__Chloroflexi,c__JG30-KF-CM66,o__norank_c__JG30-KF-CM66,f__norank_c__JG30-KF-CM66,g__norank_c__JG30-KF-CM66,s__unclassified_g__norank_c__JG30-KF-CM66,OTU2779,3,4.15161e-6,11.764705882353%
d__Bacteria,k__norank_d__Bacteria,p__Actinobacteria,c__Actinobacteria,o__Microtrichales,f__norank_o__Microtrichales,g__norank_o__Microtrichales,s__metagenome_g__norank_o__Microtrichales,OTU2967,36,5.0E-5,58.823529411765%
d__Bacteria,k__norank_d__Bacteria,p__Bacteroidetes,c__Ignavibacteria,o__Kryptoniales,f__BSV26,g__norank_f__BSV26,s__unclassified_g__norank_f__BSV26,OTU2830,23,3.0E-5,41.176470588235%
d__Bacteria,k__norank_d__Bacteria,p__Proteobacteria,c__Deltaproteobacteria,o__Bdellovibrionales,f__Bdellovibrionaceae,g__Bdellovibrio,s__unclassified_g__Bdellovibrio,OTU2897,4,5.53547e-6,17.647058823529%
d__Bacteria,k__norank_d__Bacteria,p__Proteobacteria,c__Deltaproteobacteria,o__Myxococcales,f__bacteriap25,g__norank_f__bacteriap25,s__unclassified_g__norank_f__bacteriap25,OTU2768,4,5.53547e-6,17.647058823529%
d__Bacteria,k__norank_d__Bacteria,p__Acidobacteria,c__Blastocatellia_Subgroup_4,o__11-24,f__norank_o__11-24,g__norank_o__11-24,s__metagenome_g__norank_o__11-24,OTU2699,152,0.00021,47.058823529412%
d__Bacteria,k__norank_d__Bacteria,p__Proteobacteria,c__Gammaproteobacteria,o__Betaproteobacteriales,f__SC-I-84,g__norank_f__SC-I-84,s__unclassified_g__norank_f__SC-I-84,OTU2586,3342,0.00462,58.823529411765%
d__Bacteria,k__norank_d__Bacteria,p__Acidobacteria,c__Subgroup_22,o__norank_c__Subgroup_22,f__norank_c__Subgroup_22,g__norank_c__Subgroup_22,s__unclassified_g__norank_c__Subgroup_22,OTU3018,20,3.0E-5,41.176470588235%
d__Bacteria,k__norank_d__Bacteria,p__Patescibacteria,c__WS6_Dojkabacteria,o__norank_c__WS6_Dojkabacteria,f__norank_c__WS6_Dojkabacteria,g__norank_c__WS6_Dojkabacteria,s__uncultured_anaerobic_bacterium_g__norank_c__WS6_Dojkabacteria,OTU2697,11,2.0E-5,29.411764705882%
d__Bacteria,k__norank_d__Bacteria,p__Proteobacteria,c__Gammaproteobacteria,o__Betaproteobacteriales,f__SC-I-84,g__norank_f__SC-I-84,s__unclassified_g__norank_f__SC-I-84,OTU2362,60,8.0E-5,58.823529411765%
d__Bacteria,k__norank_d__Bacteria,p__Verrucomicrobia,c__Verrucomicrobiae,o__LD1-PB3,f__norank_o__LD1-PB3,g__norank_o__LD1-PB3,s__uncultured_bacterium_g__norank_o__LD1-PB3,OTU2783,4,5.53547e-6,23.529411764706%
d__Bacteria,k__norank_d__Bacteria,p__Chlamydiae,c__Chlamydiae,o__Chlamydiales,f__Simkaniaceae,g__norank_f__Simkaniaceae,s__unclassified_g__norank_f__Simkaniaceae,OTU2969,14,2.0E-5,41.176470588235%
d__Bacteria,k__norank_d__Bacteria,p__Actinobacteria,c__Actinobacteria,o__Propionibacteriales,f__Nocardioidaceae,g__Nocardioides,s__unclassified_g__Nocardioides,OTU2620,32,4.0E-5,47.058823529412%
d__Bacteria,k__norank_d__Bacteria,p__Chloroflexi,c__Anaerolineae,o__SBR1031,f__A4b,g__norank_f__A4b,s__uncultured_bacterium_g__norank_f__A4b,OTU2447,51,7.0E-5,64.705882352941%
d__Bacteria,k__norank_d__Bacteria,p__Planctomycetes,c__Planctomycetacia,o__Gemmatales,f__Gemmataceae,g__norank_f__Gemmataceae,s__uncultured_bacterium_g__norank_f__Gemmataceae,OTU2831,61,8.0E-5,47.058823529412%
d__Bacteria,k__norank_d__Bacteria,p__Cyanobacteria,c__Melainabacteria,o__Obscuribacterales,f__norank_o__Obscuribacterales,g__norank_o__Obscuribacterales,s__uncultured_bacterium_g__norank_o__Obscuribacterales,OTU2778,35,5.0E-5,47.058823529412%
d__Bacteria,k__norank_d__Bacteria,p__Proteobacteria,c__Gammaproteobacteria,o__Betaproteobacteriales,f__SC-I-84,g__norank_f__SC-I-84,s__unclassified_g__norank_f__SC-I-84,OTU3126,150,0.00021,64.705882352941%
d__Bacteria,k__norank_d__Bacteria,p__Proteobacteria,c__Deltaproteobacteria,o__SAR324_cladeMarine_group_B,f__norank_o__SAR324_cladeMarine_group_B,g__norank_o__SAR324_cladeMarine_group_B,s__uncultured_bacterium_g__norank_o__SAR324_cladeMarine_group_B,OTU3032,18,2.0E-5,41.176470588235%
d__Bacteria,k__norank_d__Bacteria,p__Planctomycetes,c__Planctomycetacia,o__Isosphaerales,f__Isosphaeraceae,g__Singulisphaera,s__uncultured_bacterium_g__Singulisphaera,OTU2725,32,4.0E-5,52.941176470588%
d__Bacteria,k__norank_d__Bacteria,p__Firmicutes,c__Erysipelotrichia,o__Erysipelotrichales,f__Erysipelotrichaceae,g__Erysipelotrichaceae_UCG-003,s__uncultured_bacterium_g__Erysipelotrichaceae_UCG-003,OTU2624,31,4.0E-5,41.176470588235%
d__Bacteria,k__norank_d__Bacteria,p__Chloroflexi,c__Anaerolineae,o__Anaerolineales,f__Anaerolineaceae,g__Anaerolinea,s__uncultured_Anaerolineaceae_bacterium_g__Anaerolinea,OTU2916,76,0.00011,47.058823529412%
d__Bacteria,k__norank_d__Bacteria,p__Proteobacteria,c__Alphaproteobacteria,o__Rhizobiales,f__Rhizobiales_Incertae_Sedis,g__norank_f__Rhizobiales_Incertae_Sedis,s__unclassified_g__norank_f__Rhizobiales_Incertae_Sedis,OTU2370,4,5.53547e-6,11.764705882353%
d__Bacteria,k__norank_d__Bacteria,p__Latescibacteria,c__Latescibacteria,o__Latescibacterales,f__Latescibacteraceae,g__norank_f__Latescibacteraceae,s__metagenome_g__norank_f__Latescibacteraceae,OTU2786,15,2.0E-5,41.176470588235%
d__Bacteria,k__norank_d__Bacteria,p__Patescibacteria,c__Saccharimonadia,o__Saccharimonadales,f__norank_o__Saccharimonadales,g__norank_o__Saccharimonadales,s__uncultured_candidate_division_WS5_bacterium,OTU2991,1415,0.00196,64.705882352941%
d__Bacteria,k__norank_d__Bacteria,p__Proteobacteria,c__Alphaproteobacteria,o__Rhizobiales,f__Xanthobacteraceae,g__norank_f__Xanthobacteraceae,s__unclassified_g__norank_f__Xanthobacteraceae,OTU2455,1161,0.00161,100%
d__Bacteria,k__norank_d__Bacteria,p__Bacteroidetes,c__Bacteroidia,o__Chitinophagales,f__Chitinophagaceae,g__Dinghuibacter,s__unclassified_g__Dinghuibacter,OTU3019,28,4.0E-5,35.294117647059%
d__Bacteria,k__norank_d__Bacteria,p__Proteobacteria,c__Gammaproteobacteria,o__Methylococcales,f__Methylomonaceae,g__unclassified_f__Methylomonaceae,s__unclassified_f__Methylomonaceae,OTU2789,10,1.0E-5,41.176470588235%
d__Bacteria,k__norank_d__Bacteria,p__Chloroflexi,c__Anaerolineae,o__RBG-13-54-9,f__norank_o__RBG-13-54-9,g__norank_o__RBG-13-54-9,s__unclassified_g__norank_o__RBG-13-54-9,OTU2626,507,0.0007,47.058823529412%
d__Bacteria,k__norank_d__Bacteria,p__Acidobacteria,c__Subgroup_17,o__norank_c__Subgroup_17,f__norank_c__Subgroup_17,g__norank_c__Subgroup_17,s__unclassified_g__norank_c__Subgroup_17,OTU2713,377,0.00052,52.941176470588%
d__Bacteria,k__norank_d__Bacteria,p__Firmicutes,c__Negativicutes,o__Selenomonadales,f__Acidaminococcaceae,g__norank_f__Acidaminococcaceae,s__uncultured_bacterium_g__norank_f__Acidaminococcaceae,OTU3058,36,5.0E-5,52.941176470588%
d__Bacteria,k__norank_d__Bacteria,p__Firmicutes,c__Clostridia,o__Clostridiales,f__Ruminococcaceae,g__Eubacterium]_coprostanoligenes_group,s__unclassified_g__Eubacterium]_coprostanoligenes_group,OTU2838,4,5.53547e-6,23.529411764706%
d__Bacteria,k__norank_d__Bacteria,p__Chloroflexi,c__Anaerolineae,o__RBG-13-54-9,f__norank_o__RBG-13-54-9,g__norank_o__RBG-13-54-9,s__unclassified_g__norank_o__RBG-13-54-9,OTU2651,12,2.0E-5,41.176470588235%
d__Bacteria,k__norank_d__Bacteria,p__Proteobacteria,c__Gammaproteobacteria,o__Betaproteobacteriales,f__Hydrogenophilaceae,g__norank_f__Hydrogenophilaceae,s__unclassified_g__norank_f__Hydrogenophilaceae,OTU3130,86,0.00012,64.705882352941%
d__Bacteria,k__norank_d__Bacteria,p__Bacteroidetes,c__Bacteroidia,o__Sphingobacteriales,f__AKYH767,g__norank_f__AKYH767,s__uncultured_bacterium_g__norank_f__AKYH767,OTU2920,22,3.0E-5,41.176470588235%
d__Bacteria,k__norank_d__Bacteria,p__Planctomycetes,c__unclassified_p__Planctomycetes,o__unclassified_p__Planctomycetes,f__unclassified_p__Planctomycetes,g__unclassified_p__Planctomycetes,s__unclassified_p__Planctomycetes,OTU2730,9,1.0E-5,35.294117647059%
d__Bacteria,k__norank_d__Bacteria,p__Patescibacteria,c__Saccharimonadia,o__Saccharimonadales,f__norank_o__Saccharimonadales,g__norank_o__Saccharimonadales,s__unclassified_g__norank_o__Saccharimonadales,OTU3003,193,0.00027,64.705882352941%
d__Bacteria,k__norank_d__Bacteria,p__Proteobacteria,c__Gammaproteobacteria,o__Betaproteobacteriales,f__Burkholderiaceae,g__unclassified_f__Burkholderiaceae,s__unclassified_f__Burkholderiaceae,OTU2414,14,2.0E-5,29.411764705882%
d__Bacteria,k__norank_d__Bacteria,p__Patescibacteria,c__Microgenomatia,o__Candidatus_Pacebacteria,f__norank_o__Candidatus_Pacebacteria,g__norank_o__Candidatus_Pacebacteria,s__uncultured_bacterium_g__norank_o__Candidatus_Pacebacteria,OTU2461,6,8.30321e-6,23.529411764706%
d__Bacteria,k__norank_d__Bacteria,p__Proteobacteria,c__Gammaproteobacteria,o__Methylococcales,f__Methylomonaceae,g__unclassified_f__Methylomonaceae,s__unclassified_f__Methylomonaceae,OTU2790,89,0.00012,64.705882352941%
d__Bacteria,k__norank_d__Bacteria,p__Chloroflexi,c__Anaerolineae,o__SBR1031,f__norank_o__SBR1031,g__norank_o__SBR1031,s__unclassified_g__norank_o__SBR1031,OTU2763,65,9.0E-5,47.058823529412%
d__Bacteria,k__norank_d__Bacteria,p__Proteobacteria,c__Deltaproteobacteria,o__Myxococcales,f__Polyangiaceae,g__Pajaroellobacter,s__uncultured_bacterium_g__Pajaroellobacter,OTU2787,16,2.0E-5,47.058823529412%
d__Bacteria,k__norank_d__Bacteria,p__Acidobacteria,c__Subgroup_6,o__norank_c__Subgroup_6,f__norank_c__Subgroup_6,g__norank_c__Subgroup_6,s__unclassified_g__norank_c__Subgroup_6,OTU3069,4,5.53547e-6,11.764705882353%
d__Bacteria,k__norank_d__Bacteria,p__Verrucomicrobia,c__Verrucomicrobiae,o__Chthoniobacterales,f__Chthoniobacteraceae,g__Chthoniobacter,s__unclassified_g__Chthoniobacter,OTU3052,7,9.68708e-6,41.176470588235%
d__Bacteria,k__norank_d__Bacteria,p__Acidobacteria,c__Holophagae,o__Subgroup_7,f__norank_o__Subgroup_7,g__norank_o__Subgroup_7,s__uncultured_bacterium_SJA-36,OTU2667,54,7.0E-5,47.058823529412%
d__Bacteria,k__norank_d__Bacteria,p__Proteobacteria,c__Gammaproteobacteria,o__Betaproteobacteriales,f__unclassified_o__Betaproteobacteriales,g__unclassified_o__Betaproteobacteriales,s__unclassified_o__Betaproteobacteriales,OTU3136,20,3.0E-5,47.058823529412%
d__Bacteria,k__norank_d__Bacteria,p__Chloroflexi,c__Anaerolineae,o__SJA-15,f__norank_o__SJA-15,g__norank_o__SJA-15,s__unclassified_g__norank_o__SJA-15,OTU2923,7,9.68708e-6,35.294117647059%
d__Bacteria,k__norank_d__Bacteria,p__Proteobacteria,c__Deltaproteobacteria,o__Myxococcales,f__Haliangiaceae,g__Haliangium,s__uncultured_bacterium_g__Haliangium,OTU2663,15,2.0E-5,41.176470588235%
d__Bacteria,k__norank_d__Bacteria,p__Bacteroidetes,c__Bacteroidia,o__Sphingobacteriales,f__env.OPS_17,g__norank_f__env.OPS_17,s__uncultured_Sphingobacteriia_bacterium_g__norank_f__env.OPS_17,OTU2839,15,2.0E-5,52.941176470588%
d__Bacteria,k__norank_d__Bacteria,p__Bacteroidetes,c__Bacteroidia,o__Sphingobacteriales,f__LiUU-11-161,g__norank_f__LiUU-11-161,s__metagenome_g__norank_f__LiUU-11-161,OTU2752,4,5.53547e-6,17.647058823529%
d__Bacteria,k__norank_d__Bacteria,p__Patescibacteria,c__Parcubacteria,o__norank_c__Parcubacteria,f__norank_c__Parcubacteria,g__norank_c__Parcubacteria,s__unclassified_g__norank_c__Parcubacteria,OTU2430,3,4.15161e-6,11.764705882353%
d__Bacteria,k__norank_d__Bacteria,p__Latescibacteria,c__Latescibacteria,o__norank_c__Latescibacteria,f__norank_c__Latescibacteria,g__norank_c__Latescibacteria,s__unclassified_g__norank_c__Latescibacteria,OTU2765,11,2.0E-5,41.176470588235%
d__Bacteria,k__norank_d__Bacteria,p__Proteobacteria,c__Deltaproteobacteria,o__Deltaproteobacteria_Incertae_Sedis,f__Syntrophorhabdaceae,g__Syntrophorhabdus,s__uncultured_Syntrophorhabdaceae_bacterium_TA10,OTU3008,4,5.53547e-6,17.647058823529%
d__Bacteria,k__norank_d__Bacteria,p__Proteobacteria,c__Gammaproteobacteria,o__eub62A3,f__norank_o__eub62A3,g__norank_o__eub62A3,s__uncultured_bacterium_g__norank_o__eub62A3,OTU3079,5,6.91934e-6,29.411764705882%
d__Bacteria,k__norank_d__Bacteria,p__Bacteroidetes,c__Bacteroidia,o__Bacteroidales,f__Bacteroidetes_vadinHA17,g__norank_f__Bacteroidetes_vadinHA17,s__uncultured_bacterium_g__norank_f__Bacteroidetes_vadinHA17,OTU2791,5,6.91934e-6,17.647058823529%
d__Bacteria,k__norank_d__Bacteria,p__Chloroflexi,c__KD4-96,o__norank_c__KD4-96,f__norank_c__KD4-96,g__norank_c__KD4-96,s__uncultured_bacterium_g__norank_c__KD4-96,OTU2473,16826,0.02328,88.235294117647%
d__Bacteria,k__norank_d__Bacteria,p__Bacteroidetes,c__Bacteroidia,o__Chitinophagales,f__norank_o__Chitinophagales,g__norank_o__Chitinophagales,s__unclassified_g__norank_o__Chitinophagales,OTU2676,18,2.0E-5,41.176470588235%
d__Bacteria,k__norank_d__Bacteria,p__Patescibacteria,c__Berkelbacteria,o__norank_c__Berkelbacteria,f__norank_c__Berkelbacteria,g__norank_c__Berkelbacteria,s__Candidatus_Berkelbacteria_bacterium_RIFOXYA2_FULL_43_10,OTU3064,5,6.91934e-6,29.411764705882%
d__Bacteria,k__norank_d__Bacteria,p__Proteobacteria,c__Gammaproteobacteria,o__Betaproteobacteriales,f__Rhodocyclaceae,g__norank_f__Rhodocyclaceae,s__uncultured_soil_bacterium_g__norank_f__Rhodocyclaceae,OTU3180,784,0.00108,64.705882352941%
d__Bacteria,k__norank_d__Bacteria,p__Dependentiae,c__Babeliae,o__Babeliales,f__Vermiphilaceae,g__norank_f__Vermiphilaceae,s__metagenome_g__norank_f__Vermiphilaceae,OTU2673,22,3.0E-5,47.058823529412%
d__Bacteria,k__norank_d__Bacteria,p__Bacteroidetes,c__Ignavibacteria,o__Kryptoniales,f__BSV26,g__norank_f__BSV26,s__uncultured_bacterium_g__norank_f__BSV26,OTU2840,16,2.0E-5,41.176470588235%
d__Bacteria,k__norank_d__Bacteria,p__Proteobacteria,c__Deltaproteobacteria,o__Oligoflexales,f__0319-6G20,g__norank_f__0319-6G20,s__unclassified_g__norank_f__0319-6G20,OTU2773,3,4.15161e-6,17.647058823529%
d__Bacteria,k__norank_d__Bacteria,p__Firmicutes,c__Clostridia,o__Clostridiales,f__Ruminococcaceae,g__Ruminococcaceae_NK4A214_group,s__uncultured_bacterium_g__Ruminococcaceae_NK4A214_group,OTU2929,2,2.76774e-6,11.764705882353%
d__Bacteria,k__norank_d__Bacteria,p__Chloroflexi,c__TK10,o__norank_c__TK10,f__norank_c__TK10,g__norank_c__TK10,s__unclassified_g__norank_c__TK10,OTU2438,30,4.0E-5,47.058823529412%
d__Bacteria,k__norank_d__Bacteria,p__Chloroflexi,c__Anaerolineae,o__Anaerolineales,f__Anaerolineaceae,g__norank_f__Anaerolineaceae,s__uncultured_sludge_bacterium_S41,OTU2868,9,1.0E-5,29.411764705882%
d__Bacteria,k__norank_d__Bacteria,p__Bacteroidetes,c__Ignavibacteria,o__OPB56,f__norank_o__OPB56,g__norank_o__OPB56,s__unclassified_g__norank_o__OPB56,OTU2829,11,2.0E-5,35.294117647059%
d__Bacteria,k__norank_d__Bacteria,p__Proteobacteria,c__Gammaproteobacteria,o__Coxiellales,f__Coxiellaceae,g__Coxiella,s__unclassified_g__Coxiella,OTU3091,18,2.0E-5,35.294117647059%
d__Bacteria,k__norank_d__Bacteria,p__Proteobacteria,c__Deltaproteobacteria,o__unclassified_c__Deltaproteobacteria,f__unclassified_c__Deltaproteobacteria,g__unclassified_c__Deltaproteobacteria,s__unclassified_c__Deltaproteobacteria,OTU2677,34,5.0E-5,47.058823529412%
d__Bacteria,k__norank_d__Bacteria,p__Spirochaetes,c__Leptospirae,o__Leptospirales,f__Leptospiraceae,g__norank_f__Leptospiraceae,s__uncultured_bacterium_g__norank_f__Leptospiraceae,OTU2854,2,2.76774e-6,11.764705882353%
d__Bacteria,k__norank_d__Bacteria,p__Proteobacteria,c__Gammaproteobacteria,o__Betaproteobacteriales,f__Rhodocyclaceae,g__Thauera,s__unclassified_g__Thauera,OTU3086,48,7.0E-5,41.176470588235%
d__Bacteria,k__norank_d__Bacteria,p__Bacteroidetes,c__Bacteroidia,o__Chitinophagales,f__Saprospiraceae,g__norank_f__Saprospiraceae,s__unclassified_g__norank_f__Saprospiraceae,OTU2497,10,1.0E-5,23.529411764706%
d__Bacteria,k__norank_d__Bacteria,p__Chlamydiae,c__Chlamydiae,o__Chlamydiales,f__Simkaniaceae,g__unclassified_f__Simkaniaceae,s__unclassified_f__Simkaniaceae,OTU3183,4,5.53547e-6,17.647058823529%
d__Bacteria,k__norank_d__Bacteria,p__Verrucomicrobia,c__Verrucomicrobiae,o__Methylacidiphilales,f__Methylacidiphilaceae,g__norank_f__Methylacidiphilaceae,s__candidate_division_WWE3_bacterium_RIFCSPLOWO2_01_FULL_53_14,OTU2774,88,0.00012,47.058823529412%
d__Bacteria,k__norank_d__Bacteria,p__Chlamydiae,c__Chlamydiae,o__Chlamydiales,f__unclassified_o__Chlamydiales,g__unclassified_o__Chlamydiales,s__unclassified_o__Chlamydiales,OTU2932,2,2.76774e-6,11.764705882353%
d__Bacteria,k__norank_d__Bacteria,p__Chloroflexi,c__Anaerolineae,o__Anaerolineales,f__Anaerolineaceae,g__unclassified_f__Anaerolineaceae,s__unclassified_f__Anaerolineaceae,OTU3011,5,6.91934e-6,23.529411764706%
d__Bacteria,k__norank_d__Bacteria,p__Firmicutes,c__Clostridia,o__Clostridiales,f__Clostridiaceae_1,g__Clostridium_sensu_stricto_2,s__Clostridium_frigidicarnis,OTU2859,12,2.0E-5,35.294117647059%
d__Bacteria,k__norank_d__Bacteria,p__Firmicutes,c__Clostridia,o__Clostridiales,f__Lachnospiraceae,g__Dorea,s__metagenome_g__Dorea,OTU2442,50,7.0E-5,47.058823529412%
d__Bacteria,k__norank_d__Bacteria,p__Proteobacteria,c__Deltaproteobacteria,o__Bdellovibrionales,f__Bdellovibrionaceae,g__Bdellovibrio,s__unclassified_g__Bdellovibrio,OTU2864,131,0.00018,47.058823529412%
d__Bacteria,k__norank_d__Bacteria,p__Proteobacteria,c__Gammaproteobacteria,o__WD260,f__norank_o__WD260,g__norank_o__WD260,s__uncultured_bacterium_g__norank_o__WD260,OTU3111,482,0.00067,88.235294117647%
d__Bacteria,k__norank_d__Bacteria,p__Proteobacteria,c__Deltaproteobacteria,o__Myxococcales,f__mle1-27,g__norank_f__mle1-27,s__unclassified_g__norank_f__mle1-27,OTU2704,5,6.91934e-6,11.764705882353%
d__Bacteria,k__norank_d__Bacteria,p__Chloroflexi,c__Anaerolineae,o__RBG-13-54-9,f__norank_o__RBG-13-54-9,g__norank_o__RBG-13-54-9,s__hot_springs_metagenome_g__norank_o__RBG-13-54-9,OTU2884,84,0.00012,47.058823529412%
d__Bacteria,k__norank_d__Bacteria,p__Dependentiae,c__Babeliae,o__Babeliales,f__Babeliaceae,g__norank_f__Babeliaceae,s__uncultured_bacterium_g__norank_f__Babeliaceae,OTU2679,8,1.0E-5,35.294117647059%
d__Bacteria,k__norank_d__Bacteria,p__Proteobacteria,c__Alphaproteobacteria,o__Rickettsiales,f__Mitochondria,g__norank_f__Mitochondria,s__unclassified_g__norank_f__Mitochondria,OTU2498,2,2.76774e-6,11.764705882353%
d__Bacteria,k__norank_d__Bacteria,p__Elusimicrobia,c__Elusimicrobia,o__norank_c__Elusimicrobia,f__norank_c__Elusimicrobia,g__norank_c__Elusimicrobia,s__unclassified_g__norank_c__Elusimicrobia,OTU2858,3,4.15161e-6,11.764705882353%
d__Bacteria,k__norank_d__Bacteria,p__unclassified_k__norank_d__Bacteria,c__unclassified_k__norank_d__Bacteria,o__unclassified_k__norank_d__Bacteria,f__unclassified_k__norank_d__Bacteria,g__unclassified_k__norank_d__Bacteria,s__unclassified_k__norank_d__Bacteria,OTU2816,3,4.15161e-6,11.764705882353%
d__Bacteria,k__norank_d__Bacteria,p__Chlamydiae,c__Chlamydiae,o__Chlamydiales,f__unclassified_o__Chlamydiales,g__unclassified_o__Chlamydiales,s__unclassified_o__Chlamydiales,OTU3099,7,9.68708e-6,23.529411764706%
d__Bacteria,k__norank_d__Bacteria,p__Elusimicrobia,c__Elusimicrobia,o__Lineage_IV,f__norank_o__Lineage_IV,g__norank_o__Lineage_IV,s__uncultured_bacterium_g__norank_o__Lineage_IV,OTU2880,52,7.0E-5,47.058823529412%
d__Bacteria,k__norank_d__Bacteria,p__Patescibacteria,c__Saccharimonadia,o__Saccharimonadales,f__norank_o__Saccharimonadales,g__norank_o__Saccharimonadales,s__unclassified_g__norank_o__Saccharimonadales,OTU2885,5,6.91934e-6,23.529411764706%
d__Bacteria,k__norank_d__Bacteria,p__Planctomycetes,c__Planctomycetacia,o__Gemmatales,f__Gemmataceae,g__norank_f__Gemmataceae,s__uncultured_bacterium_g__norank_f__Gemmataceae,OTU3020,73,0.0001,47.058823529412%
d__Bacteria,k__norank_d__Bacteria,p__Dependentiae,c__Babeliae,o__Babeliales,f__norank_o__Babeliales,g__norank_o__Babeliales,s__unclassified_g__norank_o__Babeliales,OTU3144,143,0.0002,47.058823529412%
d__Bacteria,k__norank_d__Bacteria,p__Proteobacteria,c__Deltaproteobacteria,o__Myxococcales,f__bacteriap25,g__norank_f__bacteriap25,s__Deltaproteobacteria_bacterium_RIFCSPLOWO2_02_FULL_40_36,OTU2729,49,7.0E-5,41.176470588235%
d__Bacteria,k__norank_d__Bacteria,p__Patescibacteria,c__WS6_Dojkabacteria,o__norank_c__WS6_Dojkabacteria,f__norank_c__WS6_Dojkabacteria,g__norank_c__WS6_Dojkabacteria,s__unclassified_g__norank_c__WS6_Dojkabacteria,OTU2691,42,6.0E-5,41.176470588235%
d__Bacteria,k__norank_d__Bacteria,p__Proteobacteria,c__Deltaproteobacteria,o__unclassified_c__Deltaproteobacteria,f__unclassified_c__Deltaproteobacteria,g__unclassified_c__Deltaproteobacteria,s__unclassified_c__Deltaproteobacteria,OTU3188,4,5.53547e-6,17.647058823529%
d__Bacteria,k__norank_d__Bacteria,p__Planctomycetes,c__Phycisphaerae,o__Phycisphaerales,f__Phycisphaeraceae,g__SM1A02,s__uncultured_bacterium_g__SM1A02,OTU2505,48,7.0E-5,52.941176470588%
d__Bacteria,k__norank_d__Bacteria,p__Bacteroidetes,c__Bacteroidia,o__Chitinophagales,f__Chitinophagaceae,g__Terrimonas,s__uncultured_bacterium_g__Terrimonas,OTU2458,1229,0.0017,52.941176470588%
d__Bacteria,k__norank_d__Bacteria,p__Cyanobacteria,c__Oxyphotobacteria,o__Chloroplast,f__norank_o__Chloroplast,g__norank_o__Chloroplast,s__Chlorella_sp._CC-Bw-9,OTU2888,7,9.68708e-6,23.529411764706%
d__Bacteria,k__norank_d__Bacteria,p__Verrucomicrobia,c__Verrucomicrobiae,o__Verrucomicrobiales,f__DEV007,g__norank_f__DEV007,s__uncultured_organism_g__norank_f__DEV007,OTU2825,3,4.15161e-6,17.647058823529%
d__Bacteria,k__norank_d__Bacteria,p__Firmicutes,c__Clostridia,o__Clostridiales,f__Christensenellaceae,g__Christensenellaceae_R-7_group,s__uncultured_Clostridium_sp._g__Christensenellaceae_R-7_group,OTU2870,2,2.76774e-6,11.764705882353%
d__Bacteria,k__norank_d__Bacteria,p__Proteobacteria,c__Gammaproteobacteria,o__Betaproteobacteriales,f__Burkholderiaceae,g__unclassified_f__Burkholderiaceae,s__unclassified_f__Burkholderiaceae,OTU3115,392,0.00054,64.705882352941%
d__Bacteria,k__norank_d__Bacteria,p__Acidobacteria,c__Holophagae,o__Subgroup_7,f__norank_o__Subgroup_7,g__norank_o__Subgroup_7,s__uncultured_Thermaerobacter_sp.,OTU2736,275,0.00038,47.058823529412%
d__Bacteria,k__norank_d__Bacteria,p__Patescibacteria,c__Saccharimonadia,o__Saccharimonadales,f__norank_o__Saccharimonadales,g__norank_o__Saccharimonadales,s__unclassified_g__norank_o__Saccharimonadales,OTU2917,14,2.0E-5,41.176470588235%
d__Bacteria,k__norank_d__Bacteria,p__Chloroflexi,c__Anaerolineae,o__norank_c__Anaerolineae,f__norank_c__Anaerolineae,g__norank_c__Anaerolineae,s__uncultured_Bellilinea_sp._g__norank_c__Anaerolineae,OTU2893,5,6.91934e-6,17.647058823529%
d__Bacteria,k__norank_d__Bacteria,p__Patescibacteria,c__Microgenomatia,o__Candidatus_Collierbacteria,f__norank_o__Candidatus_Collierbacteria,g__norank_o__Candidatus_Collierbacteria,s__uncultured_bacterium_g__norank_o__Candidatus_Collierbacteria,OTU2528,2,2.76774e-6,11.764705882353%
d__Bacteria,k__norank_d__Bacteria,p__Bacteroidetes,c__Ignavibacteria,o__Kryptoniales,f__BSV26,g__norank_f__BSV26,s__unclassified_g__norank_f__BSV26,OTU2957,49,7.0E-5,47.058823529412%
d__Bacteria,k__norank_d__Bacteria,p__Proteobacteria,c__Alphaproteobacteria,o__Rhodospirillales,f__norank_o__Rhodospirillales,g__norank_o__Rhodospirillales,s__metagenome_g__norank_o__Rhodospirillales,OTU3037,18,2.0E-5,58.823529411765%
d__Bacteria,k__norank_d__Bacteria,p__Bacteroidetes,c__Bacteroidia,o__Flavobacteriales,f__NS9_marine_group,g__norank_f__NS9_marine_group,s__metagenome_g__norank_f__NS9_marine_group,OTU2908,118,0.00016,58.823529411765%
d__Bacteria,k__norank_d__Bacteria,p__Proteobacteria,c__Deltaproteobacteria,o__Deltaproteobacteria_Incertae_Sedis,f__Syntrophorhabdaceae,g__Syntrophorhabdus,s__unclassified_g__Syntrophorhabdus,OTU2728,18,2.0E-5,29.411764705882%
d__Bacteria,k__norank_d__Bacteria,p__Proteobacteria,c__Gammaproteobacteria,o__norank_c__Gammaproteobacteria,f__norank_c__Gammaproteobacteria,g__norank_c__Gammaproteobacteria,s__uncultured_bacterium_g__norank_c__Gammaproteobacteria,OTU3165,15,2.0E-5,41.176470588235%
d__Bacteria,k__norank_d__Bacteria,p__Bacteroidetes,c__Ignavibacteria,o__Ignavibacteriales,f__PHOS-HE36,g__norank_f__PHOS-HE36,s__uncultured_bacterium_g__norank_f__PHOS-HE36,OTU2833,61,8.0E-5,47.058823529412%
d__Bacteria,k__norank_d__Bacteria,p__Actinobacteria,c__Actinobacteria,o__Actinomycetales,f__Actinomycetaceae,g__Actinomyces,s__metagenome_g__Actinomyces,OTU3250,11,2.0E-5,35.294117647059%
d__Bacteria,k__norank_d__Bacteria,p__Actinobacteria,c__Actinobacteria,o__IMCC26256,f__norank_o__IMCC26256,g__norank_o__IMCC26256,s__unclassified_g__norank_o__IMCC26256,OTU2883,855,0.00118,94.117647058824%
d__Bacteria,k__norank_d__Bacteria,p__Patescibacteria,c__Microgenomatia,o__Candidatus_Woesebacteria,f__norank_o__Candidatus_Woesebacteria,g__norank_o__Candidatus_Woesebacteria,s__unclassified_g__norank_o__Candidatus_Woesebacteria,OTU2494,3,4.15161e-6,17.647058823529%
d__Bacteria,k__norank_d__Bacteria,p__Actinobacteria,c__Actinobacteria,o__Microtrichales,f__norank_o__Microtrichales,g__norank_o__Microtrichales,s__uncultured_bacterium_g__norank_o__Microtrichales,OTU3120,41,6.0E-5,58.823529411765%
d__Bacteria,k__norank_d__Bacteria,p__Acidobacteria,c__Subgroup_22,o__norank_c__Subgroup_22,f__norank_c__Subgroup_22,g__norank_c__Subgroup_22,s__unclassified_g__norank_c__Subgroup_22,OTU2737,4,5.53547e-6,23.529411764706%
d__Bacteria,k__norank_d__Bacteria,p__Proteobacteria,c__unclassified_p__Proteobacteria,o__unclassified_p__Proteobacteria,f__unclassified_p__Proteobacteria,g__unclassified_p__Proteobacteria,s__unclassified_p__Proteobacteria,OTU2940,6,8.30321e-6,29.411764705882%
d__Bacteria,k__norank_d__Bacteria,p__Bacteroidetes,c__Bacteroidia,o__Chitinophagales,f__Chitinophagaceae,g__norank_f__Chitinophagaceae,s__Terrimonas_sp._16-45A,OTU2534,3,4.15161e-6,17.647058823529%
d__Bacteria,k__norank_d__Bacteria,p__Firmicutes,c__Clostridia,o__Clostridiales,f__Family_XI_o__Clostridiales,g__W5053,s__uncultured_bacterium_g__W5053,OTU2959,3,4.15161e-6,11.764705882353%
d__Bacteria,k__norank_d__Bacteria,p__Actinobacteria,c__Actinobacteria,o__Frankiales,f__unclassified_o__Frankiales,g__unclassified_o__Frankiales,s__unclassified_o__Frankiales,OTU3042,48,7.0E-5,58.823529411765%
d__Bacteria,k__norank_d__Bacteria,p__Patescibacteria,c__Saccharimonadia,o__Saccharimonadales,f__norank_o__Saccharimonadales,g__norank_o__Saccharimonadales,s__unclassified_g__norank_o__Saccharimonadales,OTU2927,44,6.0E-5,52.941176470588%
d__Bacteria,k__norank_d__Bacteria,p__Patescibacteria,c__Microgenomatia,o__Candidatus_Woesebacteria,f__norank_o__Candidatus_Woesebacteria,g__norank_o__Candidatus_Woesebacteria,s__Candidatus_Woesebacteria_bacterium_GW2011_GWF1_31_35,OTU2733,4,5.53547e-6,23.529411764706%
d__Bacteria,k__norank_d__Bacteria,p__Bacteroidetes,c__Bacteroidia,o__Sphingobacteriales,f__env.OPS_17,g__norank_f__env.OPS_17,s__uncultured_bacterium_g__norank_f__env.OPS_17,OTU2837,7,9.68708e-6,29.411764705882%
d__Bacteria,k__norank_d__Bacteria,p__Chloroflexi,c__Anaerolineae,o__SJA-15,f__norank_o__SJA-15,g__norank_o__SJA-15,s__unclassified_g__norank_o__SJA-15,OTU2948,3,4.15161e-6,11.764705882353%
d__Bacteria,k__norank_d__Bacteria,p__Proteobacteria,c__Gammaproteobacteria,o__B2M28,f__norank_o__B2M28,g__norank_o__B2M28,s__uncultured_gamma_proteobacterium_g__norank_o__B2M28,OTU3168,115,0.00016,47.058823529412%
d__Bacteria,k__norank_d__Bacteria,p__Proteobacteria,c__Deltaproteobacteria,o__Myxococcales,f__Sandaracinaceae,g__norank_f__Sandaracinaceae,s__uncultured_bacterium_g__norank_f__Sandaracinaceae,OTU2539,7,9.68708e-6,35.294117647059%
d__Bacteria,k__norank_d__Bacteria,p__Acidobacteria,c__Subgroup_22,o__norank_c__Subgroup_22,f__norank_c__Subgroup_22,g__norank_c__Subgroup_22,s__uncultured_organism_g__norank_c__Subgroup_22,OTU3124,51,7.0E-5,47.058823529412%
d__Bacteria,k__norank_d__Bacteria,p__Patescibacteria,c__Saccharimonadia,o__Saccharimonadales,f__norank_o__Saccharimonadales,g__norank_o__Saccharimonadales,s__uncultured_bacterium_SBR1071,OTU3260,49,7.0E-5,47.058823529412%
d__Bacteria,k__norank_d__Bacteria,p__Patescibacteria,c__Saccharimonadia,o__Saccharimonadales,f__norank_o__Saccharimonadales,g__norank_o__Saccharimonadales,s__uncultured_bacterium_g__norank_o__Saccharimonadales,OTU2761,77,0.00011,47.058823529412%
d__Bacteria,k__norank_d__Bacteria,p__Patescibacteria,c__Microgenomatia,o__Candidatus_Pacebacteria,f__norank_o__Candidatus_Pacebacteria,g__norank_o__Candidatus_Pacebacteria,s__unclassified_g__norank_o__Candidatus_Pacebacteria,OTU2890,6,8.30321e-6,23.529411764706%
d__Bacteria,k__norank_d__Bacteria,p__Chlamydiae,c__Chlamydiae,o__Chlamydiales,f__Parachlamydiaceae,g__Neochlamydia,s__metagenome_g__Neochlamydia,OTU2949,8,1.0E-5,29.411764705882%
d__Bacteria,k__norank_d__Bacteria,p__Planctomycetes,c__Planctomycetacia,o__Isosphaerales,f__Isosphaeraceae,g__Aquisphaera,s__unclassified_g__Aquisphaera,OTU2980,29,4.0E-5,47.058823529412%
d__Bacteria,k__norank_d__Bacteria,p__Firmicutes,c__Clostridia,o__Clostridiales,f__Ruminococcaceae,g__Saccharofermentans,s__uncultured_bacterium_g__Saccharofermentans,OTU3057,5,6.91934e-6,23.529411764706%
d__Bacteria,k__norank_d__Bacteria,p__Cyanobacteria,c__Oxyphotobacteria,o__Synechococcales,f__Cyanobiaceae,g__Cyanobium_PCC-6307,s__unclassified_g__Cyanobium_PCC-6307,OTU2541,166,0.00023,64.705882352941%
d__Bacteria,k__norank_d__Bacteria,p__Proteobacteria,c__Gammaproteobacteria,o__Run-SP154,f__norank_o__Run-SP154,g__norank_o__Run-SP154,s__metagenome_g__norank_o__Run-SP154,OTU2935,27,4.0E-5,47.058823529412%
d__Bacteria,k__norank_d__Bacteria,p__Proteobacteria,c__Deltaproteobacteria,o__Desulfarculales,f__Desulfarculaceae,g__norank_f__Desulfarculaceae,s__metagenome_g__norank_f__Desulfarculaceae,OTU2744,77,0.00011,70.588235294118%
d__Bacteria,k__norank_d__Bacteria,p__Patescibacteria,c__Saccharimonadia,o__Saccharimonadales,f__norank_o__Saccharimonadales,g__norank_o__Saccharimonadales,s__uncultured_bacterium_g__norank_o__Saccharimonadales,OTU2542,15,2.0E-5,52.941176470588%
d__Bacteria,k__norank_d__Bacteria,p__Proteobacteria,c__Deltaproteobacteria,o__Myxococcales,f__norank_o__Myxococcales,g__norank_o__Myxococcales,s__metagenome_g__norank_o__Myxococcales,OTU2842,55,8.0E-5,52.941176470588%
d__Bacteria,k__norank_d__Bacteria,p__Proteobacteria,c__Deltaproteobacteria,o__Myxococcales,f__Archangiaceae,g__Anaeromyxobacter,s__unclassified_g__Anaeromyxobacter,OTU2966,13,2.0E-5,41.176470588235%
d__Bacteria,k__norank_d__Bacteria,p__Synergistetes,c__Synergistia,o__Synergistales,f__Synergistaceae,g__Lactivibrio,s__uncultured_bacterium_g__Lactivibrio,OTU3138,48,7.0E-5,47.058823529412%
d__Bacteria,k__norank_d__Bacteria,p__Dependentiae,c__Babeliae,o__Babeliales,f__norank_o__Babeliales,g__norank_o__Babeliales,s__uncultured_bacterium_g__norank_o__Babeliales,OTU3196,131,0.00018,52.941176470588%
d__Bacteria,k__norank_d__Bacteria,p__Proteobacteria,c__Deltaproteobacteria,o__Bdellovibrionales,f__Bdellovibrionaceae,g__OM27_clade,s__uncultured_bacterium_g__OM27_clade,OTU3278,12,2.0E-5,29.411764705882%
d__Bacteria,k__norank_d__Bacteria,p__Bacteroidetes,c__Bacteroidia,o__Chitinophagales,f__Chitinophagaceae,g__Parasegetibacter,s__Parasegetibacter_terrae,OTU2987,7,9.68708e-6,17.647058823529%
d__Bacteria,k__norank_d__Bacteria,p__Dependentiae,c__Babeliae,o__Babeliales,f__Vermiphilaceae,g__norank_f__Vermiphilaceae,s__uncultured_bacterium_g__norank_f__Vermiphilaceae,OTU2563,163,0.00023,52.941176470588%
d__Bacteria,k__norank_d__Bacteria,p__Chloroflexi,c__Anaerolineae,o__Anaerolineales,f__Anaerolineaceae,g__Leptolinea,s__unclassified_g__Leptolinea,OTU2958,3,4.15161e-6,17.647058823529%
d__Bacteria,k__norank_d__Bacteria,p__Gemmatimonadetes,c__Gemmatimonadetes,o__Gemmatimonadales,f__Gemmatimonadaceae,g__norank_f__Gemmatimonadaceae,s__unclassified_g__norank_f__Gemmatimonadaceae,OTU2762,63,9.0E-5,82.352941176471%
d__Bacteria,k__norank_d__Bacteria,p__Bacteroidetes,c__Ignavibacteria,o__OPB56,f__norank_o__OPB56,g__norank_o__OPB56,s__uncultured_Chlorobiales_bacterium_g__norank_o__OPB56,OTU2974,131,0.00018,47.058823529412%
d__Bacteria,k__norank_d__Bacteria,p__Proteobacteria,c__Deltaproteobacteria,o__Myxococcales,f__norank_o__Myxococcales,g__norank_o__Myxococcales,s__uncultured_bacterium_g__norank_o__Myxococcales,OTU2745,14,2.0E-5,29.411764705882%
d__Bacteria,k__norank_d__Bacteria,p__Firmicutes,c__Clostridia,o__Clostridiales,f__Ruminococcaceae,g__Ruminococcaceae_NK4A214_group,s__metagenome_g__Ruminococcaceae_NK4A214_group,OTU2846,8,1.0E-5,35.294117647059%
d__Bacteria,k__norank_d__Bacteria,p__unclassified_k__norank_d__Bacteria,c__unclassified_k__norank_d__Bacteria,o__unclassified_k__norank_d__Bacteria,f__unclassified_k__norank_d__Bacteria,g__unclassified_k__norank_d__Bacteria,s__unclassified_k__norank_d__Bacteria,OTU3066,85,0.00012,64.705882352941%
d__Bacteria,k__norank_d__Bacteria,p__Acidobacteria,c__Aminicenantia,o__Aminicenantales,f__norank_o__Aminicenantales,g__norank_o__Aminicenantales,s__uncultured_Desulfovibrio_sp._g__norank,OTU2939,6,8.30321e-6,23.529411764706%
d__Bacteria,k__norank_d__Bacteria,p__Proteobacteria,c__Gammaproteobacteria,o__Betaproteobacteriales,f__Burkholderiaceae,g__AAP99,s__uncultured_bacterium_g__AAP99,OTU2992,16,2.0E-5,58.823529411765%
d__Bacteria,k__norank_d__Bacteria,p__Chlamydiae,c__Chlamydiae,o__Chlamydiales,f__unclassified_o__Chlamydiales,g__unclassified_o__Chlamydiales,s__unclassified_o__Chlamydiales,OTU3158,70,0.0001,47.058823529412%
d__Bacteria,k__norank_d__Bacteria,p__Acidobacteria,c__Blastocatellia_Subgroup_4,o__Blastocatellales,f__Blastocatellaceae,g__Stenotrophobacter,s__uncultured_Acidobacteria_bacterium_g__Stenotrophobacter,OTU3013,17866,0.02472,100%
d__Bacteria,k__norank_d__Bacteria,p__Proteobacteria,c__Gammaproteobacteria,o__Betaproteobacteriales,f__Rhodocyclaceae,g__Dechloromonas,s__Dechloromonas_sp.,OTU3256,5,6.91934e-6,17.647058823529%
d__Bacteria,k__norank_d__Bacteria,p__Proteobacteria,c__Gammaproteobacteria,o__Betaproteobacteriales,f__Rhodocyclaceae,g__norank_f__Rhodocyclaceae,s__unclassified_g__norank_f__Rhodocyclaceae,OTU2550,7952,0.011,47.058823529412%
d__Bacteria,k__norank_d__Bacteria,p__Proteobacteria,c__Gammaproteobacteria,o__Betaproteobacteriales,f__SC-I-84,g__norank_f__SC-I-84,s__unclassified_g__norank_f__SC-I-84,OTU2564,16,2.0E-5,35.294117647059%
d__Bacteria,k__norank_d__Bacteria,p__Proteobacteria,c__Deltaproteobacteria,o__Oligoflexales,f__0319-6G20,g__norank_f__0319-6G20,s__unclassified_g__norank_f__0319-6G20,OTU2809,14,2.0E-5,29.411764705882%
d__Bacteria,k__norank_d__Bacteria,p__Proteobacteria,c__Gammaproteobacteria,o__unclassified_c__Gammaproteobacteria,f__unclassified_c__Gammaproteobacteria,g__unclassified_c__Gammaproteobacteria,s__unclassified_c__Gammaproteobacteria,OTU2989,6,8.30321e-6,17.647058823529%
d__Bacteria,k__norank_d__Bacteria,p__Proteobacteria,c__Gammaproteobacteria,o__Acidiferrobacterales,f__Acidiferrobacteraceae,g__Sulfurifustis,s__unclassified_g__Sulfurifustis,OTU2751,388,0.00054,47.058823529412%
d__Bacteria,k__norank_d__Bacteria,p__Firmicutes,c__Clostridia,o__Clostridiales,f__Ruminococcaceae,g__Eubacterium]_coprostanoligenes_group,s__uncultured_bacterium_g__Eubacterium]_coprostanoligenes_group,OTU2963,3,4.15161e-6,17.647058823529%
d__Bacteria,k__norank_d__Bacteria,p__Proteobacteria,c__Deltaproteobacteria,o__Myxococcales,f__Haliangiaceae,g__Haliangium,s__unclassified_g__Haliangium,OTU3082,31,4.0E-5,58.823529411765%
d__Bacteria,k__norank_d__Bacteria,p__Bacteroidetes,c__Bacteroidia,o__Chitinophagales,f__Chitinophagaceae,g__Cnuella,s__unclassified_g__Cnuella,OTU2848,4,5.53547e-6,17.647058823529%
d__Bacteria,k__norank_d__Bacteria,p__Proteobacteria,c__Deltaproteobacteria,o__SAR324_cladeMarine_group_B,f__norank_o__SAR324_cladeMarine_group_B,g__norank_o__SAR324_cladeMarine_group_B,s__metagenome_g__norank_o__SAR324_cladeMarine_group_B,OTU2993,30,4.0E-5,47.058823529412%
d__Bacteria,k__norank_d__Bacteria,p__Proteobacteria,c__Deltaproteobacteria,o__Myxococcales,f__Haliangiaceae,g__Haliangium,s__unclassified_g__Haliangium,OTU2960,10,1.0E-5,41.176470588235%
d__Bacteria,k__norank_d__Bacteria,p__Zixibacteria,c__norank_p__Zixibacteria,o__norank_p__Zixibacteria,f__norank_p__Zixibacteria,g__norank_p__Zixibacteria,s__unclassified_g__norank_p__Zixibacteria,OTU3198,148,0.0002,47.058823529412%
d__Bacteria,k__norank_d__Bacteria,p__Proteobacteria,c__Gammaproteobacteria,o__Betaproteobacteriales,f__Burkholderiaceae,g__Lautropia,s__unclassified_g__Lautropia,OTU3014,775,0.00107,64.705882352941%
d__Bacteria,k__norank_d__Bacteria,p__Acidobacteria,c__Aminicenantia,o__Aminicenantales,f__norank_o__Aminicenantales,g__norank_o__Aminicenantales,s__unclassified_g__norank_o__Aminicenantales,OTU2565,17,2.0E-5,47.058823529412%
d__Bacteria,k__norank_d__Bacteria,p__Proteobacteria,c__Deltaproteobacteria,o__Oligoflexales,f__0319-6G20,g__norank_f__0319-6G20,s__unclassified_g__norank_f__0319-6G20,OTU2814,2,2.76774e-6,11.764705882353%
d__Bacteria,k__norank_d__Bacteria,p__Acidobacteria,c__Holophagae,o__Subgroup_7,f__norank_o__Subgroup_7,g__norank_o__Subgroup_7,s__uncultured_bacterium_SJA-36,OTU3025,2649,0.00367,47.058823529412%
d__Bacteria,k__norank_d__Bacteria,p__Proteobacteria,c__Deltaproteobacteria,o__Myxococcales,f__Haliangiaceae,g__Haliangium,s__unclassified_g__Haliangium,OTU2756,37,5.0E-5,52.941176470588%
d__Bacteria,k__norank_d__Bacteria,p__Proteobacteria,c__Gammaproteobacteria,o__Xanthomonadales,f__Rhodanobacteraceae,g__Metallibacterium,s__unclassified_g__Metallibacterium,OTU3274,3,4.15161e-6,17.647058823529%
d__Bacteria,k__norank_d__Bacteria,p__Proteobacteria,c__Deltaproteobacteria,o__Bdellovibrionales,f__Bdellovibrionaceae,g__Bdellovibrio,s__uncultured_bacterium_g__Bdellovibrio,OTU2554,6,8.30321e-6,23.529411764706%
d__Bacteria,k__norank_d__Bacteria,p__Planctomycetes,c__Planctomycetacia,o__Gemmatales,f__Gemmataceae,g__norank_f__Gemmataceae,s__uncultured_planctomycete_g__norank_f__Gemmataceae,OTU2853,3,4.15161e-6,17.647058823529%
d__Bacteria,k__norank_d__Bacteria,p__Zixibacteria,c__norank_p__Zixibacteria,o__norank_p__Zixibacteria,f__norank_p__Zixibacteria,g__norank_p__Zixibacteria,s__unclassified_g__norank_p__Zixibacteria,OTU2996,129,0.00018,47.058823529412%
d__Bacteria,k__norank_d__Bacteria,p__Chloroflexi,c__Anaerolineae,o__Anaerolineales,f__Anaerolineaceae,g__norank_f__Anaerolineaceae,s__uncultured_sludge_bacterium_S41,OTU2994,9,1.0E-5,35.294117647059%
d__Bacteria,k__norank_d__Bacteria,p__Dependentiae,c__Babeliae,o__Babeliales,f__norank_o__Babeliales,g__norank_o__Babeliales,s__unclassified_g__norank_o__Babeliales,OTU3133,39,5.0E-5,47.058823529412%
d__Bacteria,k__norank_d__Bacteria,p__Chloroflexi,c__Anaerolineae,o__RBG-13-54-9,f__norank_o__RBG-13-54-9,g__norank_o__RBG-13-54-9,s__uncultured_bacterium_g__norank_o__RBG-13-54-9,OTU2964,7,9.68708e-6,23.529411764706%
d__Bacteria,k__norank_d__Bacteria,p__Proteobacteria,c__Deltaproteobacteria,o__SAR324_cladeMarine_group_B,f__norank_o__SAR324_cladeMarine_group_B,g__norank_o__SAR324_cladeMarine_group_B,s__metagenome_g__norank_o__SAR324_cladeMarine_group_B,OTU3251,11,2.0E-5,29.411764705882%
d__Bacteria,k__norank_d__Bacteria,p__Acidobacteria,c__Blastocatellia_Subgroup_4,o__Blastocatellales,f__Blastocatellaceae,g__norank_f__Blastocatellaceae,s__unclassified_g__norank_f__Blastocatellaceae,OTU3029,15305,0.02118,100%
d__Bacteria,k__norank_d__Bacteria,p__Firmicutes,c__Clostridia,o__Clostridiales,f__Christensenellaceae,g__Christensenellaceae_R-7_group,s__uncultured_prokaryote_g__Christensenellaceae_R-7_group,OTU2824,10,1.0E-5,29.411764705882%
d__Bacteria,k__norank_d__Bacteria,p__Proteobacteria,c__Gammaproteobacteria,o__Betaproteobacteriales,f__Nitrosomonadaceae,g__Nitrosomonas,s__metagenome_g__Nitrosomonas,OTU3028,16,2.0E-5,41.176470588235%
d__Bacteria,k__norank_d__Bacteria,p__Proteobacteria,c__Deltaproteobacteria,o__unclassified_c__Deltaproteobacteria,f__unclassified_c__Deltaproteobacteria,g__unclassified_c__Deltaproteobacteria,s__unclassified_c__Deltaproteobacteria,OTU2758,4,5.53547e-6,5.8823529411765%
d__Bacteria,k__norank_d__Bacteria,p__Proteobacteria,c__Gammaproteobacteria,o__Methylococcales,f__Methylococcaceae,g__unclassified_f__Methylococcaceae,s__unclassified_f__Methylococcaceae,OTU2578,6,8.30321e-6,23.529411764706%
d__Bacteria,k__norank_d__Bacteria,p__WPS-2,c__norank_p__WPS-2,o__norank_p__WPS-2,f__norank_p__WPS-2,g__norank_p__WPS-2,s__metagenome_g__norank_p__WPS-2,OTU2856,6,8.30321e-6,29.411764705882%
d__Bacteria,k__norank_d__Bacteria,p__Firmicutes,c__Clostridia,o__Clostridiales,f__Christensenellaceae,g__Christensenellaceae_R-7_group,s__unclassified_g__Christensenellaceae_R-7_group,OTU3287,7,9.68708e-6,29.411764705882%
d__Bacteria,k__norank_d__Bacteria,p__Chloroflexi,c__Chloroflexia,o__Chloroflexales,f__Roseiflexaceae,g__unclassified_f__Roseiflexaceae,s__unclassified_f__Roseiflexaceae,OTU3004,84,0.00012,52.941176470588%
d__Bacteria,k__norank_d__Bacteria,p__Chlamydiae,c__Chlamydiae,o__Chlamydiales,f__Parachlamydiaceae,g__Candidatus_Protochlamydia,s__unclassified_g__Candidatus_Protochlamydia,OTU3137,29,4.0E-5,52.941176470588%
d__Bacteria,k__norank_d__Bacteria,p__Proteobacteria,c__Deltaproteobacteria,o__Bdellovibrionales,f__Bdellovibrionaceae,g__Bdellovibrio,s__uncultured_bacterium_g__Bdellovibrio,OTU2557,10,1.0E-5,35.294117647059%
d__Bacteria,k__norank_d__Bacteria,p__Proteobacteria,c__Deltaproteobacteria,o__unclassified_c__Deltaproteobacteria,f__unclassified_c__Deltaproteobacteria,g__unclassified_c__Deltaproteobacteria,s__unclassified_c__Deltaproteobacteria,OTU2973,19,3.0E-5,41.176470588235%
d__Bacteria,k__norank_d__Bacteria,p__Chloroflexi,c__Anaerolineae,o__unclassified_c__Anaerolineae,f__unclassified_c__Anaerolineae,g__unclassified_c__Anaerolineae,s__unclassified_c__Anaerolineae,OTU3009,104,0.00014,47.058823529412%
d__Bacteria,k__norank_d__Bacteria,p__Actinobacteria,c__Actinobacteria,o__IMCC26256,f__norank_o__IMCC26256,g__norank_o__IMCC26256,s__unclassified_g__norank_o__IMCC26256,OTU2799,193,0.00027,70.588235294118%
d__Bacteria,k__norank_d__Bacteria,p__Cyanobacteria,c__Oxyphotobacteria,o__Chloroplast,f__norank_o__Chloroplast,g__norank_o__Chloroplast,s__unclassified_g__norank_o__Chloroplast,OTU3034,5,6.91934e-6,29.411764705882%
d__Bacteria,k__norank_d__Bacteria,p__Caldiserica,c__Caldisericia,o__Caldisericales,f__LF045,g__norank_f__LF045,s__uncultured_bacterium_g__norank_f__LF045,OTU2583,4,5.53547e-6,11.764705882353%
d__Bacteria,k__norank_d__Bacteria,p__Dependentiae,c__Babeliae,o__Babeliales,f__unclassified_o__Babeliales,g__unclassified_o__Babeliales,s__unclassified_o__Babeliales,OTU2857,145,0.0002,47.058823529412%
d__Bacteria,k__norank_d__Bacteria,p__Calditrichaeota,c__Calditrichia,o__Calditrichales,f__Calditrichaceae,g__JdFR-76,s__uncultured_bacterium_g__JdFR-76,OTU2860,14,2.0E-5,35.294117647059%
d__Bacteria,k__norank_d__Bacteria,p__Chloroflexi,c__Anaerolineae,o__C10-SB1A,f__norank_o__C10-SB1A,g__norank_o__C10-SB1A,s__metagenome_g__norank_o__C10-SB1A,OTU3007,70,0.0001,47.058823529412%
d__Bacteria,k__norank_d__Bacteria,p__Proteobacteria,c__Deltaproteobacteria,o__unclassified_c__Deltaproteobacteria,f__unclassified_c__Deltaproteobacteria,g__unclassified_c__Deltaproteobacteria,s__unclassified_c__Deltaproteobacteria,OTU3030,18,2.0E-5,52.941176470588%
d__Bacteria,k__norank_d__Bacteria,p__Proteobacteria,c__Gammaproteobacteria,o__Methylococcales,f__Methylococcaceae,g__unclassified_f__Methylococcaceae,s__unclassified_f__Methylococcaceae,OTU3258,2,2.76774e-6,5.8823529411765%
d__Bacteria,k__norank_d__Bacteria,p__Chlamydiae,c__Chlamydiae,o__Chlamydiales,f__Parachlamydiaceae,g__unclassified_f__Parachlamydiaceae,s__unclassified_f__Parachlamydiaceae,OTU3174,10,1.0E-5,29.411764705882%
d__Bacteria,k__norank_d__Bacteria,p__Patescibacteria,c__Saccharimonadia,o__Saccharimonadales,f__norank_o__Saccharimonadales,g__norank_o__Saccharimonadales,s__uncultured_bacterium_g__norank_o__Saccharimonadales,OTU2571,142,0.0002,52.941176470588%
d__Bacteria,k__norank_d__Bacteria,p__Gemmatimonadetes,c__Gemmatimonadetes,o__Gemmatimonadales,f__Gemmatimonadaceae,g__norank_f__Gemmatimonadaceae,s__uncultured_soil_bacterium_g__norank_f__Gemmatimonadaceae,OTU2832,95,0.00013,52.941176470588%
d__Bacteria,k__norank_d__Bacteria,p__Actinobacteria,c__Actinobacteria,o__Propionibacteriales,f__Nocardioidaceae,g__Nocardioides,s__unclassified_g__Nocardioides,OTU3021,14,2.0E-5,35.294117647059%
d__Bacteria,k__norank_d__Bacteria,p__Firmicutes,c__Clostridia,o__Clostridiales,f__Eubacteriaceae,g__Acetobacterium,s__uncultured_bacterium_g__Acetobacterium,OTU2982,8,1.0E-5,29.411764705882%
d__Bacteria,k__norank_d__Bacteria,p__Bacteroidetes,c__Bacteroidia,o__unclassified_c__Bacteroidia,f__unclassified_c__Bacteroidia,g__unclassified_c__Bacteroidia,s__unclassified_c__Bacteroidia,OTU2887,5,6.91934e-6,5.8823529411765%
d__Bacteria,k__norank_d__Bacteria,p__Chloroflexi,c__Chloroflexia,o__Thermomicrobiales,f__JG30-KF-CM45,g__norank_f__JG30-KF-CM45,s__uncultured_bacterium_g__norank_f__JG30-KF-CM45,OTU2901,54,7.0E-5,47.058823529412%
d__Bacteria,k__norank_d__Bacteria,p__Chloroflexi,c__Anaerolineae,o__unclassified_c__Anaerolineae,f__unclassified_c__Anaerolineae,g__unclassified_c__Anaerolineae,s__unclassified_c__Anaerolineae,OTU3010,214,0.0003,52.941176470588%
d__Bacteria,k__norank_d__Bacteria,p__Proteobacteria,c__Deltaproteobacteria,o__Bdellovibrionales,f__Bdellovibrionaceae,g__Bdellovibrio,s__uncultured_bacterium_g__Bdellovibrio,OTU3031,20,3.0E-5,29.411764705882%
d__Bacteria,k__norank_d__Bacteria,p__Proteobacteria,c__Deltaproteobacteria,o__Oligoflexales,f__0319-6G20,g__norank_f__0319-6G20,s__unclassified_g__norank_f__0319-6G20,OTU3040,8,1.0E-5,17.647058823529%
d__Bacteria,k__norank_d__Bacteria,p__Proteobacteria,c__Gammaproteobacteria,o__Diplorickettsiales,f__Diplorickettsiaceae,g__norank_f__Diplorickettsiaceae,s__uncultured_bacterium_g__norank_f__Diplorickettsiaceae,OTU3175,1156,0.0016,47.058823529412%
d__Bacteria,k__norank_d__Bacteria,p__Firmicutes,c__Clostridia,o__Clostridiales,f__Lachnospiraceae,g__Eubacterium]_hallii_group,s__unclassified_g__Eubacterium]_hallii_group,OTU2609,22,3.0E-5,41.176470588235%
d__Bacteria,k__norank_d__Bacteria,p__Chloroflexi,c__Anaerolineae,o__SBR1031,f__A4b,g__norank_f__A4b,s__uncultured_bacterium_g__norank_f__A4b,OTU2581,130,0.00018,47.058823529412%
d__Bacteria,k__norank_d__Bacteria,p__Chloroflexi,c__SHA-26,o__norank_c__SHA-26,f__norank_c__SHA-26,g__norank_c__SHA-26,s__uncultured_bacterium_g__norank_c__SHA-26,OTU3027,2,2.76774e-6,5.8823529411765%
d__Bacteria,k__norank_d__Bacteria,p__Bacteroidetes,c__Bacteroidia,o__Bacteroidales,f__Rikenellaceae,g__Alistipes,s__uncultured_Alistipes_sp._g__Alistipes,OTU2841,11,2.0E-5,35.294117647059%
d__Bacteria,k__norank_d__Bacteria,p__Planctomycetes,c__Planctomycetacia,o__Isosphaerales,f__Isosphaeraceae,g__Aquisphaera,s__uncultured_bacterium_g__Aquisphaera,OTU2895,22,3.0E-5,47.058823529412%
d__Bacteria,k__norank_d__Bacteria,p__Proteobacteria,c__Gammaproteobacteria,o__Betaproteobacteriales,f__Nitrosomonadaceae,g__Ellin6067,s__uncultured_bacterium_g__Ellin6067,OTU2919,272,0.00038,64.705882352941%
d__Bacteria,k__norank_d__Bacteria,p__Chlamydiae,c__Chlamydiae,o__Chlamydiales,f__unclassified_o__Chlamydiales,g__unclassified_o__Chlamydiales,s__unclassified_o__Chlamydiales,OTU3181,10,1.0E-5,35.294117647059%
d__Bacteria,k__norank_d__Bacteria,p__Firmicutes,c__Clostridia,o__Clostridiales,f__Ruminococcaceae,g__Ruminiclostridium_1,s__unidentified_eubacterium_clone_BSV72,OTU3046,2,2.76774e-6,11.764705882353%
d__Bacteria,k__norank_d__Bacteria,p__Chloroflexi,c__Anaerolineae,o__SJA-15,f__norank_o__SJA-15,g__norank_o__SJA-15,s__uncultured_soil_bacterium_g__norank_o__SJA-15,OTU3044,180,0.00025,64.705882352941%
d__Bacteria,k__norank_d__Bacteria,p__Chloroflexi,c__Anaerolineae,o__SBR1031,f__norank_o__SBR1031,g__norank_o__SBR1031,s__uncultured_bacterium_g__norank_o__SBR1031,OTU2614,80,0.00011,47.058823529412%
d__Bacteria,k__norank_d__Bacteria,p__Proteobacteria,c__Deltaproteobacteria,o__SAR324_cladeMarine_group_B,f__norank_o__SAR324_cladeMarine_group_B,g__norank_o__SAR324_cladeMarine_group_B,s__uncultured_bacterium_g__norank_o__SAR324_cladeMarine_group_B,OTU3039,22,3.0E-5,47.058823529412%
d__Bacteria,k__norank_d__Bacteria,p__Chloroflexi,c__KD4-96,o__norank_c__KD4-96,f__norank_c__KD4-96,g__norank_c__KD4-96,s__unclassified_g__norank_c__KD4-96,OTU3043,2471,0.00342,76.470588235294%
d__Bacteria,k__norank_d__Bacteria,p__Patescibacteria,c__Saccharimonadia,o__Saccharimonadales,f__norank_o__Saccharimonadales,g__norank_o__Saccharimonadales,s__uncultured_candidate_division_WS5_bacterium,OTU2605,1018,0.00141,47.058823529412%
d__Bacteria,k__norank_d__Bacteria,p__Proteobacteria,c__Deltaproteobacteria,o__Myxococcales,f__unclassified_o__Myxococcales,g__unclassified_o__Myxococcales,s__unclassified_o__Myxococcales,OTU2850,3,4.15161e-6,11.764705882353%
d__Bacteria,k__norank_d__Bacteria,p__Patescibacteria,c__Saccharimonadia,o__Saccharimonadales,f__norank_o__Saccharimonadales,g__norank_o__Saccharimonadales,s__unclassified_g__norank_o__Saccharimonadales,OTU2899,106,0.00015,47.058823529412%
d__Bacteria,k__norank_d__Bacteria,p__Proteobacteria,c__Deltaproteobacteria,o__Syntrophobacterales,f__Syntrophaceae,g__Desulfomonile,s__uncultured_bacterium_g__Desulfomonile,OTU2943,17,2.0E-5,52.941176470588%
d__Bacteria,k__norank_d__Bacteria,p__Firmicutes,c__Clostridia,o__Clostridiales,f__Clostridiaceae_1,g__Clostridium_sensu_stricto_1,s__unclassified_g__Clostridium_sensu_stricto_1,OTU3185,9,1.0E-5,29.411764705882%
d__Bacteria,k__norank_d__Bacteria,p__Patescibacteria,c__Saccharimonadia,o__Saccharimonadales,f__norank_o__Saccharimonadales,g__norank_o__Saccharimonadales,s__unclassified_g__norank_o__Saccharimonadales,OTU3050,29,4.0E-5,52.941176470588%
d__Bacteria,k__norank_d__Bacteria,p__Planctomycetes,c__OM190,o__norank_c__OM190,f__norank_c__OM190,g__norank_c__OM190,s__uncultured_bacterium_g__norank_c__OM190,OTU3063,4,5.53547e-6,23.529411764706%
d__Bacteria,k__norank_d__Bacteria,p__Proteobacteria,c__Gammaproteobacteria,o__Betaproteobacteriales,f__SC-I-84,g__norank_f__SC-I-84,s__uncultured_beta_proteobacterium_g__norank_f__SC-I-84,OTU3067,44,6.0E-5,58.823529411765%
d__Bacteria,k__norank_d__Bacteria,p__Acidobacteria,c__Blastocatellia_Subgroup_4,o__11-24,f__norank_o__11-24,g__norank_o__11-24,s__uncultured_bacterium_g__norank_o__11-24,OTU3035,92,0.00013,35.294117647059%
d__Bacteria,k__norank_d__Bacteria,p__Bacteroidetes,c__Bacteroidia,o__Bacteroidales,f__Marinilabiliaceae,g__norank_f__Marinilabiliaceae,s__uncultured_Bacteroidetes_bacterium_g__norank_f__Marinilabiliaceae,OTU2875,4,5.53547e-6,23.529411764706%
d__Bacteria,k__norank_d__Bacteria,p__Proteobacteria,c__Gammaproteobacteria,o__Betaproteobacteriales,f__Rhodocyclaceae,g__Azovibrio,s__uncultured_bacterium_g__Azovibrio,OTU3059,11,2.0E-5,47.058823529412%
d__Bacteria,k__norank_d__Bacteria,p__Chloroflexi,c__Anaerolineae,o__SBR1031,f__A4b,g__norank_f__A4b,s__uncultured_bacterium_g__norank_f__A4b,OTU2619,18,2.0E-5,35.294117647059%
d__Bacteria,k__norank_d__Bacteria,p__Chloroflexi,c__Anaerolineae,o__SBR1031,f__A4b,g__norank_f__A4b,s__unclassified_g__norank_f__A4b,OTU2902,32,4.0E-5,64.705882352941%
d__Bacteria,k__norank_d__Bacteria,p__Proteobacteria,c__Gammaproteobacteria,o__Betaproteobacteriales,f__Burkholderiaceae,g__Lautropia,s__metagenome_g__Lautropia,OTU3125,187,0.00026,64.705882352941%
d__Bacteria,k__norank_d__Bacteria,p__Gemmatimonadetes,c__Gemmatimonadetes,o__Gemmatimonadales,f__Gemmatimonadaceae,g__norank_f__Gemmatimonadaceae,s__uncultured_bacterium_g__norank_f__Gemmatimonadaceae,OTU2610,11,2.0E-5,41.176470588235%
d__Bacteria,k__norank_d__Bacteria,p__Proteobacteria,c__Gammaproteobacteria,o__Methylococcales,f__Methylococcaceae,g__unclassified_f__Methylococcaceae,s__unclassified_f__Methylococcaceae,OTU3192,220,0.0003,47.058823529412%
d__Bacteria,k__norank_d__Bacteria,p__Proteobacteria,c__Gammaproteobacteria,o__Betaproteobacteriales,f__Sulfuricellaceae,g__Ferritrophicum,s__uncultured_bacterium_g__Ferritrophicum,OTU3083,9,1.0E-5,35.294117647059%
d__Bacteria,k__norank_d__Bacteria,p__Cyanobacteria,c__Melainabacteria,o__Obscuribacterales,f__norank_o__Obscuribacterales,g__norank_o__Obscuribacterales,s__uncultured_bacterium_g__norank_o__Obscuribacterales,OTU2968,12,2.0E-5,47.058823529412%
d__Bacteria,k__norank_d__Bacteria,p__Bacteroidetes,c__Bacteroidia,o__Sphingobacteriales,f__Lentimicrobiaceae,g__norank_f__Lentimicrobiaceae,s__uncultured_prokaryote_g__norank_f__Lentimicrobiaceae,OTU3070,4,5.53547e-6,17.647058823529%
d__Bacteria,k__norank_d__Bacteria,p__Chloroflexi,c__Chloroflexia,o__Chloroflexales,f__Roseiflexaceae,g__norank_f__Roseiflexaceae,s__uncultured_bacterium_g__norank_f__Roseiflexaceae,OTU2886,11,2.0E-5,41.176470588235%
d__Bacteria,k__norank_d__Bacteria,p__Elusimicrobia,c__Elusimicrobia,o__norank_c__Elusimicrobia,f__norank_c__Elusimicrobia,g__norank_c__Elusimicrobia,s__unclassified_g__norank_c__Elusimicrobia,OTU2912,12,2.0E-5,41.176470588235%
d__Bacteria,k__norank_d__Bacteria,p__Proteobacteria,c__Alphaproteobacteria,o__Rhodospirillales,f__norank_o__Rhodospirillales,g__norank_o__Rhodospirillales,s__unclassified_g__norank_o__Rhodospirillales,OTU3041,4,5.53547e-6,23.529411764706%
d__Bacteria,k__norank_d__Bacteria,p__Proteobacteria,c__Deltaproteobacteria,o__SAR324_cladeMarine_group_B,f__norank_o__SAR324_cladeMarine_group_B,g__norank_o__SAR324_cladeMarine_group_B,s__metagenome_g__norank_o__SAR324_cladeMarine_group_B,OTU3092,202,0.00028,47.058823529412%
d__Bacteria,k__norank_d__Bacteria,p__Actinobacteria,c__Actinobacteria,o__Microtrichales,f__Ilumatobacteraceae,g__CL500-29_marine_group,s__uncultured_Acidimicrobiaceae_bacterium_g__CL500-29_marine_group,OTU2649,201,0.00028,64.705882352941%
d__Bacteria,k__norank_d__Bacteria,p__Proteobacteria,c__Gammaproteobacteria,o__JG36-GS-52,f__norank_o__JG36-GS-52,g__norank_o__JG36-GS-52,s__uncultured_gamma_proteobacterium_g__norank_o__JG36-GS-52,OTU3129,82,0.00011,64.705882352941%
d__Bacteria,k__norank_d__Bacteria,p__Proteobacteria,c__Deltaproteobacteria,o__Deltaproteobacteria_Incertae_Sedis,f__Syntrophorhabdaceae,g__Syntrophorhabdus,s__uncultured_bacterium_g__Syntrophorhabdus,OTU2618,5,6.91934e-6,23.529411764706%
d__Bacteria,k__norank_d__Bacteria,p__Acidobacteria,c__Blastocatellia_Subgroup_4,o__DS-100,f__norank_o__DS-100,g__norank_o__DS-100,s__uncultured_bacterium_g__norank_o__DS-100,OTU3207,7021,0.00972,64.705882352941%
d__Bacteria,k__norank_d__Bacteria,p__Dependentiae,c__Babeliae,o__Babeliales,f__Vermiphilaceae,g__norank_f__Vermiphilaceae,s__uncultured_bacterium_g__norank_f__Vermiphilaceae,OTU3105,44,6.0E-5,58.823529411765%
d__Bacteria,k__norank_d__Bacteria,p__Chloroflexi,c__Anaerolineae,o__RBG-13-54-9,f__norank_o__RBG-13-54-9,g__norank_o__RBG-13-54-9,s__unclassified_g__norank_o__RBG-13-54-9,OTU2976,6,8.30321e-6,23.529411764706%
d__Bacteria,k__norank_d__Bacteria,p__Proteobacteria,c__Gammaproteobacteria,o__CCM19a,f__norank_o__CCM19a,g__norank_o__CCM19a,s__uncultured_bacterium_g__norank_o__CCM19a,OTU3095,14,2.0E-5,52.941176470588%
d__Bacteria,k__norank_d__Bacteria,p__Armatimonadetes,c__Armatimonadia,o__Armatimonadales,f__Armatimonadaceae,g__Armatimonas,s__uncultured_beta_proteobacterium_g__Armatimonas,OTU2930,54,7.0E-5,47.058823529412%
d__Bacteria,k__norank_d__Bacteria,p__Proteobacteria,c__Gammaproteobacteria,o__Competibacterales,f__Competibacteraceae,g__Candidatus_Competibacter,s__uncultured_bacterium_g__Candidatus_Competibacter,OTU3093,13,2.0E-5,35.294117647059%
d__Bacteria,k__norank_d__Bacteria,p__Proteobacteria,c__Deltaproteobacteria,o__Myxococcales,f__mle1-27,g__norank_f__mle1-27,s__uncultured_bacterium_g__norank_f__mle1-27,OTU2889,24,3.0E-5,41.176470588235%
d__Bacteria,k__norank_d__Bacteria,p__Acidobacteria,c__Subgroup_17,o__norank_c__Subgroup_17,f__norank_c__Subgroup_17,g__norank_c__Subgroup_17,s__unclassified_g__norank_c__Subgroup_17,OTU2717,67,9.0E-5,47.058823529412%
d__Bacteria,k__norank_d__Bacteria,p__unclassified_k__norank_d__Bacteria,c__unclassified_k__norank_d__Bacteria,o__unclassified_k__norank_d__Bacteria,f__unclassified_k__norank_d__Bacteria,g__unclassified_k__norank_d__Bacteria,s__unclassified_k__norank_d__Bacteria,OTU3053,2,2.76774e-6,5.8823529411765%
d__Bacteria,k__norank_d__Bacteria,p__Actinobacteria,c__Actinobacteria,o__Microtrichales,f__Ilumatobacteraceae,g__CL500-29_marine_group,s__marine_metagenome_g__CL500-29_marine_group,OTU2636,48,7.0E-5,58.823529411765%
d__Bacteria,k__norank_d__Bacteria,p__Proteobacteria,c__Deltaproteobacteria,o__SAR324_cladeMarine_group_B,f__norank_o__SAR324_cladeMarine_group_B,g__norank_o__SAR324_cladeMarine_group_B,s__unclassified_g__norank_o__SAR324_cladeMarine_group_B,OTU2984,4,5.53547e-6,23.529411764706%
d__Bacteria,k__norank_d__Bacteria,p__Proteobacteria,c__Gammaproteobacteria,o__Gammaproteobacteria_Incertae_Sedis,f__unclassified_o__Gammaproteobacteria_Incertae_Sedis,g__Candidatus_Berkiella,s__uncultured_bacterium_g__Candidatus_Berkiella,OTU3141,141,0.0002,47.058823529412%
d__Bacteria,k__norank_d__Bacteria,p__Firmicutes,c__Clostridia,o__Clostridiales,f__Christensenellaceae,g__Christensenellaceae_R-7_group,s__gut_metagenome_g__Christensenellaceae_R-7_group,OTU3110,36,5.0E-5,47.058823529412%
d__Bacteria,k__norank_d__Bacteria,p__Proteobacteria,c__Deltaproteobacteria,o__Myxococcales,f__Archangiaceae,g__Anaeromyxobacter,s__unclassified_g__Anaeromyxobacter,OTU2892,237,0.00033,64.705882352941%
d__Bacteria,k__norank_d__Bacteria,p__Latescibacteria,c__Latescibacteria,o__norank_c__Latescibacteria,f__norank_c__Latescibacteria,g__norank_c__Latescibacteria,s__unclassified_g__norank_c__Latescibacteria,OTU2739,6,8.30321e-6,35.294117647059%
d__Bacteria,k__norank_d__Bacteria,p__Firmicutes,c__Erysipelotrichia,o__Erysipelotrichales,f__Erysipelotrichaceae,g__Solobacterium,s__uncultured_bacterium_g__Solobacterium,OTU3096,9,1.0E-5,29.411764705882%
d__Bacteria,k__norank_d__Bacteria,p__Acidobacteria,c__Thermoanaerobaculia,o__Thermoanaerobaculales,f__Thermoanaerobaculaceae,g__Subgroup_10,s__unclassified_g__Subgroup_10,OTU3102,117,0.00016,47.058823529412%
d__Bacteria,k__norank_d__Bacteria,p__Planctomycetes,c__OM190,o__norank_c__OM190,f__norank_c__OM190,g__norank_c__OM190,s__uncultured_bacterium_g__norank_c__OM190,OTU2954,21,3.0E-5,41.176470588235%
d__Bacteria,k__norank_d__Bacteria,p__Chloroflexi,c__Anaerolineae,o__SBR1031,f__norank_o__SBR1031,g__norank_o__SBR1031,s__uncultured_bacterium_g__norank_o__SBR1031,OTU3227,2,2.76774e-6,5.8823529411765%
d__Bacteria,k__norank_d__Bacteria,p__Proteobacteria,c__Deltaproteobacteria,o__Myxococcales,f__Polyangiaceae,g__Pajaroellobacter,s__unclassified_g__Pajaroellobacter,OTU3084,65,9.0E-5,52.941176470588%
d__Bacteria,k__norank_d__Bacteria,p__Acidobacteria,c__Blastocatellia_Subgroup_4,o__11-24,f__norank_o__11-24,g__norank_o__11-24,s__unclassified_g__norank_o__11-24,OTU3012,52,7.0E-5,47.058823529412%
d__Bacteria,k__norank_d__Bacteria,p__Proteobacteria,c__Gammaproteobacteria,o__Pseudomonadales,f__Moraxellaceae,g__norank_f__Moraxellaceae,s__unclassified_g__norank_f__Moraxellaceae,OTU3186,4,5.53547e-6,23.529411764706%
d__Bacteria,k__norank_d__Bacteria,p__Proteobacteria,c__Deltaproteobacteria,o__Myxococcales,f__Polyangiaceae,g__Pajaroellobacter,s__uncultured_bacterium_g__Pajaroellobacter,OTU2661,10,1.0E-5,29.411764705882%
d__Bacteria,k__norank_d__Bacteria,p__Chlamydiae,c__Chlamydiae,o__Chlamydiales,f__cvE6,g__norank_f__cvE6,s__metagenome_g__norank_f__cvE6,OTU3121,80,0.00011,52.941176470588%
d__Bacteria,k__norank_d__Bacteria,p__Patescibacteria,c__Gracilibacteria,o__Candidatus_Peregrinibacteria,f__norank_o__Candidatus_Peregrinibacteria,g__norank_o__Candidatus_Peregrinibacteria,s__unclassified_g__norank_o__Candidatus_Peregrinibacteria,OTU2898,14,2.0E-5,35.294117647059%
d__Bacteria,k__norank_d__Bacteria,p__Proteobacteria,c__Alphaproteobacteria,o__Holosporales,f__Holosporaceae,g__norank_f__Holosporaceae,s__uncultured_bacterium_g__norank_f__Holosporaceae,OTU3101,863,0.00119,100%
d__Bacteria,k__norank_d__Bacteria,p__Proteobacteria,c__Gammaproteobacteria,o__Betaproteobacteriales,f__SC-I-84,g__norank_f__SC-I-84,s__unclassified_g__norank_f__SC-I-84,OTU2998,40,6.0E-5,58.823529411765%
d__Bacteria,k__norank_d__Bacteria,p__Proteobacteria,c__Gammaproteobacteria,o__Gammaproteobacteria_Incertae_Sedis,f__unclassified_o__Gammaproteobacteria_Incertae_Sedis,g__Candidatus_Berkiella,s__uncultured_bacterium_g__Candidatus_Berkiella,OTU3191,656,0.00091,47.058823529412%
d__Bacteria,k__norank_d__Bacteria,p__Proteobacteria,c__Deltaproteobacteria,o__unclassified_c__Deltaproteobacteria,f__unclassified_c__Deltaproteobacteria,g__unclassified_c__Deltaproteobacteria,s__unclassified_c__Deltaproteobacteria,OTU3238,15,2.0E-5,35.294117647059%
d__Bacteria,k__norank_d__Bacteria,p__Chloroflexi,c__Anaerolineae,o__SBR1031,f__norank_o__SBR1031,g__norank_o__SBR1031,s__uncultured_Gemmatimonadetes_bacterium_g__norank_o__SBR1031,OTU3054,3,4.15161e-6,17.647058823529%
d__Bacteria,k__norank_d__Bacteria,p__Proteobacteria,c__Deltaproteobacteria,o__Desulfobacterales,f__Desulfobacteraceae,g__Sva0081_sediment_group,s__uncultured_soil_bacterium_g__Sva0081_sediment_group,OTU2734,19,3.0E-5,41.176470588235%
d__Bacteria,k__norank_d__Bacteria,p__Proteobacteria,c__Gammaproteobacteria,o__Betaproteobacteriales,f__Burkholderiaceae,g__Piscinibacter,s__uncultured_bacterium_g__Piscinibacter,OTU3123,569,0.00079,100%
d__Bacteria,k__norank_d__Bacteria,p__Proteobacteria,c__Alphaproteobacteria,o__Caulobacterales,f__Hyphomonadaceae,g__SWB02,s__uncultured_bacterium_g__SWB02,OTU2900,659,0.00091,70.588235294118%
d__Bacteria,k__norank_d__Bacteria,p__Proteobacteria,c__Deltaproteobacteria,o__Bdellovibrionales,f__Bdellovibrionaceae,g__Bdellovibrio,s__uncultured_bacterium_g__Bdellovibrio,OTU2776,7,9.68708e-6,23.529411764706%
d__Bacteria,k__norank_d__Bacteria,p__Proteobacteria,c__Gammaproteobacteria,o__Xanthomonadales,f__Xanthomonadaceae,g__Pseudoxanthomonas,s__unclassified_g__Pseudoxanthomonas,OTU3109,8,1.0E-5,29.411764705882%
d__Bacteria,k__norank_d__Bacteria,p__Firmicutes,c__Negativicutes,o__Selenomonadales,f__Acidaminococcaceae,g__Phascolarctobacterium,s__uncultured_organism_g__Phascolarctobacterium,OTU3089,43,6.0E-5,47.058823529412%
d__Bacteria,k__norank_d__Bacteria,p__Bacteroidetes,c__Bacteroidia,o__Chitinophagales,f__norank_o__Chitinophagales,g__norank_o__Chitinophagales,s__metagenome_g__norank_o__Chitinophagales,OTU3022,15,2.0E-5,35.294117647059%
d__Bacteria,k__norank_d__Bacteria,p__Proteobacteria,c__Gammaproteobacteria,o__Diplorickettsiales,f__Diplorickettsiaceae,g__norank_f__Diplorickettsiaceae,s__uncultured_bacterium_g__norank_f__Diplorickettsiaceae,OTU3212,7,9.68708e-6,23.529411764706%
d__Bacteria,k__norank_d__Bacteria,p__Dependentiae,c__Babeliae,o__Babeliales,f__norank_o__Babeliales,g__norank_o__Babeliales,s__uncultured_bacterium_g__norank_o__Babeliales,OTU3134,7,9.68708e-6,29.411764705882%
d__Bacteria,k__norank_d__Bacteria,p__Patescibacteria,c__WWE3,o__norank_c__WWE3,f__norank_c__WWE3,g__norank_c__WWE3,s__unclassified_g__norank_c__WWE3,OTU3245,11,2.0E-5,29.411764705882%
d__Bacteria,k__norank_d__Bacteria,p__Chloroflexi,c__Anaerolineae,o__SBR1031,f__A4b,g__norank_f__A4b,s__uncultured_bacterium_g__norank_f__A4b,OTU3055,2,2.76774e-6,11.764705882353%
d__Bacteria,k__norank_d__Bacteria,p__Acidobacteria,c__Thermoanaerobaculia,o__Thermoanaerobaculales,f__Thermoanaerobaculaceae,g__Thermoanaerobaculum,s__uncultured_prokaryote_g__Thermoanaerobaculum,OTU3128,6,8.30321e-6,23.529411764706%
d__Bacteria,k__norank_d__Bacteria,p__Bacteroidetes,c__Ignavibacteria,o__SJA-28,f__norank_o__SJA-28,g__norank_o__SJA-28,s__unclassified_g__norank_o__SJA-28,OTU2735,338,0.00047,58.823529411765%
d__Bacteria,k__norank_d__Bacteria,p__Acidobacteria,c__Holophagae,o__Subgroup_7,f__norank_o__Subgroup_7,g__norank_o__Subgroup_7,s__unclassified_g__norank_o__Subgroup_7,OTU3155,152,0.00021,47.058823529412%
d__Bacteria,k__norank_d__Bacteria,p__Acidobacteria,c__Subgroup_6,o__norank_c__Subgroup_6,f__norank_c__Subgroup_6,g__norank_c__Subgroup_6,s__unclassified_g__norank_c__Subgroup_6,OTU2971,3,4.15161e-6,11.764705882353%
d__Bacteria,k__norank_d__Bacteria,p__Proteobacteria,c__Deltaproteobacteria,o__Myxococcales,f__P3OB-42,g__norank_f__P3OB-42,s__unclassified_g__norank_f__P3OB-42,OTU2782,24,3.0E-5,41.176470588235%
d__Bacteria,k__norank_d__Bacteria,p__Chloroflexi,c__Anaerolineae,o__RBG-13-54-9,f__norank_o__RBG-13-54-9,g__norank_o__RBG-13-54-9,s__unclassified_g__norank_o__RBG-13-54-9,OTU3045,292,0.0004,47.058823529412%
d__Bacteria,k__norank_d__Bacteria,p__Dependentiae,c__Babeliae,o__Babeliales,f__UBA12409,g__norank_f__UBA12409,s__uncultured_bacterium_g__norank_f__UBA12409,OTU3090,16,2.0E-5,52.941176470588%
d__Bacteria,k__norank_d__Bacteria,p__Proteobacteria,c__Gammaproteobacteria,o__Betaproteobacteriales,f__Nitrosomonadaceae,g__Nitrosomonas,s__Nitrosomonas_sp._NP1,OTU3146,310,0.00043,64.705882352941%
d__Bacteria,k__norank_d__Bacteria,p__Patescibacteria,c__WS6_Dojkabacteria,o__norank_c__WS6_Dojkabacteria,f__norank_c__WS6_Dojkabacteria,g__norank_c__WS6_Dojkabacteria,s__unclassified_g__norank_c__WS6_Dojkabacteria,OTU3248,38,5.0E-5,47.058823529412%
d__Bacteria,k__norank_d__Bacteria,p__Proteobacteria,c__Gammaproteobacteria,o__Legionellales,f__Legionellaceae,g__Legionella,s__unclassified_g__Legionella,OTU3061,8,1.0E-5,35.294117647059%
d__Bacteria,k__norank_d__Bacteria,p__Planctomycetes,c__Planctomycetacia,o__Gemmatales,f__Gemmataceae,g__norank_f__Gemmataceae,s__uncultured_bacterium_g__norank_f__Gemmataceae,OTU3232,17,2.0E-5,41.176470588235%
d__Bacteria,k__norank_d__Bacteria,p__Chlamydiae,c__Chlamydiae,o__Chlamydiales,f__Simkaniaceae,g__unclassified_f__Simkaniaceae,s__unclassified_f__Simkaniaceae,OTU3173,3,4.15161e-6,17.647058823529%
d__Bacteria,k__norank_d__Bacteria,p__Proteobacteria,c__Alphaproteobacteria,o__Rhodospirillales,f__norank_o__Rhodospirillales,g__norank_o__Rhodospirillales,s__unclassified_g__norank_o__Rhodospirillales,OTU3178,3,4.15161e-6,17.647058823529%
d__Bacteria,k__norank_d__Bacteria,p__Firmicutes,c__Clostridia,o__Clostridiales,f__Ruminococcaceae,g__Eubacterium]_coprostanoligenes_group,s__unclassified_g__Eubacterium]_coprostanoligenes_group,OTU2999,3,4.15161e-6,11.764705882353%
d__Bacteria,k__norank_d__Bacteria,p__Latescibacteria,c__Latescibacteria,o__norank_c__Latescibacteria,f__norank_c__Latescibacteria,g__norank_c__Latescibacteria,s__uncultured_soil_bacterium_PBS-III-30,OTU3116,77,0.00011,47.058823529412%
d__Bacteria,k__norank_d__Bacteria,p__Proteobacteria,c__Gammaproteobacteria,o__norank_c__Gammaproteobacteria,f__norank_c__Gammaproteobacteria,g__norank_c__Gammaproteobacteria,s__metagenome_g__norank_c__Gammaproteobacteria,OTU2817,3,4.15161e-6,17.647058823529%
d__Bacteria,k__norank_d__Bacteria,p__Proteobacteria,c__Deltaproteobacteria,o__unclassified_c__Deltaproteobacteria,f__unclassified_c__Deltaproteobacteria,g__unclassified_c__Deltaproteobacteria,s__unclassified_c__Deltaproteobacteria,OTU3056,6,8.30321e-6,17.647058823529%
d__Bacteria,k__norank_d__Bacteria,p__Planctomycetes,c__Phycisphaerae,o__Phycisphaerales,f__Phycisphaeraceae,g__SM1A02,s__uncultured_bacterium_g__SM1A02,OTU3065,3,4.15161e-6,11.764705882353%
d__Bacteria,k__norank_d__Bacteria,p__Proteobacteria,c__Alphaproteobacteria,o__Sphingomonadales,f__Sphingomonadaceae,g__norank_f__Sphingomonadaceae,s__Novosphingobium_sp._HME8448,OTU2742,4,5.53547e-6,23.529411764706%
d__Bacteria,k__norank_d__Bacteria,p__Bacteroidetes,c__Bacteroidia,o__Bacteroidales,f__Rikenellaceae,g__norank_f__Rikenellaceae,s__uncultured_compost_bacterium_g__norank_f__Rikenellaceae,OTU3187,3,4.15161e-6,17.647058823529%
d__Bacteria,k__norank_d__Bacteria,p__Proteobacteria,c__Gammaproteobacteria,o__Xanthomonadales,f__unclassified_o__Xanthomonadales,g__unclassified_o__Xanthomonadales,s__unclassified_o__Xanthomonadales,OTU3200,5,6.91934e-6,23.529411764706%
d__Bacteria,k__norank_d__Bacteria,p__Proteobacteria,c__Gammaproteobacteria,o__Betaproteobacteriales,f__Rhodocyclaceae,g__Zoogloea,s__unclassified_g__Zoogloea,OTU3257,13,2.0E-5,29.411764705882%
d__Bacteria,k__norank_d__Bacteria,p__Chloroflexi,c__OLB14,o__norank_c__OLB14,f__norank_c__OLB14,g__norank_c__OLB14,s__unclassified_g__norank_c__OLB14,OTU3234,2380,0.00329,58.823529411765%
d__Bacteria,k__norank_d__Bacteria,p__Bacteroidetes,c__Ignavibacteria,o__Ignavibacteriales,f__Ignavibacteriaceae,g__Ignavibacterium,s__uncultured_bacterium_g__Ignavibacterium,OTU3016,4,5.53547e-6,23.529411764706%
d__Bacteria,k__norank_d__Bacteria,p__Proteobacteria,c__Gammaproteobacteria,o__Methylococcales,f__Methylococcaceae,g__Methyloparacoccus,s__uncultured_bacterium_g__Methyloparacoccus,OTU3131,38,5.0E-5,47.058823529412%
d__Bacteria,k__norank_d__Bacteria,p__Bacteroidetes,c__Ignavibacteria,o__Ignavibacteriales,f__PHOS-HE36,g__norank_f__PHOS-HE36,s__uncultured_bacterium_g__norank_f__PHOS-HE36,OTU2818,9734,0.01347,47.058823529412%
d__Bacteria,k__norank_d__Bacteria,p__Chlamydiae,c__Chlamydiae,o__Chlamydiales,f__Simkaniaceae,g__norank_f__Simkaniaceae,s__unclassified_g__norank_f__Simkaniaceae,OTU3072,6,8.30321e-6,17.647058823529%
d__Bacteria,k__norank_d__Bacteria,p__Proteobacteria,c__Deltaproteobacteria,o__Myxococcales,f__Haliangiaceae,g__Haliangium,s__unclassified_g__Haliangium,OTU3199,39,5.0E-5,47.058823529412%
d__Bacteria,k__norank_d__Bacteria,p__Planctomycetes,c__Planctomycetacia,o__Gemmatales,f__Gemmataceae,g__norank_f__Gemmataceae,s__unclassified_g__norank_f__Gemmataceae,OTU3236,68,9.0E-5,47.058823529412%
d__Bacteria,k__norank_d__Bacteria,p__Chloroflexi,c__Anaerolineae,o__SBR1031,f__norank_o__SBR1031,g__norank_o__SBR1031,s__unclassified_g__norank_o__SBR1031,OTU3209,15,2.0E-5,41.176470588235%
d__Bacteria,k__norank_d__Bacteria,p__Acidobacteria,c__Holophagae,o__Subgroup_7,f__norank_o__Subgroup_7,g__norank_o__Subgroup_7,s__unclassified_g__norank_o__Subgroup_7,OTU2747,363,0.0005,58.823529411765%
d__Bacteria,k__norank_d__Bacteria,p__Dependentiae,c__Babeliae,o__Babeliales,f__unclassified_o__Babeliales,g__unclassified_o__Babeliales,s__unclassified_o__Babeliales,OTU3145,272,0.00038,76.470588235294%
d__Bacteria,k__norank_d__Bacteria,p__Bacteroidetes,c__Bacteroidia,o__Chitinophagales,f__norank_o__Chitinophagales,g__norank_o__Chitinophagales,s__uncultured_delta_proteobacterium_g__norank_o__Chitinophagales,OTU2843,50,7.0E-5,52.941176470588%
d__Bacteria,k__norank_d__Bacteria,p__Bacteroidetes,c__Ignavibacteria,o__SJA-28,f__norank_o__SJA-28,g__norank_o__SJA-28,s__metagenome_g__norank_o__SJA-28,OTU3023,118,0.00016,47.058823529412%
d__Bacteria,k__norank_d__Bacteria,p__Dependentiae,c__Babeliae,o__Babeliales,f__norank_o__Babeliales,g__norank_o__Babeliales,s__unclassified_g__norank_o__Babeliales,OTU3078,7,9.68708e-6,29.411764705882%
d__Bacteria,k__norank_d__Bacteria,p__Zixibacteria,c__norank_p__Zixibacteria,o__norank_p__Zixibacteria,f__norank_p__Zixibacteria,g__norank_p__Zixibacteria,s__unclassified_g__norank_p__Zixibacteria,OTU3094,16,2.0E-5,41.176470588235%
d__Bacteria,k__norank_d__Bacteria,p__Chlamydiae,c__Chlamydiae,o__Chlamydiales,f__Parachlamydiaceae,g__Candidatus_Protochlamydia,s__metagenome_g__Candidatus_Protochlamydia,OTU3201,63,9.0E-5,47.058823529412%
d__Bacteria,k__norank_d__Bacteria,p__Firmicutes,c__Clostridia,o__Clostridiales,f__Christensenellaceae,g__Christensenellaceae_R-7_group,s__uncultured_bacterium_g__Christensenellaceae_R-7_group,OTU3285,16,2.0E-5,35.294117647059%
d__Bacteria,k__norank_d__Bacteria,p__Proteobacteria,c__Gammaproteobacteria,o__unclassified_c__Gammaproteobacteria,f__unclassified_c__Gammaproteobacteria,g__unclassified_c__Gammaproteobacteria,s__unclassified_c__Gammaproteobacteria,OTU3157,145,0.0002,47.058823529412%
d__Bacteria,k__norank_d__Bacteria,p__Actinobacteria,c__Actinobacteria,o__Solirubrobacterales,f__Solirubrobacteraceae,g__Conexibacter,s__metagenome_g__Conexibacter,OTU3149,117,0.00016,47.058823529412%
d__Bacteria,k__norank_d__Bacteria,p__Chloroflexi,c__Anaerolineae,o__Anaerolineales,f__Anaerolineaceae,g__Longilinea,s__uncultured_Chloroflexi_bacterium_g__Longilinea,OTU3047,8,1.0E-5,29.411764705882%
d__Bacteria,k__norank_d__Bacteria,p__Acidobacteria,c__Subgroup_22,o__norank_c__Subgroup_22,f__norank_c__Subgroup_22,g__norank_c__Subgroup_22,s__uncultured_bacterium_g__norank_c__Subgroup_22,OTU3098,23,3.0E-5,41.176470588235%
d__Bacteria,k__norank_d__Bacteria,p__Dependentiae,c__Babeliae,o__Babeliales,f__unclassified_o__Babeliales,g__unclassified_o__Babeliales,s__unclassified_o__Babeliales,OTU3104,12,2.0E-5,35.294117647059%
d__Bacteria,k__norank_d__Bacteria,p__Proteobacteria,c__Deltaproteobacteria,o__Bdellovibrionales,f__Bdellovibrionaceae,g__Bdellovibrio,s__unclassified_g__Bdellovibrio,OTU2754,5,6.91934e-6,29.411764705882%
d__Bacteria,k__norank_d__Bacteria,p__Firmicutes,c__Bacilli,o__Lactobacillales,f__Streptococcaceae,g__Streptococcus,s__unclassified_g__Streptococcus,OTU3220,17,2.0E-5,35.294117647059%
d__Bacteria,k__norank_d__Bacteria,p__Proteobacteria,c__Gammaproteobacteria,o__Betaproteobacteriales,f__SC-I-84,g__norank_f__SC-I-84,s__unclassified_g__norank_f__SC-I-84,OTU3208,126,0.00017,47.058823529412%
d__Bacteria,k__norank_d__Bacteria,p__Patescibacteria,c__Saccharimonadia,o__Saccharimonadales,f__norank_o__Saccharimonadales,g__norank_o__Saccharimonadales,s__uncultured_bacterium_g__norank_o__Saccharimonadales,OTU2855,189,0.00026,47.058823529412%
d__Bacteria,k__norank_d__Bacteria,p__Proteobacteria,c__Gammaproteobacteria,o__Betaproteobacteriales,f__Rhodocyclaceae,g__unclassified_f__Rhodocyclaceae,s__unclassified_f__Rhodocyclaceae,OTU3159,3,4.15161e-6,17.647058823529%
d__Bacteria,k__norank_d__Bacteria,p__Acidobacteria,c__Subgroup_17,o__norank_c__Subgroup_17,f__norank_c__Subgroup_17,g__norank_c__Subgroup_17,s__unclassified_g__norank_c__Subgroup_17,OTU3162,1296,0.00179,47.058823529412%
d__Bacteria,k__norank_d__Bacteria,p__Armatimonadetes,c__Chthonomonadetes,o__Chthonomonadales,f__norank_o__Chthonomonadales,g__norank_o__Chthonomonadales,s__uncultured_bacterium_g__norank_o__Chthonomonadales,OTU3103,3,4.15161e-6,11.764705882353%
d__Bacteria,k__norank_d__Bacteria,p__Spirochaetes,c__Leptospirae,o__Leptospirales,f__Leptospiraceae,g__Leptospira,s__unclassified_g__Leptospira,OTU3068,31,4.0E-5,47.058823529412%
d__Bacteria,k__norank_d__Bacteria,p__Proteobacteria,c__Gammaproteobacteria,o__Gammaproteobacteria_Incertae_Sedis,f__unclassified_o__Gammaproteobacteria_Incertae_Sedis,g__Candidatus_Ovatusbacter,s__unclassified_g__Candidatus_Ovatusbacter,OTU3132,232,0.00032,47.058823529412%
d__Bacteria,k__norank_d__Bacteria,p__Bacteroidetes,c__Bacteroidia,o__Bacteroidales,f__Prevotellaceae,g__Prevotella_7,s__uncultured_bacterium_g__Prevotella_7,OTU3225,2,2.76774e-6,11.764705882353%
d__Bacteria,k__norank_d__Bacteria,p__Synergistetes,c__Synergistia,o__Synergistales,f__Synergistaceae,g__unclassified_f__Synergistaceae,s__unclassified_f__Synergistaceae,OTU3215,2,2.76774e-6,11.764705882353%
d__Bacteria,k__norank_d__Bacteria,p__Chloroflexi,c__Anaerolineae,o__SJA-15,f__norank_o__SJA-15,g__norank_o__SJA-15,s__uncultured_bacterium_g__norank_o__SJA-15,OTU2872,12,2.0E-5,29.411764705882%
d__Bacteria,k__norank_d__Bacteria,p__Proteobacteria,c__Deltaproteobacteria,o__Desulfovibrionales,f__Desulfovibrionaceae,g__Desulfovibrio,s__uncultured_bacterium_g__Desulfovibrio,OTU2755,4,5.53547e-6,11.764705882353%
d__Bacteria,k__norank_d__Bacteria,p__Planctomycetes,c__OM190,o__norank_c__OM190,f__norank_c__OM190,g__norank_c__OM190,s__uncultured_bacterium_g__norank_c__OM190,OTU3163,3,4.15161e-6,17.647058823529%
d__Bacteria,k__norank_d__Bacteria,p__Planctomycetes,c__Planctomycetacia,o__Gemmatales,f__Gemmataceae,g__norank_f__Gemmataceae,s__unclassified_g__norank_f__Gemmataceae,OTU3112,8,1.0E-5,23.529411764706%
d__Bacteria,k__norank_d__Bacteria,p__Proteobacteria,c__Gammaproteobacteria,o__Betaproteobacteriales,f__Rhodocyclaceae,g__Dechloromonas,s__unclassified_g__Dechloromonas,OTU3071,36,5.0E-5,58.823529411765%
d__Bacteria,k__norank_d__Bacteria,p__Proteobacteria,c__Gammaproteobacteria,o__Betaproteobacteriales,f__Burkholderiaceae,g__Ottowia,s__uncultured_bacterium_g__Ottowia,OTU3153,668,0.00092,52.941176470588%
d__Bacteria,k__norank_d__Bacteria,p__Proteobacteria,c__Gammaproteobacteria,o__Betaproteobacteriales,f__Burkholderiaceae,g__Lautropia,s__uncultured_beta_proteobacterium_g__Lautropia,OTU3217,4,5.53547e-6,17.647058823529%
d__Bacteria,k__norank_d__Bacteria,p__Proteobacteria,c__Gammaproteobacteria,o__Betaproteobacteriales,f__Nitrosomonadaceae,g__Ellin6067,s__uncultured_bacterium_g__Ellin6067,OTU3169,64,9.0E-5,70.588235294118%
d__Bacteria,k__norank_d__Bacteria,p__Elusimicrobia,c__Elusimicrobia,o__norank_c__Elusimicrobia,f__norank_c__Elusimicrobia,g__norank_c__Elusimicrobia,s__unclassified_g__norank_c__Elusimicrobia,OTU2881,16,2.0E-5,41.176470588235%
d__Bacteria,k__norank_d__Bacteria,p__Planctomycetes,c__Planctomycetacia,o__norank_c__Planctomycetacia,f__norank_c__Planctomycetacia,g__norank_c__Planctomycetacia,s__unclassified_g__norank_c__Planctomycetacia,OTU3244,13,2.0E-5,23.529411764706%
d__Bacteria,k__norank_d__Bacteria,p__Proteobacteria,c__Deltaproteobacteria,o__Oligoflexales,f__Oligoflexaceae,g__norank_f__Oligoflexaceae,s__unclassified_g__norank_f__Oligoflexaceae,OTU2759,6,8.30321e-6,35.294117647059%
d__Bacteria,k__norank_d__Bacteria,p__Proteobacteria,c__Gammaproteobacteria,o__Cellvibrionales,f__Spongiibacteraceae,g__BD1-7_clade,s__metagenome_g__BD1-7_clade,OTU3202,230,0.00032,64.705882352941%
d__Bacteria,k__norank_d__Bacteria,p__Proteobacteria,c__Gammaproteobacteria,o__Betaproteobacteriales,f__Burkholderiaceae,g__Lautropia,s__metagenome_g__Lautropia,OTU3117,272,0.00038,52.941176470588%
d__Bacteria,k__norank_d__Bacteria,p__Proteobacteria,c__Gammaproteobacteria,o__eub62A3,f__norank_o__eub62A3,g__norank_o__eub62A3,s__metagenome_g__norank_o__eub62A3,OTU3075,309,0.00043,47.058823529412%
d__Bacteria,k__norank_d__Bacteria,p__Proteobacteria,c__Gammaproteobacteria,o__Gammaproteobacteria_Incertae_Sedis,f__unclassified_o__Gammaproteobacteria_Incertae_Sedis,g__Acidibacter,s__uncultured_bacterium_g__Acidibacter,OTU3156,153,0.00021,47.058823529412%
d__Bacteria,k__norank_d__Bacteria,p__Proteobacteria,c__Deltaproteobacteria,o__MBNT15,f__norank_o__MBNT15,g__norank_o__MBNT15,s__unclassified_g__norank_o__MBNT15,OTU3241,2,2.76774e-6,11.764705882353%
d__Bacteria,k__norank_d__Bacteria,p__Chloroflexi,c__Anaerolineae,o__SBR1031,f__norank_o__SBR1031,g__norank_o__SBR1031,s__unclassified_g__norank_o__SBR1031,OTU3266,159,0.00022,58.823529411765%
d__Bacteria,k__norank_d__Bacteria,p__Proteobacteria,c__Deltaproteobacteria,o__Myxococcales,f__P3OB-42,g__norank_f__P3OB-42,s__uncultured_bacterium_g__norank_f__P3OB-42,OTU3190,2,2.76774e-6,11.764705882353%
d__Bacteria,k__norank_d__Bacteria,p__Bacteroidetes,c__Bacteroidia,o__Chitinophagales,f__Chitinophagaceae,g__norank_f__Chitinophagaceae,s__unclassified_g__norank_f__Chitinophagaceae,OTU2894,82,0.00011,47.058823529412%
d__Bacteria,k__norank_d__Bacteria,p__Bacteroidetes,c__Ignavibacteria,o__Kryptoniales,f__BSV26,g__norank_f__BSV26,s__uncultured_Chlorobi_bacterium_g__norank_f__BSV26,OTU2793,141,0.0002,47.058823529412%
d__Bacteria,k__norank_d__Bacteria,p__Proteobacteria,c__Gammaproteobacteria,o__Betaproteobacteriales,f__Hydrogenophilaceae,g__norank_f__Hydrogenophilaceae,s__uncultured_Burkholderiales_bacterium_g__norank_f__Hydrogenophilaceae,OTU3226,11,2.0E-5,35.294117647059%
d__Bacteria,k__norank_d__Bacteria,p__BRC1,c__norank_p__BRC1,o__norank_p__BRC1,f__norank_p__BRC1,g__norank_p__BRC1,s__uncultured_bacterium_g__norank_p__BRC1,OTU3085,2,2.76774e-6,11.764705882353%
d__Bacteria,k__norank_d__Bacteria,p__Proteobacteria,c__Deltaproteobacteria,o__Bdellovibrionales,f__Bdellovibrionaceae,g__Bdellovibrio,s__uncultured_bacterium_g__Bdellovibrio,OTU3161,6,8.30321e-6,23.529411764706%
d__Bacteria,k__norank_d__Bacteria,p__Chloroflexi,c__JG30-KF-CM66,o__norank_c__JG30-KF-CM66,f__norank_c__JG30-KF-CM66,g__norank_c__JG30-KF-CM66,s__uncultured_Anaerolineales_bacterium_g__norank_c__JG30-KF-CM66,OTU3139,19,3.0E-5,47.058823529412%
d__Bacteria,k__norank_d__Bacteria,p__Dependentiae,c__Babeliae,o__Babeliales,f__norank_o__Babeliales,g__norank_o__Babeliales,s__candidate_division_TM6_bacterium_GW2011_GWF2_37_49,OTU3194,7,9.68708e-6,23.529411764706%
d__Bacteria,k__norank_d__Bacteria,p__Firmicutes,c__Clostridia,o__Clostridiales,f__Family_XII_o__Clostridiales,g__Acidaminobacter,s__unclassified_g__Acidaminobacter,OTU3281,10,1.0E-5,29.411764705882%
d__Bacteria,k__norank_d__Bacteria,p__Proteobacteria,c__Alphaproteobacteria,o__Micropepsales,f__Micropepsaceae,g__norank_f__Micropepsaceae,s__metagenome_g__norank_f__Micropepsaceae,OTU2904,486,0.00067,70.588235294118%
d__Bacteria,k__norank_d__Bacteria,p__Proteobacteria,c__Gammaproteobacteria,o__Diplorickettsiales,f__Diplorickettsiaceae,g__norank_f__Diplorickettsiaceae,s__uncultured_Legionellales_bacterium_g__norank_f__Diplorickettsiaceae,OTU2813,8,1.0E-5,35.294117647059%
d__Bacteria,k__norank_d__Bacteria,p__Proteobacteria,c__Gammaproteobacteria,o__WD260,f__norank_o__WD260,g__norank_o__WD260,s__uncultured_bacterium_g__norank_o__WD260,OTU3179,75,0.0001,47.058823529412%
d__Bacteria,k__norank_d__Bacteria,p__Zixibacteria,c__norank_p__Zixibacteria,o__norank_p__Zixibacteria,f__norank_p__Zixibacteria,g__norank_p__Zixibacteria,s__uncultured_prokaryote_g__norank_p__Zixibacteria,OTU3151,7,9.68708e-6,29.411764705882%
d__Bacteria,k__norank_d__Bacteria,p__Acidobacteria,c__Subgroup_6,o__norank_c__Subgroup_6,f__norank_c__Subgroup_6,g__norank_c__Subgroup_6,s__unclassified_g__norank_c__Subgroup_6,OTU3288,620,0.00086,64.705882352941%
d__Bacteria,k__norank_d__Bacteria,p__Zixibacteria,c__norank_p__Zixibacteria,o__norank_p__Zixibacteria,f__norank_p__Zixibacteria,g__norank_p__Zixibacteria,s__unclassified_g__norank_p__Zixibacteria,OTU3203,56,8.0E-5,47.058823529412%
d__Bacteria,k__norank_d__Bacteria,p__Zixibacteria,c__norank_p__Zixibacteria,o__norank_p__Zixibacteria,f__norank_p__Zixibacteria,g__norank_p__Zixibacteria,s__uncultured_bacterium_g__norank_p__Zixibacteria,OTU2910,29,4.0E-5,47.058823529412%
d__Bacteria,k__norank_d__Bacteria,p__Acidobacteria,c__Holophagae,o__Holophagales,f__Holophagaceae,g__Geothrix,s__unclassified_g__Geothrix,OTU3182,101,0.00014,64.705882352941%
d__Bacteria,k__norank_d__Bacteria,p__Proteobacteria,c__Gammaproteobacteria,o__Betaproteobacteriales,f__SC-I-84,g__norank_f__SC-I-84,s__unclassified_g__norank_f__SC-I-84,OTU3152,166,0.00023,64.705882352941%
d__Bacteria,k__norank_d__Bacteria,p__Dependentiae,c__Babeliae,o__Babeliales,f__UBA12409,g__norank_f__UBA12409,s__uncultured_Verrucomicrobia_bacterium_g__norank_f__UBA12409,OTU2834,4,5.53547e-6,23.529411764706%
d__Bacteria,k__norank_d__Bacteria,p__Cyanobacteria,c__Oxyphotobacteria,o__Nostocales,f__Chroococcidiopsaceae,g__Chroococcidiopsis_PCC_7203,s__Chroococcidiopsis_thermalis_PCC_7203,OTU3240,6,8.30321e-6,29.411764705882%
d__Bacteria,k__norank_d__Bacteria,p__Proteobacteria,c__Gammaproteobacteria,o__JG36-GS-52,f__norank_o__JG36-GS-52,g__norank_o__JG36-GS-52,s__unclassified_g__norank_o__JG36-GS-52,OTU3205,37,5.0E-5,47.058823529412%
d__Bacteria,k__norank_d__Bacteria,p__Proteobacteria,c__Gammaproteobacteria,o__unclassified_c__Gammaproteobacteria,f__unclassified_c__Gammaproteobacteria,g__unclassified_c__Gammaproteobacteria,s__unclassified_c__Gammaproteobacteria,OTU3235,169,0.00023,47.058823529412%
d__Bacteria,k__norank_d__Bacteria,p__Actinobacteria,c__Actinobacteria,o__Micrococcales,f__Micrococcaceae,g__Kocuria,s__Kocuria_palustris,OTU2941,30,4.0E-5,58.823529411765%
d__Bacteria,k__norank_d__Bacteria,p__Actinobacteria,c__Actinobacteria,o__Solirubrobacterales,f__Solirubrobacteraceae,g__Conexibacter,s__unclassified_g__Conexibacter,OTU3164,525,0.00073,70.588235294118%
d__Bacteria,k__norank_d__Bacteria,p__Cyanobacteria,c__Oxyphotobacteria,o__Chloroplast,f__norank_o__Chloroplast,g__norank_o__Chloroplast,s__Tetradesmus_obliquus,OTU3106,2,2.76774e-6,11.764705882353%
d__Bacteria,k__norank_d__Bacteria,p__Firmicutes,c__Clostridia,o__Clostridiales,f__Christensenellaceae,g__Christensenellaceae_R-7_group,s__unclassified_g__Christensenellaceae_R-7_group,OTU3249,4,5.53547e-6,11.764705882353%
d__Bacteria,k__norank_d__Bacteria,p__Proteobacteria,c__Gammaproteobacteria,o__Methylococcales,f__Methylococcaceae,g__Methylocaldum,s__uncultured_bacterium_g__Methylocaldum,OTU3255,23,3.0E-5,47.058823529412%
d__Bacteria,k__norank_d__Bacteria,p__Bacteroidetes,c__Ignavibacteria,o__Kryptoniales,f__BSV26,g__norank_f__BSV26,s__uncultured_soil_bacterium_g__norank_f__BSV26,OTU2961,30,4.0E-5,47.058823529412%
d__Bacteria,k__norank_d__Bacteria,p__Tenericutes,c__Mollicutes,o__Mollicutes_RF39,f__norank_o__Mollicutes_RF39,g__norank_o__Mollicutes_RF39,s__unclassified_g__norank_o__Mollicutes_RF39,OTU2847,3,4.15161e-6,5.8823529411765%
d__Bacteria,k__norank_d__Bacteria,p__Actinobacteria,c__Actinobacteria,o__Coriobacteriales,f__Atopobiaceae,g__Atopobium,s__unclassified_g__Atopobium,OTU3193,103,0.00014,47.058823529412%
d__Bacteria,k__norank_d__Bacteria,p__Proteobacteria,c__Gammaproteobacteria,o__Steroidobacterales,f__Steroidobacteraceae,g__norank_f__Steroidobacteraceae,s__unclassified_g__norank_f__Steroidobacteraceae,OTU3114,125,0.00017,64.705882352941%
d__Bacteria,k__norank_d__Bacteria,p__Chloroflexi,c__Anaerolineae,o__SBR1031,f__norank_o__SBR1031,g__norank_o__SBR1031,s__unclassified_g__norank_o__SBR1031,OTU3263,39,5.0E-5,47.058823529412%
d__Bacteria,k__norank_d__Bacteria,p__Patescibacteria,c__Gracilibacteria,o__Candidatus_Peregrinibacteria,f__norank_o__Candidatus_Peregrinibacteria,g__norank_o__Candidatus_Peregrinibacteria,s__uncultured_bacterium_g__norank_o__Candidatus_Peregrinibacteria,OTU3269,220,0.0003,47.058823529412%
d__Bacteria,k__norank_d__Bacteria,p__Firmicutes,c__Bacilli,o__Bacillales,f__Staphylococcaceae,g__Staphylococcus,s__Staphylococcus_sciuri,OTU3211,2,2.76774e-6,11.764705882353%
d__Bacteria,k__norank_d__Bacteria,p__Proteobacteria,c__Deltaproteobacteria,o__Desulfuromonadales,f__Geobacteraceae,g__Geobacter,s__unclassified_g__Geobacter,OTU2962,4,5.53547e-6,23.529411764706%
d__Bacteria,k__norank_d__Bacteria,p__Bacteroidetes,c__Bacteroidia,o__Bacteroidales,f__Paludibacteraceae,g__Paludibacter,s__unclassified_g__Paludibacter,OTU2851,4,5.53547e-6,17.647058823529%
d__Bacteria,k__norank_d__Bacteria,p__unclassified_k__norank_d__Bacteria,c__unclassified_k__norank_d__Bacteria,o__unclassified_k__norank_d__Bacteria,f__unclassified_k__norank_d__Bacteria,g__unclassified_k__norank_d__Bacteria,s__unclassified_k__norank_d__Bacteria,OTU3223,2,2.76774e-6,11.764705882353%
d__Bacteria,k__norank_d__Bacteria,p__Proteobacteria,c__Gammaproteobacteria,o__Betaproteobacteriales,f__SC-I-84,g__norank_f__SC-I-84,s__unclassified_g__norank_f__SC-I-84,OTU3189,289,0.0004,70.588235294118%
d__Bacteria,k__norank_d__Bacteria,p__Firmicutes,c__Clostridia,o__Clostridiales,f__Eubacteriaceae,g__Eubacterium,s__unclassified_g__Eubacterium,OTU3284,5,6.91934e-6,23.529411764706%
d__Bacteria,k__norank_d__Bacteria,p__Firmicutes,c__Erysipelotrichia,o__Erysipelotrichales,f__Erysipelotrichaceae,g__Turicibacter,s__uncultured_bacterium_g__Turicibacter,OTU3214,142,0.0002,64.705882352941%
d__Bacteria,k__norank_d__Bacteria,p__Chloroflexi,c__Anaerolineae,o__Anaerolineales,f__Anaerolineaceae,g__Anaerolineaceae_UCG-001,s__uncultured_bacterium_g__Anaerolineaceae_UCG-001,OTU2970,3,4.15161e-6,17.647058823529%
d__Bacteria,k__norank_d__Bacteria,p__Bacteroidetes,c__Bacteroidia,o__Bacteroidales,f__Tannerellaceae,g__Macellibacteroides,s__uncultured_bacterium_g__Macellibacteroides,OTU2852,25,3.0E-5,58.823529411765%
d__Bacteria,k__norank_d__Bacteria,p__Patescibacteria,c__Saccharimonadia,o__Saccharimonadales,f__norank_o__Saccharimonadales,g__norank_o__Saccharimonadales,s__uncultured_bacterium_g__norank_o__Saccharimonadales,OTU3270,6,8.30321e-6,29.411764705882%
d__Bacteria,k__norank_d__Bacteria,p__Chlamydiae,c__Chlamydiae,o__Chlamydiales,f__Criblamydiaceae,g__norank_f__Criblamydiaceae,s__uncultured_organism_g__norank_f__Criblamydiaceae,OTU3242,8,1.0E-5,35.294117647059%
d__Bacteria,k__norank_d__Bacteria,p__Proteobacteria,c__Gammaproteobacteria,o__R7C24,f__norank_o__R7C24,g__norank_o__R7C24,s__unclassified_g__norank_o__R7C24,OTU3197,37,5.0E-5,58.823529411765%
d__Bacteria,k__norank_d__Bacteria,p__Bacteroidetes,c__Bacteroidia,o__Bacteroidales,f__Dysgonomonadaceae,g__Petrimonas,s__uncultured_bacterium_g__Petrimonas,OTU3289,2,2.76774e-6,11.764705882353%
d__Bacteria,k__norank_d__Bacteria,p__Planctomycetes,c__Planctomycetacia,o__Gemmatales,f__Gemmataceae,g__norank_f__Gemmataceae,s__uncultured_bacterium_g__norank_f__Gemmataceae,OTU3229,12,2.0E-5,41.176470588235%
d__Bacteria,k__norank_d__Bacteria,p__Chloroflexi,c__Anaerolineae,o__Anaerolineales,f__Anaerolineaceae,g__norank_f__Anaerolineaceae,s__metagenome_g__norank_f__Anaerolineaceae,OTU2985,245,0.00034,47.058823529412%
d__Bacteria,k__norank_d__Bacteria,p__Proteobacteria,c__Deltaproteobacteria,o__Myxococcales,f__mle1-27,g__norank_f__mle1-27,s__uncultured_bacterium_g__norank_f__mle1-27,OTU2862,5,6.91934e-6,23.529411764706%
d__Bacteria,k__norank_d__Bacteria,p__Proteobacteria,c__Gammaproteobacteria,o__Betaproteobacteriales,f__Nitrosomonadaceae,g__Nitrosomonas,s__unclassified_g__Nitrosomonas,OTU3210,14,2.0E-5,35.294117647059%
d__Bacteria,k__norank_d__Bacteria,p__Patescibacteria,c__Microgenomatia,o__Candidatus_Pacebacteria,f__norank_o__Candidatus_Pacebacteria,g__norank_o__Candidatus_Pacebacteria,s__uncultured_bacterium_g__norank_o__Candidatus_Pacebacteria,OTU3246,4,5.53547e-6,23.529411764706%
d__Bacteria,k__norank_d__Bacteria,p__Bacteroidetes,c__Bacteroidia,o__Chitinophagales,f__Chitinophagaceae,g__Terrimonas,s__uncultured_bacterium_g__Terrimonas,OTU3000,195,0.00027,47.058823529412%
d__Bacteria,k__norank_d__Bacteria,p__Dependentiae,c__Babeliae,o__Babeliales,f__unclassified_o__Babeliales,g__unclassified_o__Babeliales,s__unclassified_o__Babeliales,OTU3265,21,3.0E-5,52.941176470588%
d__Bacteria,k__norank_d__Bacteria,p__Patescibacteria,c__Saccharimonadia,o__Saccharimonadales,f__norank_o__Saccharimonadales,g__norank_o__Saccharimonadales,s__uncultured_bacterium_g__norank_o__Saccharimonadales,OTU3253,8,1.0E-5,41.176470588235%
d__Bacteria,k__norank_d__Bacteria,p__Bacteroidetes,c__Bacteroidia,o__Chitinophagales,f__Saprospiraceae,g__norank_f__Saprospiraceae,s__uncultured_bacterium_MK11,OTU2873,4,5.53547e-6,17.647058823529%
d__Bacteria,k__norank_d__Bacteria,p__Proteobacteria,c__Deltaproteobacteria,o__Bdellovibrionales,f__Bdellovibrionaceae,g__Bdellovibrio,s__uncultured_bacterium_g__Bdellovibrio,OTU3247,15,2.0E-5,58.823529411765%
d__Bacteria,k__norank_d__Bacteria,p__Bacteroidetes,c__Ignavibacteria,o__Ignavibacteriales,f__PHOS-HE36,g__norank_f__PHOS-HE36,s__unclassified_g__norank_f__PHOS-HE36,OTU3074,62,9.0E-5,47.058823529412%
d__Bacteria,k__norank_d__Bacteria,p__Chloroflexi,c__Anaerolineae,o__SBR1031,f__norank_o__SBR1031,g__norank_o__SBR1031,s__unclassified_g__norank_o__SBR1031,OTU3262,24,3.0E-5,47.058823529412%
d__Bacteria,k__norank_d__Bacteria,p__Patescibacteria,c__Saccharimonadia,o__Saccharimonadales,f__Saccharimonadaceae,g__norank_f__Saccharimonadaceae,s__uncultured_bacterium_g__norank_f__Saccharimonadaceae,OTU3271,8,1.0E-5,35.294117647059%
d__Bacteria,k__norank_d__Bacteria,p__Bacteroidetes,c__Bacteroidia,o__Bacteroidales,f__Rikenellaceae,g__U29-B03,s__uncultured_bacterium_g__U29-B03,OTU2874,8,1.0E-5,23.529411764706%
d__Bacteria,k__norank_d__Bacteria,p__Acidobacteria,c__Blastocatellia_Subgroup_4,o__11-24,f__norank_o__11-24,g__norank_o__11-24,s__metagenome_g__norank_o__11-24,OTU3275,79,0.00011,47.058823529412%
d__Bacteria,k__norank_d__Bacteria,p__Proteobacteria,c__Gammaproteobacteria,o__Betaproteobacteriales,f__SC-I-84,g__norank_f__SC-I-84,s__unclassified_g__norank_f__SC-I-84,OTU3113,82,0.00011,64.705882352941%
d__Bacteria,k__norank_d__Bacteria,p__Verrucomicrobia,c__Verrucomicrobiae,o__Verrucomicrobiales,f__Verrucomicrobiaceae,g__norank_f__Verrucomicrobiaceae,s__unclassified_g__norank_f__Verrucomicrobiaceae,OTU3268,1763,0.00244,64.705882352941%
d__Bacteria,k__norank_d__Bacteria,p__Bacteroidetes,c__Ignavibacteria,o__SJA-28,f__norank_o__SJA-28,g__norank_o__SJA-28,s__uncultured_Chlorobi_bacterium_g__norank_o__SJA-28,OTU2878,2,2.76774e-6,11.764705882353%
d__Bacteria,k__norank_d__Bacteria,p__Proteobacteria,c__Gammaproteobacteria,o__Betaproteobacteriales,f__A21b,g__norank_f__A21b,s__unclassified_g__norank_f__A21b,OTU3277,9,1.0E-5,41.176470588235%
d__Bacteria,k__norank_d__Bacteria,p__Patescibacteria,c__Saccharimonadia,o__Saccharimonadales,f__unclassified_o__Saccharimonadales,g__unclassified_o__Saccharimonadales,s__unclassified_o__Saccharimonadales,OTU3127,15,2.0E-5,35.294117647059%
d__Bacteria,k__norank_d__Bacteria,p__Planctomycetes,c__OM190,o__norank_c__OM190,f__norank_c__OM190,g__norank_c__OM190,s__uncultured_bacterium_g__norank_c__OM190,OTU2911,6,8.30321e-6,23.529411764706%
d__Bacteria,k__norank_d__Bacteria,p__Proteobacteria,c__Deltaproteobacteria,o__Syntrophobacterales,f__Syntrophaceae,g__Syntrophus,s__uncultured_Syntrophus_sp._g__Syntrophus,OTU3286,5,6.91934e-6,29.411764705882%
d__Bacteria,k__norank_d__Bacteria,p__Omnitrophicaeota,c__norank_p__Omnitrophicaeota,o__norank_p__Omnitrophicaeota,f__norank_p__Omnitrophicaeota,g__norank_p__Omnitrophicaeota,s__unclassified_g__norank_p__Omnitrophicaeota,OTU3280,7,9.68708e-6,35.294117647059%
d__Bacteria,k__norank_d__Bacteria,p__Acidobacteria,c__Thermoanaerobaculia,o__Thermoanaerobaculales,f__Thermoanaerobaculaceae,g__Subgroup_10,s__uncultured_prokaryote_g__Subgroup_10,OTU3135,58,8.0E-5,47.058823529412%
d__Bacteria,k__norank_d__Bacteria,p__Armatimonadetes,c__Fimbriimonadia,o__Fimbriimonadales,f__Fimbriimonadaceae,g__norank_f__Fimbriimonadaceae,s__unclassified_g__norank_f__Fimbriimonadaceae,OTU2944,5,6.91934e-6,23.529411764706%
d__Bacteria,k__norank_d__Bacteria,p__Chlamydiae,c__Chlamydiae,o__Chlamydiales,f__Parachlamydiaceae,g__unclassified_f__Parachlamydiaceae,s__unclassified_f__Parachlamydiaceae,OTU3142,51,7.0E-5,70.588235294118%
d__Bacteria,k__norank_d__Bacteria,p__Proteobacteria,c__Deltaproteobacteria,o__SAR324_cladeMarine_group_B,f__norank_o__SAR324_cladeMarine_group_B,g__norank_o__SAR324_cladeMarine_group_B,s__unclassified_g__norank_o__SAR324_cladeMarine_group_B,OTU2965,637,0.00088,47.058823529412%
d__Bacteria,k__norank_d__Bacteria,p__Proteobacteria,c__Gammaproteobacteria,o__Gammaproteobacteria_Incertae_Sedis,f__unclassified_o__Gammaproteobacteria_Incertae_Sedis,g__Acidibacter,s__uncultured_gamma_proteobacterium_g__Acidibacter,OTU3148,217,0.0003,58.823529411765%
d__Bacteria,k__norank_d__Bacteria,p__Bacteroidetes,c__Bacteroidia,o__unclassified_c__Bacteroidia,f__unclassified_c__Bacteroidia,g__unclassified_c__Bacteroidia,s__unclassified_c__Bacteroidia,OTU2978,310,0.00043,47.058823529412%
d__Bacteria,k__norank_d__Bacteria,p__Proteobacteria,c__Gammaproteobacteria,o__Betaproteobacteriales,f__SC-I-84,g__norank_f__SC-I-84,s__unclassified_g__norank_f__SC-I-84,OTU3150,525,0.00073,64.705882352941%
d__Bacteria,k__norank_d__Bacteria,p__Patescibacteria,c__Saccharimonadia,o__Saccharimonadales,f__norank_o__Saccharimonadales,g__norank_o__Saccharimonadales,s__unclassified_g__norank_o__Saccharimonadales,OTU2990,24,3.0E-5,41.176470588235%
d__Bacteria,k__norank_d__Bacteria,p__Proteobacteria,c__Deltaproteobacteria,o__Myxococcales,f__P3OB-42,g__norank_f__P3OB-42,s__uncultured_bacterium_g__norank_f__P3OB-42,OTU3171,24,3.0E-5,47.058823529412%
d__Bacteria,k__norank_d__Bacteria,p__Proteobacteria,c__Gammaproteobacteria,o__Xanthomonadales,f__Xanthomonadaceae,g__Pseudoxanthomonas,s__Pseudoxanthomonas_mexicana,OTU3224,31,4.0E-5,52.941176470588%
d__Bacteria,k__norank_d__Bacteria,p__Proteobacteria,c__Deltaproteobacteria,o__Bdellovibrionales,f__Bdellovibrionaceae,g__Bdellovibrio,s__unclassified_g__Bdellovibrio,OTU3005,32,4.0E-5,58.823529411765%
d__Bacteria,k__norank_d__Bacteria,p__Chlamydiae,c__Chlamydiae,o__Chlamydiales,f__Parachlamydiaceae,g__unclassified_f__Parachlamydiaceae,s__unclassified_f__Parachlamydiaceae,OTU3237,13,2.0E-5,35.294117647059%
d__Bacteria,k__norank_d__Bacteria,p__Planctomycetes,c__Planctomycetacia,o__Gemmatales,f__Gemmataceae,g__norank_f__Gemmataceae,s__uncultured_bacterium_g__norank_f__Gemmataceae,OTU3062,37,5.0E-5,47.058823529412%
d__Bacteria,k__norank_d__Bacteria,p__Chloroflexi,c__Anaerolineae,o__Anaerolineales,f__Anaerolineaceae,g__norank_f__Anaerolineaceae,s__uncultured_Chloroflexi_bacterium_g__norank_f__Anaerolineaceae,OTU3254,6,8.30321e-6,29.411764705882%
d__Bacteria,k__norank_d__Bacteria,p__Zixibacteria,c__norank_p__Zixibacteria,o__norank_p__Zixibacteria,f__norank_p__Zixibacteria,g__norank_p__Zixibacteria,s__unclassified_g__norank_p__Zixibacteria,OTU3080,29,4.0E-5,41.176470588235%
d__Bacteria,k__norank_d__Bacteria,p__Firmicutes,c__Clostridia,o__Clostridiales,f__Ruminococcaceae,g__Ruminococcaceae_UCG-014,s__unclassified_g__Ruminococcaceae_UCG-014,OTU3259,23,3.0E-5,41.176470588235%
d__Bacteria,k__norank_d__Bacteria,p__Chloroflexi,c__Chloroflexia,o__Thermomicrobiales,f__JG30-KF-CM45,g__norank_f__JG30-KF-CM45,s__unclassified_g__norank_f__JG30-KF-CM45,OTU3272,211,0.00029,70.588235294118%
d__Bacteria,k__norank_d__Bacteria,p__Actinobacteria,c__Actinobacteria,o__Solirubrobacterales,f__67-14,g__norank_f__67-14,s__unclassified_g__norank_f__67-14,OTU3087,124,0.00017,70.588235294118%
d__Bacteria,k__norank_d__Bacteria,p__Proteobacteria,c__Deltaproteobacteria,o__Bdellovibrionales,f__Bdellovibrionaceae,g__Bdellovibrio,s__unclassified_g__Bdellovibrio,OTU3088,10,1.0E-5,29.411764705882%
d__Bacteria,k__norank_d__Bacteria,p__Proteobacteria,c__Deltaproteobacteria,o__Myxococcales,f__P3OB-42,g__norank_f__P3OB-42,s__unclassified_g__norank_f__P3OB-42,OTU3118,43,6.0E-5,47.058823529412%
d__Bacteria,k__norank_d__Bacteria,p__Proteobacteria,c__Gammaproteobacteria,o__Methylococcales,f__Methylococcaceae,g__Methyloparacoccus,s__uncultured_bacterium_g__Methyloparacoccus,OTU3147,40,6.0E-5,47.058823529412%
d__Bacteria,k__norank_d__Bacteria,p__Proteobacteria,c__Gammaproteobacteria,o__Betaproteobacteriales,f__B1-7BS,g__norank_f__B1-7BS,s__uncultured_bacterium_g__norank_f__B1-7BS,OTU3154,198,0.00027,47.058823529412%
d__Bacteria,k__norank_d__Bacteria,p__Proteobacteria,c__Gammaproteobacteria,o__Xanthomonadales,f__Xanthomonadaceae,g__Luteimonas,s__unclassified_g__Luteimonas,OTU3166,13,2.0E-5,11.764705882353%
d__Bacteria,k__norank_d__Bacteria,p__Chloroflexi,c__Anaerolineae,o__RBG-13-54-9,f__norank_o__RBG-13-54-9,g__norank_o__RBG-13-54-9,s__uncultured_sludge_bacterium_A31,OTU3204,18,2.0E-5,35.294117647059%
d__Bacteria,k__norank_d__Bacteria,p__Firmicutes,c__Bacilli,o__Lactobacillales,f__Carnobacteriaceae,g__Trichococcus,s__metagenome_g__Trichococcus,OTU3206,28,4.0E-5,47.058823529412%
d__Bacteria,k__norank_d__Bacteria,p__Calditrichaeota,c__Calditrichia,o__Calditrichales,f__Calditrichaceae,g__norank_f__Calditrichaceae,s__uncultured_Sulfuricurvum_sp._g__norank,OTU3228,3,4.15161e-6,17.647058823529%
d__Bacteria,k__norank_d__Bacteria,p__Planctomycetes,c__Planctomycetacia,o__Gemmatales,f__Gemmataceae,g__norank_f__Gemmataceae,s__uncultured_bacterium_g__norank_f__Gemmataceae,OTU3233,2,2.76774e-6,11.764705882353%
d__Bacteria,k__norank_d__Bacteria,p__Patescibacteria,c__Saccharimonadia,o__Saccharimonadales,f__norank_o__Saccharimonadales,g__norank_o__Saccharimonadales,s__unclassified_g__norank_o__Saccharimonadales,OTU3273,3,4.15161e-6,17.647058823529%
d__Bacteria,k__norank_d__Bacteria,p__Cyanobacteria,c__Oxyphotobacteria,o__Chloroplast,f__norank_o__Chloroplast,g__norank_o__Chloroplast,s__Chlorella_sorokiniana_g__norank,OTU3283,65,9.0E-5,58.823529411765%
d__Bacteria,k__norank_d__Bacteria,p__Firmicutes,c__Clostridia,o__Clostridiales,f__Ruminococcaceae,g__Ruminococcaceae_UCG-013,s__metagenome_g__Ruminococcaceae_UCG-013,OTU3291,12,2.0E-5,29.411764705882%
d__Bacteria,k__norank_d__Bacteria,p__Proteobacteria,c__Gammaproteobacteria,o__Betaproteobacteriales,f__Burkholderiaceae,g__Comamonas,s__Comamonas_terrigena,OTU3303,505,0.0007,64.705882352941%
d__Bacteria,k__norank_d__Bacteria,p__Proteobacteria,c__Gammaproteobacteria,o__Betaproteobacteriales,f__Rhodocyclaceae,g__Propionivibrio,s__unclassified_g__Propionivibrio,OTU3304,4,5.53547e-6,23.529411764706%
d__Bacteria,k__norank_d__Bacteria,p__Proteobacteria,c__Deltaproteobacteria,o__unclassified_c__Deltaproteobacteria,f__unclassified_c__Deltaproteobacteria,g__unclassified_c__Deltaproteobacteria,s__unclassified_c__Deltaproteobacteria,OTU3306,2,2.76774e-6,5.8823529411765%
d__Bacteria,k__norank_d__Bacteria,p__Dependentiae,c__Babeliae,o__Babeliales,f__UBA12409,g__norank_f__UBA12409,s__uncultured_bacterium_g__norank_f__UBA12409,OTU3299,8,1.0E-5,35.294117647059%
d__Bacteria,k__norank_d__Bacteria,p__Acidobacteria,c__Holophagae,o__Subgroup_7,f__norank_o__Subgroup_7,g__norank_o__Subgroup_7,s__uncultured_Thermaerobacter_sp.,OTU3332,2,2.76774e-6,11.764705882353%
d__Bacteria,k__norank_d__Bacteria,p__Proteobacteria,c__Deltaproteobacteria,o__Desulfuromonadales,f__Geobacteraceae,g__Geobacter,s__unclassified_g__Geobacter,OTU3290,2,2.76774e-6,11.764705882353%
d__Bacteria,k__norank_d__Bacteria,p__Patescibacteria,c__Saccharimonadia,o__Saccharimonadales,f__norank_o__Saccharimonadales,g__norank_o__Saccharimonadales,s__unclassified_g__norank_o__Saccharimonadales,OTU3313,24,3.0E-5,35.294117647059%
d__Bacteria,k__norank_d__Bacteria,p__Proteobacteria,c__Gammaproteobacteria,o__Betaproteobacteriales,f__Hydrogenophilaceae,g__Thiobacillus,s__unclassified_g__Thiobacillus,OTU3329,490,0.00068,47.058823529412%
d__Bacteria,k__norank_d__Bacteria,p__Proteobacteria,c__Alphaproteobacteria,o__Acetobacterales,f__Acetobacteraceae,g__Roseomonas,s__unclassified_g__Roseomonas,OTU3295,202,0.00028,76.470588235294%
d__Bacteria,k__norank_d__Bacteria,p__Patescibacteria,c__Saccharimonadia,o__Saccharimonadales,f__norank_o__Saccharimonadales,g__norank_o__Saccharimonadales,s__uncultured_bacterium_g__norank_o__Saccharimonadales,OTU3320,3,4.15161e-6,17.647058823529%
d__Bacteria,k__norank_d__Bacteria,p__Chloroflexi,c__Anaerolineae,o__Anaerolineales,f__Anaerolineaceae,g__Leptolinea,s__uncultured_bacterium_g__Leptolinea,OTU3312,4,5.53547e-6,17.647058823529%
d__Bacteria,k__norank_d__Bacteria,p__Proteobacteria,c__Deltaproteobacteria,o__Oligoflexales,f__0319-6G20,g__norank_f__0319-6G20,s__unclassified_g__norank_f__0319-6G20,OTU3292,2,2.76774e-6,5.8823529411765%
d__Bacteria,k__norank_d__Bacteria,p__Firmicutes,c__Clostridia,o__Clostridiales,f__Ruminococcaceae,g__Saccharofermentans,s__unclassified_g__Saccharofermentans,OTU3294,11,2.0E-5,35.294117647059%
d__Bacteria,k__norank_d__Bacteria,p__Proteobacteria,c__Gammaproteobacteria,o__Betaproteobacteriales,f__A21b,g__norank_f__A21b,s__metagenome_g__norank_f__A21b,OTU3302,27,4.0E-5,41.176470588235%
d__Bacteria,k__norank_d__Bacteria,p__Proteobacteria,c__Deltaproteobacteria,o__unclassified_c__Deltaproteobacteria,f__unclassified_c__Deltaproteobacteria,g__unclassified_c__Deltaproteobacteria,s__unclassified_c__Deltaproteobacteria,OTU3297,12,2.0E-5,35.294117647059%
d__Bacteria,k__norank_d__Bacteria,p__Proteobacteria,c__Deltaproteobacteria,o__Desulfuromonadales,f__Geobacteraceae,g__Geobacter,s__unclassified_g__Geobacter,OTU3298,9,1.0E-5,41.176470588235%
d__Bacteria,k__norank_d__Bacteria,p__Chloroflexi,c__Chloroflexia,o__Thermomicrobiales,f__JG30-KF-CM45,g__norank_f__JG30-KF-CM45,s__unclassified_g__norank_f__JG30-KF-CM45,OTU3307,1098,0.00152,88.235294117647%
d__Bacteria,k__norank_d__Bacteria,p__Proteobacteria,c__Deltaproteobacteria,o__Desulfuromonadales,f__Geobacteraceae,g__Geobacter,s__unclassified_g__Geobacter,OTU3308,10,1.0E-5,47.058823529412%
d__Bacteria,k__norank_d__Bacteria,p__Proteobacteria,c__Gammaproteobacteria,o__Betaproteobacteriales,f__B1-7BS,g__norank_f__B1-7BS,s__uncultured_bacterium_g__norank_f__B1-7BS,OTU3317,9,1.0E-5,35.294117647059%
d__Bacteria,k__norank_d__Bacteria,p__Proteobacteria,c__unclassified_p__Proteobacteria,o__unclassified_p__Proteobacteria,f__unclassified_p__Proteobacteria,g__unclassified_p__Proteobacteria,s__unclassified_p__Proteobacteria,OTU3301,4,5.53547e-6,17.647058823529%
d__Bacteria,k__norank_d__Bacteria,p__Omnitrophicaeota,c__norank_p__Omnitrophicaeota,o__norank_p__Omnitrophicaeota,f__norank_p__Omnitrophicaeota,g__norank_p__Omnitrophicaeota,s__uncultured_beta_proteobacterium_g__norank_p__Omnitrophicaeota,OTU3333,4,5.53547e-6,17.647058823529%
d__Bacteria,k__norank_d__Bacteria,p__Patescibacteria,c__Gracilibacteria,o__norank_c__Gracilibacteria,f__norank_c__Gracilibacteria,g__norank_c__Gracilibacteria,s__Candidatus_Peregrinibacteria_bacterium_GW2011_GWA2_47_7,OTU3344,3,4.15161e-6,17.647058823529%
d__Bacteria,k__norank_d__Bacteria,p__Patescibacteria,c__Saccharimonadia,o__Saccharimonadales,f__norank_o__Saccharimonadales,g__norank_o__Saccharimonadales,s__unclassified_g__norank_o__Saccharimonadales,OTU3326,5,6.91934e-6,17.647058823529%
d__Bacteria,k__norank_d__Bacteria,p__Proteobacteria,c__Gammaproteobacteria,o__Betaproteobacteriales,f__Nitrosomonadaceae,g__mle1-7,s__uncultured_beta_proteobacterium_g__mle1-7,OTU3354,43,6.0E-5,47.058823529412%
d__Bacteria,k__norank_d__Bacteria,p__unclassified_k__norank_d__Bacteria,c__unclassified_k__norank_d__Bacteria,o__unclassified_k__norank_d__Bacteria,f__unclassified_k__norank_d__Bacteria,g__unclassified_k__norank_d__Bacteria,s__unclassified_k__norank_d__Bacteria,OTU3353,6,8.30321e-6,23.529411764706%
d__Bacteria,k__norank_d__Bacteria,p__Actinobacteria,c__Actinobacteria,o__Microtrichales,f__Ilumatobacteraceae,g__norank_f__Ilumatobacteraceae,s__unclassified_g__norank_f__Ilumatobacteraceae,OTU3327,19,3.0E-5,41.176470588235%
d__Bacteria,k__norank_d__Bacteria,p__Firmicutes,c__Negativicutes,o__Selenomonadales,f__Veillonellaceae,g__Anaeroarcus,s__Anaeroarcus_burkinensis,OTU3314,5,6.91934e-6,23.529411764706%
d__Bacteria,k__norank_d__Bacteria,p__Kiritimatiellaeota,c__Kiritimatiellae,o__WCHB1-41,f__norank_o__WCHB1-41,g__norank_o__WCHB1-41,s__unclassified_g__norank_o__WCHB1-41,OTU3335,5,6.91934e-6,29.411764705882%
d__Bacteria,k__norank_d__Bacteria,p__Proteobacteria,c__Deltaproteobacteria,o__Syntrophobacterales,f__Syntrophobacteraceae,g__Syntrophobacter,s__unclassified_g__Syntrophobacter,OTU3349,6,8.30321e-6,17.647058823529%
d__Bacteria,k__norank_d__Bacteria,p__Proteobacteria,c__Gammaproteobacteria,o__Methylococcales,f__Methylococcaceae,g__Methyloparacoccus,s__uncultured_bacterium_g__Methyloparacoccus,OTU3296,53,7.0E-5,47.058823529412%
d__Bacteria,k__norank_d__Bacteria,p__Patescibacteria,c__Parcubacteria,o__norank_c__Parcubacteria,f__norank_c__Parcubacteria,g__norank_c__Parcubacteria,s__uncultured_bacterium_g__norank_c__Parcubacteria,OTU3324,34,5.0E-5,41.176470588235%
d__Bacteria,k__norank_d__Bacteria,p__Proteobacteria,c__Gammaproteobacteria,o__PLTA13,f__norank_o__PLTA13,g__norank_o__PLTA13,s__uncultured_sludge_bacterium_g__norank_o__PLTA13,OTU3305,471,0.00065,52.941176470588%
d__Bacteria,k__norank_d__Bacteria,p__Proteobacteria,c__Gammaproteobacteria,o__Betaproteobacteriales,f__Rhodocyclaceae,g__norank_f__Rhodocyclaceae,s__uncultured_bacterium_g__norank_f__Rhodocyclaceae,OTU3328,6,8.30321e-6,23.529411764706%
d__Bacteria,k__norank_d__Bacteria,p__Actinobacteria,c__Actinobacteria,o__Propionibacteriales,f__Propionibacteriaceae,g__Tessaracoccus,s__unclassified_g__Tessaracoccus,OTU3300,19,3.0E-5,41.176470588235%
d__Bacteria,k__norank_d__Bacteria,p__Proteobacteria,c__Deltaproteobacteria,o__Myxococcales,f__bacteriap25,g__norank_f__bacteriap25,s__unclassified_g__norank_f__bacteriap25,OTU3374,5,6.91934e-6,17.647058823529%
d__Bacteria,k__norank_d__Bacteria,p__Acidobacteria,c__Holophagae,o__Holophagales,f__Holophagaceae,g__norank_f__Holophagaceae,s__unclassified_g__norank_f__Holophagaceae,OTU3442,68,9.0E-5,5.8823529411765%
d__Bacteria,k__norank_d__Bacteria,p__Chloroflexi,c__unclassified_p__Chloroflexi,o__unclassified_p__Chloroflexi,f__unclassified_p__Chloroflexi,g__unclassified_p__Chloroflexi,s__unclassified_p__Chloroflexi,OTU3357,149,0.00021,64.705882352941%
d__Bacteria,k__norank_d__Bacteria,p__Firmicutes,c__Bacilli,o__Lactobacillales,f__Lactobacillaceae,g__Lactobacillus,s__Lactobacillus_reuteri,OTU3367,7,9.68708e-6,29.411764705882%
d__Bacteria,k__norank_d__Bacteria,p__Acidobacteria,c__Holophagae,o__Subgroup_7,f__norank_o__Subgroup_7,g__norank_o__Subgroup_7,s__unclassified_g__norank_o__Subgroup_7,OTU3331,4554,0.0063,82.352941176471%
d__Bacteria,k__norank_d__Bacteria,p__Proteobacteria,c__Gammaproteobacteria,o__Gammaproteobacteria_Incertae_Sedis,f__unclassified_o__Gammaproteobacteria_Incertae_Sedis,g__Candidatus_Berkiella,s__unclassified_g__Candidatus_Berkiella,OTU3293,2,2.76774e-6,5.8823529411765%
d__Bacteria,k__norank_d__Bacteria,p__Chloroflexi,c__Anaerolineae,o__Anaerolineales,f__Anaerolineaceae,g__Anaerolinea,s__uncultured_bacterium_g__Anaerolinea,OTU3316,39,5.0E-5,52.941176470588%
d__Bacteria,k__norank_d__Bacteria,p__Chloroflexi,c__Anaerolineae,o__Anaerolineales,f__Anaerolineaceae,g__norank_f__Anaerolineaceae,s__unclassified_g__norank_f__Anaerolineaceae,OTU3369,4,5.53547e-6,17.647058823529%
d__Bacteria,k__norank_d__Bacteria,p__Firmicutes,c__Clostridia,o__Clostridiales,f__Family_XIII,g__Eubacterium]_brachy_group,s__uncultured_bacterium_g__Eubacterium]_brachy_group,OTU3359,104,0.00014,52.941176470588%
d__Bacteria,k__norank_d__Bacteria,p__Proteobacteria,c__Alphaproteobacteria,o__Rhizobiales,f__Hyphomicrobiaceae,g__Hyphomicrobium,s__unclassified_g__Hyphomicrobium,OTU3330,6120,0.00847,100%
d__Bacteria,k__norank_d__Bacteria,p__Patescibacteria,c__Saccharimonadia,o__Saccharimonadales,f__norank_o__Saccharimonadales,g__norank_o__Saccharimonadales,s__unclassified_g__norank_o__Saccharimonadales,OTU3342,40,6.0E-5,47.058823529412%
d__Bacteria,k__norank_d__Bacteria,p__Proteobacteria,c__Gammaproteobacteria,o__Betaproteobacteriales,f__unclassified_o__Betaproteobacteriales,g__unclassified_o__Betaproteobacteriales,s__unclassified_o__Betaproteobacteriales,OTU3319,88,0.00012,47.058823529412%
d__Bacteria,k__norank_d__Bacteria,p__Patescibacteria,c__Saccharimonadia,o__Saccharimonadales,f__Saccharimonadaceae,g__norank_f__Saccharimonadaceae,s__uncultured_bacterium_g__norank_f__Saccharimonadaceae,OTU3351,21,3.0E-5,47.058823529412%
d__Bacteria,k__norank_d__Bacteria,p__Proteobacteria,c__Gammaproteobacteria,o__Steroidobacterales,f__Steroidobacteraceae,g__norank_f__Steroidobacteraceae,s__uncultured_soil_bacterium_g__norank_f__Steroidobacteraceae,OTU3310,458,0.00063,70.588235294118%
d__Bacteria,k__norank_d__Bacteria,p__Proteobacteria,c__Deltaproteobacteria,o__SAR324_cladeMarine_group_B,f__norank_o__SAR324_cladeMarine_group_B,g__norank_o__SAR324_cladeMarine_group_B,s__uncultured_bacterium_g__norank_o__SAR324_cladeMarine_group_B,OTU3378,71,0.0001,47.058823529412%
d__Bacteria,k__norank_d__Bacteria,p__Planctomycetes,c__unclassified_p__Planctomycetes,o__unclassified_p__Planctomycetes,f__unclassified_p__Planctomycetes,g__unclassified_p__Planctomycetes,s__unclassified_p__Planctomycetes,OTU3336,4,5.53547e-6,23.529411764706%
d__Bacteria,k__norank_d__Bacteria,p__Proteobacteria,c__Gammaproteobacteria,o__Oceanospirillales,f__Halomonadaceae,g__Halomonas,s__unclassified_g__Halomonas,OTU3309,12,2.0E-5,41.176470588235%
d__Bacteria,k__norank_d__Bacteria,p__Acidobacteria,c__Thermoanaerobaculia,o__Thermoanaerobaculales,f__Thermoanaerobaculaceae,g__Subgroup_10,s__unclassified_g__Subgroup_10,OTU3443,503,0.0007,52.941176470588%
d__Bacteria,k__norank_d__Bacteria,p__Chloroflexi,c__Anaerolineae,o__SBR1031,f__norank_o__SBR1031,g__norank_o__SBR1031,s__uncultured_soil_bacterium_g__norank_o__SBR1031,OTU3361,60,8.0E-5,52.941176470588%
d__Bacteria,k__norank_d__Bacteria,p__Proteobacteria,c__Deltaproteobacteria,o__SAR324_cladeMarine_group_B,f__norank_o__SAR324_cladeMarine_group_B,g__norank_o__SAR324_cladeMarine_group_B,s__unclassified_g__norank_o__SAR324_cladeMarine_group_B,OTU3325,9,1.0E-5,29.411764705882%
d__Bacteria,k__norank_d__Bacteria,p__Actinobacteria,c__Actinobacteria,o__Propionibacteriales,f__Propionibacteriaceae,g__Brooklawnia,s__metagenome_g__Brooklawnia,OTU3311,114,0.00016,52.941176470588%
d__Bacteria,k__norank_d__Bacteria,p__WPS-2,c__norank_p__WPS-2,o__norank_p__WPS-2,f__norank_p__WPS-2,g__norank_p__WPS-2,s__metagenome_g__norank_p__WPS-2,OTU3345,66,9.0E-5,64.705882352941%
d__Bacteria,k__norank_d__Bacteria,p__Firmicutes,c__Clostridia,o__Clostridiales,f__Ruminococcaceae,g__Saccharofermentans,s__unclassified_g__Saccharofermentans,OTU3339,12,2.0E-5,41.176470588235%
d__Bacteria,k__norank_d__Bacteria,p__Patescibacteria,c__Microgenomatia,o__Candidatus_Woesebacteria,f__norank_o__Candidatus_Woesebacteria,g__norank_o__Candidatus_Woesebacteria,s__uncultured_bacterium_g__norank_o__Candidatus_Woesebacteria,OTU3373,28,4.0E-5,47.058823529412%
d__Bacteria,k__norank_d__Bacteria,p__Elusimicrobia,c__Elusimicrobia,o__norank_c__Elusimicrobia,f__norank_c__Elusimicrobia,g__norank_c__Elusimicrobia,s__unclassified_g__norank_c__Elusimicrobia,OTU3323,5,6.91934e-6,29.411764705882%
d__Bacteria,k__norank_d__Bacteria,p__Chloroflexi,c__Anaerolineae,o__Anaerolineales,f__Anaerolineaceae,g__norank_f__Anaerolineaceae,s__unclassified_g__norank_f__Anaerolineaceae,OTU3391,13,2.0E-5,41.176470588235%
d__Bacteria,k__norank_d__Bacteria,p__Actinobacteria,c__Actinobacteria,o__Microtrichales,f__unclassified_o__Microtrichales,g__unclassified_o__Microtrichales,s__unclassified_o__Microtrichales,OTU3352,179,0.00025,47.058823529412%
d__Bacteria,k__norank_d__Bacteria,p__Dependentiae,c__Babeliae,o__Babeliales,f__Vermiphilaceae,g__norank_f__Vermiphilaceae,s__uncultured_bacterium_g__norank_f__Vermiphilaceae,OTU3360,14,2.0E-5,41.176470588235%
d__Bacteria,k__norank_d__Bacteria,p__Chloroflexi,c__Anaerolineae,o__SBR1031,f__A4b,g__norank_f__A4b,s__uncultured_bacterium_g__norank_f__A4b,OTU3407,364,0.0005,47.058823529412%
d__Bacteria,k__norank_d__Bacteria,p__Proteobacteria,c__Gammaproteobacteria,o__Betaproteobacteriales,f__Chitinimonadaceae,g__Chitinivorax,s__uncultured_bacterium_g__Chitinivorax,OTU3334,10,1.0E-5,41.176470588235%
d__Bacteria,k__norank_d__Bacteria,p__Patescibacteria,c__Saccharimonadia,o__Saccharimonadales,f__Saccharimonadaceae,g__norank_f__Saccharimonadaceae,s__uncultured_bacterium_g__norank_f__Saccharimonadaceae,OTU3341,76,0.00011,47.058823529412%
d__Bacteria,k__norank_d__Bacteria,p__Proteobacteria,c__Alphaproteobacteria,o__unclassified_c__Alphaproteobacteria,f__unclassified_c__Alphaproteobacteria,g__unclassified_c__Alphaproteobacteria,s__unclassified_c__Alphaproteobacteria,OTU3456,5,6.91934e-6,17.647058823529%
d__Bacteria,k__norank_d__Bacteria,p__Chloroflexi,c__Anaerolineae,o__SBR1031,f__norank_o__SBR1031,g__norank_o__SBR1031,s__uncultured_Gemmatimonadetes_bacterium_g__norank_o__SBR1031,OTU3385,107,0.00015,47.058823529412%
d__Bacteria,k__norank_d__Bacteria,p__Patescibacteria,c__ABY1,o__Candidatus_Falkowbacteria,f__norank_o__Candidatus_Falkowbacteria,g__norank_o__Candidatus_Falkowbacteria,s__uncultured_Parcubacteria_group_bacterium_g__norank,OTU3338,4,5.53547e-6,17.647058823529%
d__Bacteria,k__norank_d__Bacteria,p__Proteobacteria,c__Gammaproteobacteria,o__Legionellales,f__Legionellaceae,g__Legionella,s__unclassified_g__Legionella,OTU3371,4,5.53547e-6,23.529411764706%
d__Bacteria,k__norank_d__Bacteria,p__Proteobacteria,c__Gammaproteobacteria,o__Diplorickettsiales,f__Diplorickettsiaceae,g__Aquicella,s__unclassified_g__Aquicella,OTU3364,2,2.76774e-6,5.8823529411765%
d__Bacteria,k__norank_d__Bacteria,p__Proteobacteria,c__Gammaproteobacteria,o__Betaproteobacteriales,f__Burkholderiaceae,g__Thiomonas,s__Thiomonas_arsenitoxydans,OTU3390,15,2.0E-5,35.294117647059%
d__Bacteria,k__norank_d__Bacteria,p__Proteobacteria,c__Gammaproteobacteria,o__Betaproteobacteriales,f__Rhodocyclaceae,g__Sterolibacterium,s__metagenome_g__Sterolibacterium,OTU3393,35,5.0E-5,52.941176470588%
d__Bacteria,k__norank_d__Bacteria,p__Chlamydiae,c__Chlamydiae,o__Chlamydiales,f__cvE6,g__norank_f__cvE6,s__unclassified_g__norank_f__cvE6,OTU3388,31,4.0E-5,64.705882352941%
d__Bacteria,k__norank_d__Bacteria,p__Proteobacteria,c__Gammaproteobacteria,o__PLTA13,f__norank_o__PLTA13,g__norank_o__PLTA13,s__uncultured_bacterium_g__norank_o__PLTA13,OTU3415,15,2.0E-5,41.176470588235%
d__Bacteria,k__norank_d__Bacteria,p__Proteobacteria,c__Gammaproteobacteria,o__Betaproteobacteriales,f__Rhodocyclaceae,g__unclassified_f__Rhodocyclaceae,s__unclassified_f__Rhodocyclaceae,OTU3340,66,9.0E-5,64.705882352941%
d__Bacteria,k__norank_d__Bacteria,p__Actinobacteria,c__Actinobacteria,o__norank_c__Actinobacteria,f__norank_c__Actinobacteria,g__norank_c__Actinobacteria,s__unclassified_g__norank_c__Actinobacteria,OTU3343,50,7.0E-5,58.823529411765%
d__Bacteria,k__norank_d__Bacteria,p__Firmicutes,c__Clostridia,o__Clostridiales,f__Christensenellaceae,g__Christensenellaceae_R-7_group,s__unclassified_g__Christensenellaceae_R-7_group,OTU3405,2,2.76774e-6,11.764705882353%
d__Bacteria,k__norank_d__Bacteria,p__unclassified_k__norank_d__Bacteria,c__unclassified_k__norank_d__Bacteria,o__unclassified_k__norank_d__Bacteria,f__unclassified_k__norank_d__Bacteria,g__unclassified_k__norank_d__Bacteria,s__unclassified_k__norank_d__Bacteria,OTU3398,26,4.0E-5,47.058823529412%
d__Bacteria,k__norank_d__Bacteria,p__Acidobacteria,c__Holophagae,o__Holophagales,f__Holophagaceae,g__Geothrix,s__uncultured_bacterium_g__Geothrix,OTU3462,322,0.00045,52.941176470588%
d__Bacteria,k__norank_d__Bacteria,p__Proteobacteria,c__Deltaproteobacteria,o__Desulfuromonadales,f__Geobacteraceae,g__Geobacter,s__uncultured_delta_proteobacterium_g__Geobacter,OTU3365,2,2.76774e-6,5.8823529411765%
d__Bacteria,k__norank_d__Bacteria,p__Patescibacteria,c__Saccharimonadia,o__Saccharimonadales,f__norank_o__Saccharimonadales,g__norank_o__Saccharimonadales,s__unclassified_g__norank_o__Saccharimonadales,OTU3348,382,0.00053,52.941176470588%
d__Bacteria,k__norank_d__Bacteria,p__Proteobacteria,c__Gammaproteobacteria,o__HOC36,f__norank_o__HOC36,g__norank_o__HOC36,s__uncultured_soil_bacterium_g__norank_o__HOC36,OTU3370,4,5.53547e-6,17.647058823529%
d__Bacteria,k__norank_d__Bacteria,p__Chloroflexi,c__OLB14,o__norank_c__OLB14,f__norank_c__OLB14,g__norank_c__OLB14,s__metagenome_g__norank_c__OLB14,OTU3346,337,0.00047,58.823529411765%
d__Bacteria,k__norank_d__Bacteria,p__Elusimicrobia,c__Elusimicrobia,o__norank_c__Elusimicrobia,f__norank_c__Elusimicrobia,g__norank_c__Elusimicrobia,s__unclassified_g__norank_c__Elusimicrobia,OTU3394,4,5.53547e-6,11.764705882353%
d__Bacteria,k__norank_d__Bacteria,p__Planctomycetes,c__OM190,o__norank_c__OM190,f__norank_c__OM190,g__norank_c__OM190,s__uncultured_bacterium_g__norank_c__OM190,OTU3315,6,8.30321e-6,23.529411764706%
d__Bacteria,k__norank_d__Bacteria,p__Proteobacteria,c__Gammaproteobacteria,o__Steroidobacterales,f__Steroidobacteraceae,g__norank_f__Steroidobacteraceae,s__metagenome_g__norank_f__Steroidobacteraceae,OTU3411,19,3.0E-5,41.176470588235%
d__Bacteria,k__norank_d__Bacteria,p__Proteobacteria,c__Gammaproteobacteria,o__Competibacterales,f__Competibacteraceae,g__Candidatus_Competibacter,s__unclassified_g__Candidatus_Competibacter,OTU3403,14,2.0E-5,35.294117647059%
d__Bacteria,k__norank_d__Bacteria,p__Acidobacteria,c__Holophagae,o__Holophagales,f__Holophagaceae,g__unclassified_f__Holophagaceae,s__unclassified_f__Holophagaceae,OTU3428,5,6.91934e-6,5.8823529411765%
d__Bacteria,k__norank_d__Bacteria,p__Bacteroidetes,c__Bacteroidia,o__Bacteroidales,f__Rikenellaceae,g__Alistipes,s__Tidjanibacter_massiliensis,OTU3362,2,2.76774e-6,5.8823529411765%
d__Bacteria,k__norank_d__Bacteria,p__Proteobacteria,c__Alphaproteobacteria,o__Rickettsiales,f__SM1B06,g__norank_f__SM1B06,s__uncultured_bacterium_g__norank_f__SM1B06,OTU3420,17,2.0E-5,47.058823529412%
d__Bacteria,k__norank_d__Bacteria,p__Firmicutes,c__Clostridia,o__Clostridiales,f__Clostridiaceae_1,g__Clostridium_sensu_stricto_11,s__unclassified_g__Clostridium_sensu_stricto_11,OTU3482,33,5.0E-5,41.176470588235%
d__Bacteria,k__norank_d__Bacteria,p__Patescibacteria,c__Saccharimonadia,o__Saccharimonadales,f__norank_o__Saccharimonadales,g__norank_o__Saccharimonadales,s__unclassified_g__norank_o__Saccharimonadales,OTU3376,43,6.0E-5,58.823529411765%
d__Bacteria,k__norank_d__Bacteria,p__Bacteroidetes,c__Bacteroidia,o__Sphingobacteriales,f__env.OPS_17,g__norank_f__env.OPS_17,s__unclassified_g__norank_f__env.OPS_17,OTU3421,16,2.0E-5,23.529411764706%
d__Bacteria,k__norank_d__Bacteria,p__Acidobacteria,c__Thermoanaerobaculia,o__Thermoanaerobaculales,f__Thermoanaerobaculaceae,g__TPD-58,s__uncultured_bacterium_g__TPD-58,OTU3414,4,5.53547e-6,17.647058823529%
d__Bacteria,k__norank_d__Bacteria,p__Proteobacteria,c__Gammaproteobacteria,o__unclassified_c__Gammaproteobacteria,f__unclassified_c__Gammaproteobacteria,g__unclassified_c__Gammaproteobacteria,s__unclassified_c__Gammaproteobacteria,OTU3377,4,5.53547e-6,17.647058823529%
d__Bacteria,k__norank_d__Bacteria,p__Proteobacteria,c__Gammaproteobacteria,o__Betaproteobacteriales,f__A21b,g__norank_f__A21b,s__unclassified_g__norank_f__A21b,OTU3347,43,6.0E-5,47.058823529412%
d__Bacteria,k__norank_d__Bacteria,p__Proteobacteria,c__Gammaproteobacteria,o__Betaproteobacteriales,f__unclassified_o__Betaproteobacteriales,g__unclassified_o__Betaproteobacteriales,s__unclassified_o__Betaproteobacteriales,OTU3418,59,8.0E-5,47.058823529412%
d__Bacteria,k__norank_d__Bacteria,p__Latescibacteria,c__Latescibacteria,o__norank_c__Latescibacteria,f__norank_c__Latescibacteria,g__norank_c__Latescibacteria,s__uncultured_Pelobacter_sp._g__norank,OTU3408,97,0.00013,47.058823529412%
d__Bacteria,k__norank_d__Bacteria,p__Actinobacteria,c__Actinobacteria,o__Solirubrobacterales,f__Solirubrobacteraceae,g__Conexibacter,s__uncultured_bacterium_g__Conexibacter,OTU3375,7,9.68708e-6,29.411764705882%
d__Bacteria,k__norank_d__Bacteria,p__Bacteroidetes,c__Bacteroidia,o__Sphingobacteriales,f__AKYH767,g__norank_f__AKYH767,s__metagenome_g__norank_f__AKYH767,OTU3416,5,6.91934e-6,17.647058823529%
d__Bacteria,k__norank_d__Bacteria,p__Proteobacteria,c__Alphaproteobacteria,o__Rhodobacterales,f__Rhodobacteraceae,g__Rhodobacter,s__metagenome_g__Rhodobacter,OTU3422,952,0.00132,88.235294117647%
d__Bacteria,k__norank_d__Bacteria,p__Acidobacteria,c__Holophagae,o__Holophagales,f__Holophagaceae,g__Geothrix,s__uncultured_bacterium_g__Geothrix,OTU3437,203,0.00028,52.941176470588%
d__Bacteria,k__norank_d__Bacteria,p__Planctomycetes,c__Phycisphaerae,o__Phycisphaerales,f__Phycisphaeraceae,g__I-8,s__uncultured_Planctomycetales_bacterium_g__I-8,OTU3318,3,4.15161e-6,17.647058823529%
d__Bacteria,k__norank_d__Bacteria,p__Firmicutes,c__Clostridia,o__Clostridiales,f__Family_XIII,g__Family_XIII_AD3011_group,s__uncultured_bacterium_g__Family_XIII_AD3011_group,OTU3368,39,5.0E-5,47.058823529412%
d__Bacteria,k__norank_d__Bacteria,p__Proteobacteria,c__Gammaproteobacteria,o__Betaproteobacteriales,f__Burkholderiaceae,g__unclassified_f__Burkholderiaceae,s__unclassified_f__Burkholderiaceae,OTU3484,383,0.00053,52.941176470588%
d__Bacteria,k__norank_d__Bacteria,p__Proteobacteria,c__Gammaproteobacteria,o__Methylococcales,f__Methylococcaceae,g__Methylocaldum,s__uncultured_bacterium_g__Methylocaldum,OTU3445,14,2.0E-5,41.176470588235%
d__Bacteria,k__norank_d__Bacteria,p__Proteobacteria,c__Gammaproteobacteria,o__Gammaproteobacteria_Incertae_Sedis,f__unclassified_o__Gammaproteobacteria_Incertae_Sedis,g__Candidatus_Berkiella,s__Ectothiorhodospira_sp._enrichment_culture,OTU3350,4,5.53547e-6,23.529411764706%
d__Bacteria,k__norank_d__Bacteria,p__Actinobacteria,c__Actinobacteria,o__Microtrichales,f__Ilumatobacteraceae,g__norank_f__Ilumatobacteraceae,s__metagenome_g__norank_f__Ilumatobacteraceae,OTU3387,113,0.00016,70.588235294118%
d__Bacteria,k__norank_d__Bacteria,p__Proteobacteria,c__Gammaproteobacteria,o__Nitrosococcales,f__Nitrosococcaceae,g__CI75cm.2.12,s__uncultured_bacterium_g__CI75cm.2.12,OTU3429,77,0.00011,47.058823529412%
d__Bacteria,k__norank_d__Bacteria,p__Proteobacteria,c__Deltaproteobacteria,o__Myxococcales,f__Archangiaceae,g__Anaeromyxobacter,s__uncultured_proteobacterium_g__Anaeromyxobacter,OTU3459,5,6.91934e-6,23.529411764706%
d__Bacteria,k__norank_d__Bacteria,p__Proteobacteria,c__Gammaproteobacteria,o__Oceanospirillales,f__Halomonadaceae,g__Halomonas,s__metagenome_g__Halomonas,OTU3356,11,2.0E-5,41.176470588235%
d__Bacteria,k__norank_d__Bacteria,p__Chlamydiae,c__Chlamydiae,o__Chlamydiales,f__cvE6,g__norank_f__cvE6,s__metagenome_g__norank_f__cvE6,OTU3400,2,2.76774e-6,11.764705882353%
d__Bacteria,k__norank_d__Bacteria,p__Proteobacteria,c__Alphaproteobacteria,o__Micavibrionales,f__norank_o__Micavibrionales,g__norank_o__Micavibrionales,s__uncultured_bacterium_g__norank_o__Micavibrionales,OTU3433,6,8.30321e-6,23.529411764706%
d__Bacteria,k__norank_d__Bacteria,p__Proteobacteria,c__Gammaproteobacteria,o__Enterobacteriales,f__Enterobacteriaceae,g__Escherichia-Shigella,s__Escherichia_coli_g__Escherichia-Shigella,OTU3432,16,2.0E-5,58.823529411765%
d__Bacteria,k__norank_d__Bacteria,p__Bacteroidetes,c__Bacteroidia,o__Flavobacteriales,f__Weeksellaceae,g__Cloacibacterium,s__uncultured_bacterium_g__Cloacibacterium,OTU3441,149,0.00021,64.705882352941%
d__Bacteria,k__norank_d__Bacteria,p__Proteobacteria,c__Gammaproteobacteria,o__Betaproteobacteriales,f__SC-I-84,g__norank_f__SC-I-84,s__uncultured_soil_bacterium_g__norank_f__SC-I-84,OTU3395,268,0.00037,58.823529411765%
d__Bacteria,k__norank_d__Bacteria,p__Chlamydiae,c__Chlamydiae,o__Chlamydiales,f__unclassified_o__Chlamydiales,g__unclassified_o__Chlamydiales,s__unclassified_o__Chlamydiales,OTU3417,15,2.0E-5,35.294117647059%
d__Bacteria,k__norank_d__Bacteria,p__Acidobacteria,c__Thermoanaerobaculia,o__Thermoanaerobaculales,f__Thermoanaerobaculaceae,g__Subgroup_10,s__unclassified_g__Subgroup_10,OTU3497,3,4.15161e-6,17.647058823529%
d__Bacteria,k__norank_d__Bacteria,p__Proteobacteria,c__Deltaproteobacteria,o__Desulfovibrionales,f__Desulfovibrionaceae,g__Desulfovibrio,s__unclassified_g__Desulfovibrio,OTU3380,9,1.0E-5,29.411764705882%
d__Bacteria,k__norank_d__Bacteria,p__Actinobacteria,c__Actinobacteria,o__Solirubrobacterales,f__67-14,g__norank_f__67-14,s__unclassified_g__norank_f__67-14,OTU3440,252,0.00035,70.588235294118%
d__Bacteria,k__norank_d__Bacteria,p__Proteobacteria,c__Deltaproteobacteria,o__Myxococcales,f__Haliangiaceae,g__Haliangium,s__unclassified_g__Haliangium,OTU3492,31,4.0E-5,47.058823529412%
d__Bacteria,k__norank_d__Bacteria,p__Proteobacteria,c__Gammaproteobacteria,o__Gammaproteobacteria_Incertae_Sedis,f__unclassified_o__Gammaproteobacteria_Incertae_Sedis,g__Acidibacter,s__uncultured_bacterium_g__Acidibacter,OTU3464,116,0.00016,52.941176470588%
d__Bacteria,k__norank_d__Bacteria,p__Cyanobacteria,c__Oxyphotobacteria,o__Chloroplast,f__norank_o__Chloroplast,g__norank_o__Chloroplast,s__unclassified_g__norank_o__Chloroplast,OTU3321,11,2.0E-5,41.176470588235%
d__Bacteria,k__norank_d__Bacteria,p__Actinobacteria,c__Actinobacteria,o__Solirubrobacterales,f__Solirubrobacteraceae,g__Conexibacter,s__unclassified_g__Conexibacter,OTU3466,39,5.0E-5,47.058823529412%
d__Bacteria,k__norank_d__Bacteria,p__Patescibacteria,c__Saccharimonadia,o__Saccharimonadales,f__norank_o__Saccharimonadales,g__norank_o__Saccharimonadales,s__uncultured_bacterium_g__norank_o__Saccharimonadales,OTU3355,119,0.00016,47.058823529412%
d__Bacteria,k__norank_d__Bacteria,p__Patescibacteria,c__Saccharimonadia,o__Saccharimonadales,f__norank_o__Saccharimonadales,g__norank_o__Saccharimonadales,s__unclassified_g__norank_o__Saccharimonadales,OTU3382,276,0.00038,70.588235294118%
d__Bacteria,k__norank_d__Bacteria,p__Proteobacteria,c__Gammaproteobacteria,o__Legionellales,f__Legionellaceae,g__norank_f__Legionellaceae,s__Legionella_sp._LHG-1BW4,OTU3452,19,3.0E-5,41.176470588235%
d__Bacteria,k__norank_d__Bacteria,p__Proteobacteria,c__Deltaproteobacteria,o__Desulfuromonadales,f__Geobacteraceae,g__Geobacter,s__unclassified_g__Geobacter,OTU3435,11,2.0E-5,41.176470588235%
d__Bacteria,k__norank_d__Bacteria,p__Proteobacteria,c__Gammaproteobacteria,o__unclassified_c__Gammaproteobacteria,f__unclassified_c__Gammaproteobacteria,g__unclassified_c__Gammaproteobacteria,s__unclassified_c__Gammaproteobacteria,OTU3406,10,1.0E-5,35.294117647059%
d__Bacteria,k__norank_d__Bacteria,p__Proteobacteria,c__Gammaproteobacteria,o__Betaproteobacteriales,f__Burkholderiaceae,g__unclassified_f__Burkholderiaceae,s__unclassified_f__Burkholderiaceae,OTU3468,117,0.00016,82.352941176471%
d__Bacteria,k__norank_d__Bacteria,p__Proteobacteria,c__Deltaproteobacteria,o__Myxococcales,f__Archangiaceae,g__Anaeromyxobacter,s__unclassified_g__Anaeromyxobacter,OTU3444,3,4.15161e-6,17.647058823529%
d__Bacteria,k__norank_d__Bacteria,p__Proteobacteria,c__Gammaproteobacteria,o__Methylococcales,f__Methylomonaceae,g__Methylosarcina,s__Methylosarcina_fibrata_AML-C10,OTU3396,80,0.00011,47.058823529412%
d__Bacteria,k__norank_d__Bacteria,p__Firmicutes,c__Erysipelotrichia,o__Erysipelotrichales,f__Erysipelotrichaceae,g__Erysipelothrix,s__unclassified_g__Erysipelothrix,OTU3505,2,2.76774e-6,11.764705882353%
d__Bacteria,k__norank_d__Bacteria,p__Acidobacteria,c__Holophagae,o__Holophagales,f__Holophagaceae,g__norank_f__Holophagaceae,s__metagenome_g__norank_f__Holophagaceae,OTU3461,23,3.0E-5,5.8823529411765%
d__Bacteria,k__norank_d__Bacteria,p__Chloroflexi,c__Chloroflexia,o__Thermomicrobiales,f__JG30-KF-CM45,g__norank_f__JG30-KF-CM45,s__uncultured_soil_bacterium_g__norank_f__JG30-KF-CM45,OTU3427,5,6.91934e-6,17.647058823529%
d__Bacteria,k__norank_d__Bacteria,p__Planctomycetes,c__OM190,o__norank_c__OM190,f__norank_c__OM190,g__norank_c__OM190,s__uncultured_soil_bacterium_g__norank_c__OM190,OTU3469,9,1.0E-5,29.411764705882%
d__Bacteria,k__norank_d__Bacteria,p__Acidobacteria,c__Holophagae,o__Holophagales,f__Holophagaceae,g__Geothrix,s__uncultured_bacterium_g__Geothrix,OTU3467,308,0.00043,47.058823529412%
d__Bacteria,k__norank_d__Bacteria,p__Firmicutes,c__Clostridia,o__Clostridiales,f__Ruminococcaceae,g__unclassified_f__Ruminococcaceae,s__unclassified_f__Ruminococcaceae,OTU3493,4,5.53547e-6,23.529411764706%
d__Bacteria,k__norank_d__Bacteria,p__Cyanobacteria,c__Sericytochromatia,o__norank_c__Sericytochromatia,f__norank_c__Sericytochromatia,g__norank_c__Sericytochromatia,s__uncultured_bacterium_g__norank_c__Sericytochromatia,OTU3363,3,4.15161e-6,17.647058823529%
d__Bacteria,k__norank_d__Bacteria,p__Proteobacteria,c__Deltaproteobacteria,o__Bdellovibrionales,f__Bdellovibrionaceae,g__Bdellovibrio,s__uncultured_bacterium_g__Bdellovibrio,OTU3392,4,5.53547e-6,11.764705882353%
d__Bacteria,k__norank_d__Bacteria,p__unclassified_k__norank_d__Bacteria,c__unclassified_k__norank_d__Bacteria,o__unclassified_k__norank_d__Bacteria,f__unclassified_k__norank_d__Bacteria,g__unclassified_k__norank_d__Bacteria,s__unclassified_k__norank_d__Bacteria,OTU3386,10,1.0E-5,35.294117647059%
d__Bacteria,k__norank_d__Bacteria,p__Planctomycetes,c__Planctomycetacia,o__Gemmatales,f__Gemmataceae,g__norank_f__Gemmataceae,s__uncultured_bacterium_g__norank_f__Gemmataceae,OTU3475,10,1.0E-5,35.294117647059%
d__Bacteria,k__norank_d__Bacteria,p__Chlamydiae,c__Chlamydiae,o__Chlamydiales,f__Parachlamydiaceae,g__Neochlamydia,s__uncultured_bacterium_g__Neochlamydia,OTU3322,5,6.91934e-6,23.529411764706%
d__Bacteria,k__norank_d__Bacteria,p__Planctomycetes,c__Planctomycetacia,o__Gemmatales,f__Gemmataceae,g__norank_f__Gemmataceae,s__uncultured_bacterium_g__norank_f__Gemmataceae,OTU3410,8,1.0E-5,23.529411764706%
d__Bacteria,k__norank_d__Bacteria,p__Proteobacteria,c__Gammaproteobacteria,o__Legionellales,f__Legionellaceae,g__Legionella,s__uncultured_bacterium_g__Legionella,OTU3485,14,2.0E-5,58.823529411765%
d__Bacteria,k__norank_d__Bacteria,p__Proteobacteria,c__Gammaproteobacteria,o__Diplorickettsiales,f__Diplorickettsiaceae,g__norank_f__Diplorickettsiaceae,s__unclassified_g__norank_f__Diplorickettsiaceae,OTU3431,13,2.0E-5,35.294117647059%
d__Bacteria,k__norank_d__Bacteria,p__Chlamydiae,c__Chlamydiae,o__Chlamydiales,f__cvE6,g__norank_f__cvE6,s__metagenome_g__norank_f__cvE6,OTU3446,3,4.15161e-6,17.647058823529%
d__Bacteria,k__norank_d__Bacteria,p__Patescibacteria,c__Saccharimonadia,o__Saccharimonadales,f__Saccharimonadaceae,g__norank_f__Saccharimonadaceae,s__metagenome_g__norank_f__Saccharimonadaceae,OTU3491,4,5.53547e-6,23.529411764706%
d__Bacteria,k__norank_d__Bacteria,p__Planctomycetes,c__OM190,o__norank_c__OM190,f__norank_c__OM190,g__norank_c__OM190,s__uncultured_bacterium_g__norank_c__OM190,OTU3507,42,6.0E-5,47.058823529412%
d__Bacteria,k__norank_d__Bacteria,p__Proteobacteria,c__Gammaproteobacteria,o__Coxiellales,f__Coxiellaceae,g__Coxiella,s__uncultured_Coxiellaceae_bacterium_g__Coxiella,OTU3514,3,4.15161e-6,17.647058823529%
d__Bacteria,k__norank_d__Bacteria,p__Planctomycetes,c__OM190,o__norank_c__OM190,f__norank_c__OM190,g__norank_c__OM190,s__uncultured_Planctomycetaceae_bacterium_g__norank_c__OM190,OTU3470,128,0.00018,47.058823529412%
d__Bacteria,k__norank_d__Bacteria,p__Bacteroidetes,c__Bacteroidia,o__Sphingobacteriales,f__AKYH767,g__norank_f__AKYH767,s__uncultured_bacterium_g__norank_f__AKYH767,OTU3506,44,6.0E-5,58.823529411765%
d__Bacteria,k__norank_d__Bacteria,p__Chloroflexi,c__Anaerolineae,o__Caldilineales,f__Caldilineaceae,g__norank_f__Caldilineaceae,s__unclassified_g__norank_f__Caldilineaceae,OTU3389,15,2.0E-5,23.529411764706%
d__Bacteria,k__norank_d__Bacteria,p__Chloroflexi,c__Anaerolineae,o__SBR1031,f__norank_o__SBR1031,g__norank_o__SBR1031,s__unclassified_g__norank_o__SBR1031,OTU3366,5,6.91934e-6,23.529411764706%
d__Bacteria,k__norank_d__Bacteria,p__Chloroflexi,c__Anaerolineae,o__Caldilineales,f__Caldilineaceae,g__norank_f__Caldilineaceae,s__unclassified_g__norank_f__Caldilineaceae,OTU3480,2,2.76774e-6,11.764705882353%
d__Bacteria,k__norank_d__Bacteria,p__Firmicutes,c__Clostridia,o__Clostridiales,f__Christensenellaceae,g__Christensenellaceae_R-7_group,s__uncultured_sludge_bacterium_g__Christensenellaceae_R-7_group,OTU3476,3,4.15161e-6,11.764705882353%
d__Bacteria,k__norank_d__Bacteria,p__Planctomycetes,c__Planctomycetacia,o__Gemmatales,f__Gemmataceae,g__norank_f__Gemmataceae,s__unclassified_g__norank_f__Gemmataceae,OTU3498,25,3.0E-5,47.058823529412%
d__Bacteria,k__norank_d__Bacteria,p__Proteobacteria,c__Deltaproteobacteria,o__Myxococcales,f__Phaselicystidaceae,g__Phaselicystis,s__uncultured_delta_proteobacterium_g__Phaselicystis,OTU3401,140,0.00019,52.941176470588%
d__Bacteria,k__norank_d__Bacteria,p__Proteobacteria,c__Gammaproteobacteria,o__Competibacterales,f__Competibacteraceae,g__Candidatus_Competibacter,s__uncultured_bacterium_g__Candidatus_Competibacter,OTU3412,12,2.0E-5,47.058823529412%
d__Bacteria,k__norank_d__Bacteria,p__Firmicutes,c__Bacilli,o__Lactobacillales,f__Leuconostocaceae,g__Weissella,s__Weissella_cibaria,OTU3337,12,2.0E-5,29.411764705882%
d__Bacteria,k__norank_d__Bacteria,p__Bacteroidetes,c__Bacteroidia,o__Chitinophagales,f__Saprospiraceae,g__norank_f__Saprospiraceae,s__metagenome_g__norank_f__Saprospiraceae,OTU3434,446,0.00062,58.823529411765%
d__Bacteria,k__norank_d__Bacteria,p__Proteobacteria,c__Gammaproteobacteria,o__JG36-GS-52,f__norank_o__JG36-GS-52,g__norank_o__JG36-GS-52,s__uncultured_gamma_proteobacterium_g__norank_o__JG36-GS-52,OTU3450,177,0.00024,64.705882352941%
d__Bacteria,k__norank_d__Bacteria,p__Proteobacteria,c__Gammaproteobacteria,o__Betaproteobacteriales,f__Rhodocyclaceae,g__unclassified_f__Rhodocyclaceae,s__unclassified_f__Rhodocyclaceae,OTU3454,12,2.0E-5,35.294117647059%
d__Bacteria,k__norank_d__Bacteria,p__Bacteroidetes,c__Bacteroidia,o__Bacteroidales,f__Paludibacteraceae,g__Paludibacter,s__unclassified_g__Paludibacter,OTU3495,21,3.0E-5,29.411764705882%
d__Bacteria,k__norank_d__Bacteria,p__Proteobacteria,c__Gammaproteobacteria,o__Betaproteobacteriales,f__Rhodocyclaceae,g__Sulfuritalea,s__metagenome_g__Sulfuritalea,OTU3553,14,2.0E-5,47.058823529412%
d__Bacteria,k__norank_d__Bacteria,p__Proteobacteria,c__Deltaproteobacteria,o__Myxococcales,f__Haliangiaceae,g__Haliangium,s__unclassified_g__Haliangium,OTU3519,2,2.76774e-6,11.764705882353%
d__Bacteria,k__norank_d__Bacteria,p__Gemmatimonadetes,c__Gemmatimonadetes,o__Gemmatimonadales,f__Gemmatimonadaceae,g__unclassified_f__Gemmatimonadaceae,s__unclassified_f__Gemmatimonadaceae,OTU3477,23,3.0E-5,52.941176470588%
d__Bacteria,k__norank_d__Bacteria,p__Proteobacteria,c__Gammaproteobacteria,o__JG36-TzT-191,f__norank_o__JG36-TzT-191,g__norank_o__JG36-TzT-191,s__uncultured_bacterium_g__norank_o__JG36-TzT-191,OTU3372,71,0.0001,52.941176470588%
d__Bacteria,k__norank_d__Bacteria,p__Firmicutes,c__Negativicutes,o__Selenomonadales,f__Acidaminococcaceae,g__Succinispira,s__uncultured_bacterium_g__Succinispira,OTU3565,10,1.0E-5,35.294117647059%
d__Bacteria,k__norank_d__Bacteria,p__Bacteroidetes,c__Bacteroidia,o__Chitinophagales,f__Chitinophagaceae,g__Dinghuibacter,s__uncultured_bacterium_g__Dinghuibacter,OTU3419,37,5.0E-5,23.529411764706%
d__Bacteria,k__norank_d__Bacteria,p__Proteobacteria,c__Alphaproteobacteria,o__Azospirillales,f__Azospirillales_Incertae_Sedis,g__Stella,s__metagenome_g__Stella,OTU3532,7,9.68708e-6,35.294117647059%
d__Bacteria,k__norank_d__Bacteria,p__Actinobacteria,c__Actinobacteria,o__Coriobacteriales,f__Eggerthellaceae,g__norank_f__Eggerthellaceae,s__uncultured_bacterium_g__norank_f__Eggerthellaceae,OTU3402,2,2.76774e-6,11.764705882353%
d__Bacteria,k__norank_d__Bacteria,p__Proteobacteria,c__Deltaproteobacteria,o__SAR324_cladeMarine_group_B,f__norank_o__SAR324_cladeMarine_group_B,g__norank_o__SAR324_cladeMarine_group_B,s__unclassified_g__norank_o__SAR324_cladeMarine_group_B,OTU3438,4,5.53547e-6,17.647058823529%
d__Bacteria,k__norank_d__Bacteria,p__Bacteroidetes,c__Bacteroidia,o__Sphingobacteriales,f__env.OPS_17,g__norank_f__env.OPS_17,s__uncultured_bacterium_g__norank_f__env.OPS_17,OTU3526,23,3.0E-5,47.058823529412%
d__Bacteria,k__norank_d__Bacteria,p__Actinobacteria,c__Actinobacteria,o__Frankiales,f__Sporichthyaceae,g__hgcI_clade,s__uncultured_bacterium_g__hgcI_clade,OTU3458,71,0.0001,58.823529411765%
d__Bacteria,k__norank_d__Bacteria,p__Firmicutes,c__Bacilli,o__Lactobacillales,f__Enterococcaceae,g__Enterococcus,s__Enterococcus_durans_g__Enterococcus,OTU3471,10,1.0E-5,35.294117647059%
d__Bacteria,k__norank_d__Bacteria,p__Patescibacteria,c__Parcubacteria,o__norank_c__Parcubacteria,f__norank_c__Parcubacteria,g__norank_c__Parcubacteria,s__uncultured_bacterium_g__norank_c__Parcubacteria,OTU3474,123,0.00017,52.941176470588%
d__Bacteria,k__norank_d__Bacteria,p__Firmicutes,c__Clostridia,o__Clostridiales,f__Christensenellaceae,g__Christensenellaceae_R-7_group,s__unclassified_g__Christensenellaceae_R-7_group,OTU3490,57,8.0E-5,47.058823529412%
d__Bacteria,k__norank_d__Bacteria,p__Proteobacteria,c__Deltaproteobacteria,o__Oligoflexales,f__Oligoflexaceae,g__norank_f__Oligoflexaceae,s__uncultured_bacterium_g__norank_f__Oligoflexaceae,OTU3518,4,5.53547e-6,17.647058823529%
d__Bacteria,k__norank_d__Bacteria,p__Patescibacteria,c__Saccharimonadia,o__Saccharimonadales,f__norank_o__Saccharimonadales,g__norank_o__Saccharimonadales,s__uncultured_bacterium_g__norank_o__Saccharimonadales,OTU3358,55,8.0E-5,52.941176470588%
d__Bacteria,k__norank_d__Bacteria,p__Chloroflexi,c__Anaerolineae,o__1-20,f__norank_o__1-20,g__norank_o__1-20,s__unclassified_g__norank_o__1-20,OTU3563,541,0.00075,52.941176470588%
d__Bacteria,k__norank_d__Bacteria,p__Acidobacteria,c__Holophagae,o__Subgroup_7,f__norank_o__Subgroup_7,g__norank_o__Subgroup_7,s__unclassified_g__norank_o__Subgroup_7,OTU3479,5,6.91934e-6,29.411764705882%
d__Bacteria,k__norank_d__Bacteria,p__Chloroflexi,c__Anaerolineae,o__Anaerolineales,f__Anaerolineaceae,g__Anaerolinea,s__unclassified_g__Anaerolinea,OTU3383,2,2.76774e-6,5.8823529411765%
d__Bacteria,k__norank_d__Bacteria,p__Bacteroidetes,c__Bacteroidia,o__Sphingobacteriales,f__Lentimicrobiaceae,g__norank_f__Lentimicrobiaceae,s__wastewater_metagenome_g__norank_f__Lentimicrobiaceae,OTU3608,3,4.15161e-6,17.647058823529%
d__Bacteria,k__norank_d__Bacteria,p__Proteobacteria,c__Gammaproteobacteria,o__Oceanospirillales,f__Halomonadaceae,g__Halomonas,s__uncultured_soil_bacterium_g__Halomonas,OTU3541,7,9.68708e-6,29.411764705882%
d__Bacteria,k__norank_d__Bacteria,p__Proteobacteria,c__Deltaproteobacteria,o__Bdellovibrionales,f__Bdellovibrionaceae,g__Bdellovibrio,s__uncultured_bacterium_g__Bdellovibrio,OTU3534,4,5.53547e-6,23.529411764706%
d__Bacteria,k__norank_d__Bacteria,p__Zixibacteria,c__norank_p__Zixibacteria,o__norank_p__Zixibacteria,f__norank_p__Zixibacteria,g__norank_p__Zixibacteria,s__uncultured_bacterium_g__norank_p__Zixibacteria,OTU3413,17,2.0E-5,47.058823529412%
d__Bacteria,k__norank_d__Bacteria,p__Elusimicrobia,c__Elusimicrobia,o__norank_c__Elusimicrobia,f__norank_c__Elusimicrobia,g__norank_c__Elusimicrobia,s__metagenome_g__norank_c__Elusimicrobia,OTU3430,2,2.76774e-6,11.764705882353%
d__Bacteria,k__norank_d__Bacteria,p__Chlamydiae,c__Chlamydiae,o__Chlamydiales,f__Parachlamydiaceae,g__Candidatus_Protochlamydia,s__metagenome_g__Candidatus_Protochlamydia,OTU3447,9,1.0E-5,41.176470588235%
d__Bacteria,k__norank_d__Bacteria,p__Proteobacteria,c__Gammaproteobacteria,o__Xanthomonadales,f__Rhodanobacteraceae,g__norank_f__Rhodanobacteraceae,s__uncultured_bacterium_g__norank_f__Rhodanobacteraceae,OTU3537,2,2.76774e-6,11.764705882353%
d__Bacteria,k__norank_d__Bacteria,p__Chloroflexi,c__Chloroflexia,o__Chloroflexales,f__Roseiflexaceae,g__norank_f__Roseiflexaceae,s__uncultured_bacterium_g__norank_f__Roseiflexaceae,OTU3481,255,0.00035,47.058823529412%
d__Bacteria,k__norank_d__Bacteria,p__Proteobacteria,c__Gammaproteobacteria,o__Betaproteobacteriales,f__SC-I-84,g__norank_f__SC-I-84,s__uncultured_bacterium_g__norank_f__SC-I-84,OTU3504,1619,0.00224,58.823529411765%
d__Bacteria,k__norank_d__Bacteria,p__Patescibacteria,c__unclassified_p__Patescibacteria,o__unclassified_p__Patescibacteria,f__unclassified_p__Patescibacteria,g__unclassified_p__Patescibacteria,s__unclassified_p__Patescibacteria,OTU3525,2,2.76774e-6,11.764705882353%
d__Bacteria,k__norank_d__Bacteria,p__Planctomycetes,c__Planctomycetacia,o__Gemmatales,f__Gemmataceae,g__norank_f__Gemmataceae,s__uncultured_bacterium_g__norank_f__Gemmataceae,OTU3478,3,4.15161e-6,17.647058823529%
d__Bacteria,k__norank_d__Bacteria,p__Armatimonadetes,c__norank_p__Armatimonadetes,o__norank_p__Armatimonadetes,f__norank_p__Armatimonadetes,g__norank_p__Armatimonadetes,s__uncultured_bacterium_g__norank_p__Armatimonadetes,OTU3399,3,4.15161e-6,11.764705882353%
d__Bacteria,k__norank_d__Bacteria,p__Proteobacteria,c__Gammaproteobacteria,o__Competibacterales,f__Competibacteraceae,g__Candidatus_Competibacter,s__uncultured_bacterium_g__Candidatus_Competibacter,OTU3496,9,1.0E-5,35.294117647059%
d__Bacteria,k__norank_d__Bacteria,p__Firmicutes,c__Clostridia,o__Clostridiales,f__Lachnospiraceae,g__Eubacterium]_ventriosum_group,s__unclassified_g__Eubacterium]_ventriosum_group,OTU3612,4,5.53547e-6,17.647058823529%
d__Bacteria,k__norank_d__Bacteria,p__Proteobacteria,c__Alphaproteobacteria,o__Rickettsiales,f__Rickettsiaceae,g__norank_f__Rickettsiaceae,s__uncultured_bacterium_g__norank_f__Rickettsiaceae,OTU3568,10,1.0E-5,17.647058823529%
d__Bacteria,k__norank_d__Bacteria,p__unclassified_k__norank_d__Bacteria,c__unclassified_k__norank_d__Bacteria,o__unclassified_k__norank_d__Bacteria,f__unclassified_k__norank_d__Bacteria,g__unclassified_k__norank_d__Bacteria,s__unclassified_k__norank_d__Bacteria,OTU3580,129,0.00018,47.058823529412%
d__Bacteria,k__norank_d__Bacteria,p__Proteobacteria,c__Gammaproteobacteria,o__Betaproteobacteriales,f__Hydrogenophilaceae,g__unclassified_f__Hydrogenophilaceae,s__unclassified_f__Hydrogenophilaceae,OTU3425,103,0.00014,47.058823529412%
d__Bacteria,k__norank_d__Bacteria,p__Proteobacteria,c__Gammaproteobacteria,o__JG36-TzT-191,f__norank_o__JG36-TzT-191,g__norank_o__JG36-TzT-191,s__uncultured_bacterium_g__norank_o__JG36-TzT-191,OTU3379,69,0.0001,47.058823529412%
d__Bacteria,k__norank_d__Bacteria,p__Latescibacteria,c__Latescibacteria,o__norank_c__Latescibacteria,f__norank_c__Latescibacteria,g__norank_c__Latescibacteria,s__unclassified_g__norank_c__Latescibacteria,OTU3494,107,0.00015,58.823529411765%
d__Bacteria,k__norank_d__Bacteria,p__Firmicutes,c__Clostridia,o__Clostridiales,f__Ruminococcaceae,g__Candidatus_Soleaferrea,s__uncultured_Anaerotruncus_sp._g__Candidatus_Soleaferrea,OTU3488,2,2.76774e-6,5.8823529411765%
d__Bacteria,k__norank_d__Bacteria,p__Firmicutes,c__Clostridia,o__Clostridiales,f__Lachnospiraceae,g__unclassified_f__Lachnospiraceae,s__unclassified_f__Lachnospiraceae,OTU3552,2,2.76774e-6,11.764705882353%
d__Bacteria,k__norank_d__Bacteria,p__Patescibacteria,c__Saccharimonadia,o__Saccharimonadales,f__norank_o__Saccharimonadales,g__norank_o__Saccharimonadales,s__uncultured_candidate_division_WS5_bacterium,OTU3545,446,0.00062,64.705882352941%
d__Bacteria,k__norank_d__Bacteria,p__Proteobacteria,c__Gammaproteobacteria,o__Cellvibrionales,f__Spongiibacteraceae,g__BD1-7_clade,s__uncultured_bacterium_g__BD1-7_clade,OTU3543,456,0.00063,52.941176470588%
d__Bacteria,k__norank_d__Bacteria,p__Proteobacteria,c__Gammaproteobacteria,o__Betaproteobacteriales,f__Rhodocyclaceae,g__unclassified_f__Rhodocyclaceae,s__unclassified_f__Rhodocyclaceae,OTU3460,128,0.00018,47.058823529412%
d__Bacteria,k__norank_d__Bacteria,p__Firmicutes,c__Clostridia,o__Clostridiales,f__Clostridiaceae_1,g__Proteiniclasticum,s__unclassified_g__Proteiniclasticum,OTU3530,8,1.0E-5,29.411764705882%
d__Bacteria,k__norank_d__Bacteria,p__Proteobacteria,c__Deltaproteobacteria,o__SAR324_cladeMarine_group_B,f__norank_o__SAR324_cladeMarine_group_B,g__norank_o__SAR324_cladeMarine_group_B,s__metagenome_g__norank_o__SAR324_cladeMarine_group_B,OTU3540,10,1.0E-5,35.294117647059%
d__Bacteria,k__norank_d__Bacteria,p__Actinobacteria,c__Actinobacteria,o__Gaiellales,f__norank_o__Gaiellales,g__norank_o__Gaiellales,s__uncultured_prokaryote_g__norank_o__Gaiellales,OTU3486,2,2.76774e-6,11.764705882353%
d__Bacteria,k__norank_d__Bacteria,p__Proteobacteria,c__Gammaproteobacteria,o__Betaproteobacteriales,f__Burkholderiaceae,g__unclassified_f__Burkholderiaceae,s__unclassified_f__Burkholderiaceae,OTU3424,485,0.00067,64.705882352941%
d__Bacteria,k__norank_d__Bacteria,p__Firmicutes,c__Clostridia,o__Clostridiales,f__Family_XII_o__Clostridiales,g__unclassified_f__Family_XII_o__Clostridiales,s__unclassified_f__Family_XII_o__Clostridiales,OTU3508,3,4.15161e-6,5.8823529411765%
d__Bacteria,k__norank_d__Bacteria,p__Firmicutes,c__Clostridia,o__Clostridiales,f__Peptostreptococcaceae,g__Romboutsia,s__uncultured_bacterium_g__Romboutsia,OTU3613,666,0.00092,76.470588235294%
d__Bacteria,k__norank_d__Bacteria,p__Proteobacteria,c__Deltaproteobacteria,o__Bdellovibrionales,f__Bdellovibrionaceae,g__Bdellovibrio,s__unclassified_g__Bdellovibrio,OTU3585,6,8.30321e-6,17.647058823529%
d__Bacteria,k__norank_d__Bacteria,p__Kiritimatiellaeota,c__Kiritimatiellae,o__WCHB1-41,f__norank_o__WCHB1-41,g__norank_o__WCHB1-41,s__metagenome_g__norank_o__WCHB1-41,OTU3501,3,4.15161e-6,17.647058823529%
d__Bacteria,k__norank_d__Bacteria,p__Firmicutes,c__Clostridia,o__Clostridiales,f__Ruminococcaceae,g__unclassified_f__Ruminococcaceae,s__unclassified_f__Ruminococcaceae,OTU3571,5,6.91934e-6,23.529411764706%
d__Bacteria,k__norank_d__Bacteria,p__Proteobacteria,c__Gammaproteobacteria,o__Betaproteobacteriales,f__B1-7BS,g__norank_f__B1-7BS,s__unclassified_g__norank_f__B1-7BS,OTU3547,4,5.53547e-6,17.647058823529%
d__Bacteria,k__norank_d__Bacteria,p__Proteobacteria,c__Deltaproteobacteria,o__Myxococcales,f__Haliangiaceae,g__Haliangium,s__unclassified_g__Haliangium,OTU3576,24,3.0E-5,47.058823529412%
d__Bacteria,k__norank_d__Bacteria,p__Firmicutes,c__Erysipelotrichia,o__Erysipelotrichales,f__Erysipelotrichaceae,g__unclassified_f__Erysipelotrichaceae,s__unclassified_f__Erysipelotrichaceae,OTU3548,2,2.76774e-6,11.764705882353%
d__Bacteria,k__norank_d__Bacteria,p__Patescibacteria,c__Saccharimonadia,o__Saccharimonadales,f__norank_o__Saccharimonadales,g__norank_o__Saccharimonadales,s__uncultured_bacterium_g__norank_o__Saccharimonadales,OTU3503,433,0.0006,52.941176470588%
d__Bacteria,k__norank_d__Bacteria,p__Proteobacteria,c__Gammaproteobacteria,o__Betaproteobacteriales,f__SC-I-84,g__norank_f__SC-I-84,s__uncultured_bacterium_g__norank_f__SC-I-84,OTU3426,472,0.00065,76.470588235294%
d__Bacteria,k__norank_d__Bacteria,p__Proteobacteria,c__Gammaproteobacteria,o__Betaproteobacteriales,f__Rhodocyclaceae,g__unclassified_f__Rhodocyclaceae,s__unclassified_f__Rhodocyclaceae,OTU3512,218,0.0003,82.352941176471%
d__Bacteria,k__norank_d__Bacteria,p__Patescibacteria,c__Parcubacteria,o__Candidatus_Moranbacteria,f__norank_o__Candidatus_Moranbacteria,g__norank_o__Candidatus_Moranbacteria,s__unclassified_g__norank_o__Candidatus_Moranbacteria,OTU3569,7,9.68708e-6,35.294117647059%
d__Bacteria,k__norank_d__Bacteria,p__Armatimonadetes,c__unclassified_p__Armatimonadetes,o__unclassified_p__Armatimonadetes,f__unclassified_p__Armatimonadetes,g__unclassified_p__Armatimonadetes,s__unclassified_p__Armatimonadetes,OTU3439,3,4.15161e-6,11.764705882353%
d__Bacteria,k__norank_d__Bacteria,p__Proteobacteria,c__Deltaproteobacteria,o__Bdellovibrionales,f__Bdellovibrionaceae,g__Bdellovibrio,s__uncultured_soil_bacterium_g__Bdellovibrio,OTU3463,145,0.0002,52.941176470588%
d__Bacteria,k__norank_d__Bacteria,p__Deinococcus-Thermus,c__Deinococci,o__Thermales,f__Thermaceae,g__Meiothermus,s__uncultured_bacterium_g__Meiothermus,OTU3625,171,0.00024,47.058823529412%
d__Bacteria,k__norank_d__Bacteria,p__Proteobacteria,c__Gammaproteobacteria,o__Betaproteobacteriales,f__SC-I-84,g__norank_f__SC-I-84,s__unclassified_g__norank_f__SC-I-84,OTU3588,24,3.0E-5,64.705882352941%
d__Bacteria,k__norank_d__Bacteria,p__Proteobacteria,c__Deltaproteobacteria,o__Myxococcales,f__bacteriap25,g__norank_f__bacteriap25,s__unclassified_g__norank_f__bacteriap25,OTU3513,53,7.0E-5,47.058823529412%
d__Bacteria,k__norank_d__Bacteria,p__Zixibacteria,c__norank_p__Zixibacteria,o__norank_p__Zixibacteria,f__norank_p__Zixibacteria,g__norank_p__Zixibacteria,s__unclassified_g__norank_p__Zixibacteria,OTU3577,20,3.0E-5,41.176470588235%
d__Bacteria,k__norank_d__Bacteria,p__Proteobacteria,c__Gammaproteobacteria,o__Betaproteobacteriales,f__SC-I-84,g__norank_f__SC-I-84,s__unclassified_g__norank_f__SC-I-84,OTU3381,33,5.0E-5,76.470588235294%
d__Bacteria,k__norank_d__Bacteria,p__Bacteroidetes,c__Bacteroidia,o__Bacteroidales,f__Prolixibacteraceae,g__norank_f__Prolixibacteraceae,s__unclassified_g__norank_f__Prolixibacteraceae,OTU3550,7,9.68708e-6,23.529411764706%
d__Bacteria,k__norank_d__Bacteria,p__Proteobacteria,c__Gammaproteobacteria,o__norank_c__Gammaproteobacteria,f__norank_c__Gammaproteobacteria,g__norank_c__Gammaproteobacteria,s__unclassified_g__norank_c__Gammaproteobacteria,OTU3551,4,5.53547e-6,23.529411764706%
d__Bacteria,k__norank_d__Bacteria,p__Proteobacteria,c__Deltaproteobacteria,o__Desulfuromonadales,f__Geobacteraceae,g__Geobacter,s__unclassified_g__Geobacter,OTU3615,49,7.0E-5,58.823529411765%
d__Bacteria,k__norank_d__Bacteria,p__unclassified_k__norank_d__Bacteria,c__unclassified_k__norank_d__Bacteria,o__unclassified_k__norank_d__Bacteria,f__unclassified_k__norank_d__Bacteria,g__unclassified_k__norank_d__Bacteria,s__unclassified_k__norank_d__Bacteria,OTU3536,2,2.76774e-6,11.764705882353%
d__Bacteria,k__norank_d__Bacteria,p__Patescibacteria,c__Gracilibacteria,o__Candidatus_Peregrinibacteria,f__norank_o__Candidatus_Peregrinibacteria,g__norank_o__Candidatus_Peregrinibacteria,s__uncultured_bacterium_g__norank_o__Candidatus_Peregrinibacteria,OTU3560,11,2.0E-5,35.294117647059%
d__Bacteria,k__norank_d__Bacteria,p__Proteobacteria,c__Deltaproteobacteria,o__Myxococcales,f__Haliangiaceae,g__Haliangium,s__unclassified_g__Haliangium,OTU3511,94,0.00013,35.294117647059%
d__Bacteria,k__norank_d__Bacteria,p__Proteobacteria,c__Gammaproteobacteria,o__unclassified_c__Gammaproteobacteria,f__unclassified_c__Gammaproteobacteria,g__unclassified_c__Gammaproteobacteria,s__unclassified_c__Gammaproteobacteria,OTU3472,83,0.00011,47.058823529412%
d__Bacteria,k__norank_d__Bacteria,p__Patescibacteria,c__Saccharimonadia,o__Saccharimonadales,f__norank_o__Saccharimonadales,g__norank_o__Saccharimonadales,s__metagenome_g__norank_o__Saccharimonadales,OTU3579,26,4.0E-5,52.941176470588%
d__Bacteria,k__norank_d__Bacteria,p__Patescibacteria,c__CPR2,o__norank_c__CPR2,f__norank_c__CPR2,g__norank_c__CPR2,s__unclassified_g__norank_c__CPR2,OTU3593,19,3.0E-5,29.411764705882%
d__Bacteria,k__norank_d__Bacteria,p__Dependentiae,c__Babeliae,o__Babeliales,f__Babeliaceae,g__norank_f__Babeliaceae,s__uncultured_organism_g__norank_f__Babeliaceae,OTU3449,14,2.0E-5,41.176470588235%
d__Bacteria,k__norank_d__Bacteria,p__Proteobacteria,c__Deltaproteobacteria,o__SAR324_cladeMarine_group_B,f__norank_o__SAR324_cladeMarine_group_B,g__norank_o__SAR324_cladeMarine_group_B,s__unclassified_g__norank_o__SAR324_cladeMarine_group_B,OTU3592,3,4.15161e-6,11.764705882353%
d__Bacteria,k__norank_d__Bacteria,p__unclassified_k__norank_d__Bacteria,c__unclassified_k__norank_d__Bacteria,o__unclassified_k__norank_d__Bacteria,f__unclassified_k__norank_d__Bacteria,g__unclassified_k__norank_d__Bacteria,s__unclassified_k__norank_d__Bacteria,OTU3533,19,3.0E-5,41.176470588235%
d__Bacteria,k__norank_d__Bacteria,p__Acidobacteria,c__Blastocatellia_Subgroup_4,o__11-24,f__norank_o__11-24,g__norank_o__11-24,s__unclassified_g__norank_o__11-24,OTU3384,79,0.00011,47.058823529412%
d__Bacteria,k__norank_d__Bacteria,p__Patescibacteria,c__Saccharimonadia,o__Saccharimonadales,f__unclassified_o__Saccharimonadales,g__unclassified_o__Saccharimonadales,s__unclassified_o__Saccharimonadales,OTU3544,9,1.0E-5,23.529411764706%
d__Bacteria,k__norank_d__Bacteria,p__Hydrogenedentes,c__Hydrogenedentia,o__Hydrogenedentiales,f__Hydrogenedensaceae,g__norank_f__Hydrogenedensaceae,s__uncultured_bacterium_g__norank_f__Hydrogenedensaceae,OTU3643,36,5.0E-5,47.058823529412%
d__Bacteria,k__norank_d__Bacteria,p__Chloroflexi,c__Anaerolineae,o__ADurb.Bin180,f__norank_o__ADurb.Bin180,g__norank_o__ADurb.Bin180,s__uncultured_bacterium_SJA-68,OTU3624,8,1.0E-5,23.529411764706%
d__Bacteria,k__norank_d__Bacteria,p__Zixibacteria,c__norank_p__Zixibacteria,o__norank_p__Zixibacteria,f__norank_p__Zixibacteria,g__norank_p__Zixibacteria,s__uncultured_bacterium_g__norank_p__Zixibacteria,OTU3557,16,2.0E-5,35.294117647059%
d__Bacteria,k__norank_d__Bacteria,p__Proteobacteria,c__Gammaproteobacteria,o__Legionellales,f__Legionellaceae,g__Legionella,s__unclassified_g__Legionella,OTU3436,7,9.68708e-6,23.529411764706%
d__Bacteria,k__norank_d__Bacteria,p__Proteobacteria,c__Deltaproteobacteria,o__SAR324_cladeMarine_group_B,f__norank_o__SAR324_cladeMarine_group_B,g__norank_o__SAR324_cladeMarine_group_B,s__unclassified_g__norank_o__SAR324_cladeMarine_group_B,OTU3520,3,4.15161e-6,11.764705882353%
d__Bacteria,k__norank_d__Bacteria,p__Planctomycetes,c__Phycisphaerae,o__Tepidisphaerales,f__WD2101_soil_group,g__norank_f__WD2101_soil_group,s__uncultured_bacterium_g__norank_f__WD2101_soil_group,OTU3556,5,6.91934e-6,17.647058823529%
d__Bacteria,k__norank_d__Bacteria,p__Bacteroidetes,c__Ignavibacteria,o__Kryptoniales,f__BSV26,g__norank_f__BSV26,s__uncultured_Chlorobi_bacterium_g__norank_f__BSV26,OTU3483,12,2.0E-5,41.176470588235%
d__Bacteria,k__norank_d__Bacteria,p__Actinobacteria,c__Actinobacteria,o__Coriobacteriales,f__Coriobacteriaceae,g__Collinsella,s__Collinsella_aerofaciens,OTU3531,395,0.00055,52.941176470588%
d__Bacteria,k__norank_d__Bacteria,p__Proteobacteria,c__Gammaproteobacteria,o__Methylococcales,f__Methylomonaceae,g__Crenothrix,s__uncultured_bacterium_g__Crenothrix,OTU3595,473,0.00065,64.705882352941%
d__Bacteria,k__norank_d__Bacteria,p__Kiritimatiellaeota,c__Kiritimatiellae,o__WCHB1-41,f__norank_o__WCHB1-41,g__norank_o__WCHB1-41,s__uncultured_verrucomicrobium_DEV045,OTU3609,11,2.0E-5,29.411764705882%
d__Bacteria,k__norank_d__Bacteria,p__Proteobacteria,c__Alphaproteobacteria,o__norank_c__Alphaproteobacteria,f__norank_c__Alphaproteobacteria,g__norank_c__Alphaproteobacteria,s__unclassified_g__norank_c__Alphaproteobacteria,OTU3606,15,2.0E-5,52.941176470588%
d__Bacteria,k__norank_d__Bacteria,p__Actinobacteria,c__Actinobacteria,o__Micrococcales,f__Dermatophilaceae,g__Piscicoccus,s__unclassified_g__Piscicoccus,OTU3397,13,2.0E-5,29.411764705882%
d__Bacteria,k__norank_d__Bacteria,p__Firmicutes,c__Clostridia,o__Clostridiales,f__Ruminococcaceae,g__norank_f__Ruminococcaceae,s__unclassified_g__norank_f__Ruminococcaceae,OTU3555,2,2.76774e-6,11.764705882353%
d__Bacteria,k__norank_d__Bacteria,p__Proteobacteria,c__Gammaproteobacteria,o__unclassified_c__Gammaproteobacteria,f__unclassified_c__Gammaproteobacteria,g__unclassified_c__Gammaproteobacteria,s__unclassified_c__Gammaproteobacteria,OTU3451,4,5.53547e-6,11.764705882353%
d__Bacteria,k__norank_d__Bacteria,p__Proteobacteria,c__Gammaproteobacteria,o__Betaproteobacteriales,f__A21b,g__norank_f__A21b,s__unclassified_g__norank_f__A21b,OTU3652,25,3.0E-5,58.823529411765%
d__Bacteria,k__norank_d__Bacteria,p__Cyanobacteria,c__Melainabacteria,o__Obscuribacterales,f__norank_o__Obscuribacterales,g__norank_o__Obscuribacterales,s__uncultured_bacterium_g__norank_o__Obscuribacterales,OTU3574,91,0.00013,70.588235294118%
d__Bacteria,k__norank_d__Bacteria,p__Dependentiae,c__Babeliae,o__Babeliales,f__UBA12409,g__norank_f__UBA12409,s__uncultured_bacterium_g__norank_f__UBA12409,OTU3633,7,9.68708e-6,29.411764705882%
d__Bacteria,k__norank_d__Bacteria,p__Firmicutes,c__Negativicutes,o__Selenomonadales,f__Veillonellaceae,g__Veillonella,s__unclassified_g__Veillonella,OTU3564,5,6.91934e-6,23.529411764706%
d__Bacteria,k__norank_d__Bacteria,p__Proteobacteria,c__Deltaproteobacteria,o__SAR324_cladeMarine_group_B,f__norank_o__SAR324_cladeMarine_group_B,g__norank_o__SAR324_cladeMarine_group_B,s__uncultured_bacterium_g__norank_o__SAR324_cladeMarine_group_B,OTU3535,101,0.00014,47.058823529412%
d__Bacteria,k__norank_d__Bacteria,p__Chloroflexi,c__Anaerolineae,o__SBR1031,f__norank_o__SBR1031,g__norank_o__SBR1031,s__uncultured_Caldilineaceae_bacterium_g__norank_o__SBR1031,OTU3529,12,2.0E-5,35.294117647059%
d__Bacteria,k__norank_d__Bacteria,p__Firmicutes,c__Clostridia,o__Clostridiales,f__Lachnospiraceae,g__Acetitomaculum,s__unclassified_g__Acetitomaculum,OTU3638,38,5.0E-5,47.058823529412%
d__Bacteria,k__norank_d__Bacteria,p__Actinobacteria,c__Actinobacteria,o__Gaiellales,f__norank_o__Gaiellales,g__norank_o__Gaiellales,s__unclassified_g__norank_o__Gaiellales,OTU3448,8,1.0E-5,35.294117647059%
d__Bacteria,k__norank_d__Bacteria,p__Proteobacteria,c__Alphaproteobacteria,o__Rhizobiales,f__Beijerinckiaceae,g__unclassified_f__Beijerinckiaceae,s__unclassified_f__Beijerinckiaceae,OTU3500,5,6.91934e-6,29.411764705882%
d__Bacteria,k__norank_d__Bacteria,p__Firmicutes,c__Clostridia,o__Clostridiales,f__Peptostreptococcaceae,g__Paraclostridium,s__Paraclostridium_bifermentans,OTU3614,163,0.00023,58.823529411765%
d__Bacteria,k__norank_d__Bacteria,p__Proteobacteria,c__Deltaproteobacteria,o__Deltaproteobacteria_Incertae_Sedis,f__unclassified_o__Deltaproteobacteria_Incertae_Sedis,g__Deferrisoma,s__uncultured_delta_proteobacterium_g__Deferrisoma,OTU3623,3,4.15161e-6,17.647058823529%
d__Bacteria,k__norank_d__Bacteria,p__Proteobacteria,c__Deltaproteobacteria,o__Bdellovibrionales,f__Bdellovibrionaceae,g__Bdellovibrio,s__metagenome_g__Bdellovibrio,OTU3558,33,5.0E-5,41.176470588235%
d__Bacteria,k__norank_d__Bacteria,p__Proteobacteria,c__Deltaproteobacteria,o__Myxococcales,f__Polyangiaceae,g__Pajaroellobacter,s__unclassified_g__Pajaroellobacter,OTU3404,62,9.0E-5,47.058823529412%
d__Bacteria,k__norank_d__Bacteria,p__Proteobacteria,c__Gammaproteobacteria,o__Betaproteobacteriales,f__Nitrosomonadaceae,g__Ellin6067,s__uncultured_bacterium_g__Ellin6067,OTU3655,117,0.00016,70.588235294118%
d__Bacteria,k__norank_d__Bacteria,p__Chloroflexi,c__Anaerolineae,o__RBG-13-54-9,f__norank_o__RBG-13-54-9,g__norank_o__RBG-13-54-9,s__unclassified_g__norank_o__RBG-13-54-9,OTU3610,2,2.76774e-6,5.8823529411765%
d__Bacteria,k__norank_d__Bacteria,p__Chloroflexi,c__KD4-96,o__norank_c__KD4-96,f__norank_c__KD4-96,g__norank_c__KD4-96,s__unclassified_g__norank_c__KD4-96,OTU3575,20175,0.02792,88.235294117647%
d__Bacteria,k__norank_d__Bacteria,p__Proteobacteria,c__Gammaproteobacteria,o__eub62A3,f__norank_o__eub62A3,g__norank_o__eub62A3,s__uncultured_bacterium_g__norank_o__eub62A3,OTU3640,22,3.0E-5,41.176470588235%
d__Bacteria,k__norank_d__Bacteria,p__Chloroflexi,c__KD4-96,o__norank_c__KD4-96,f__norank_c__KD4-96,g__norank_c__KD4-96,s__uncultured_Chloroflexi_bacterium_g__norank_c__KD4-96,OTU3589,15,2.0E-5,64.705882352941%
d__Bacteria,k__norank_d__Bacteria,p__Chloroflexi,c__Anaerolineae,o__SBR1031,f__norank_o__SBR1031,g__norank_o__SBR1031,s__uncultured_Caldilineaceae_bacterium_g__norank_o__SBR1031,OTU3455,4,5.53547e-6,17.647058823529%
d__Bacteria,k__norank_d__Bacteria,p__Synergistetes,c__Synergistia,o__Synergistales,f__Synergistaceae,g__unclassified_f__Synergistaceae,s__unclassified_f__Synergistaceae,OTU3597,2,2.76774e-6,11.764705882353%
d__Bacteria,k__norank_d__Bacteria,p__Proteobacteria,c__Deltaproteobacteria,o__MBNT15,f__norank_o__MBNT15,g__norank_o__MBNT15,s__uncultured_bacterium_g__norank_o__MBNT15,OTU3538,6,8.30321e-6,23.529411764706%
d__Bacteria,k__norank_d__Bacteria,p__Proteobacteria,c__Alphaproteobacteria,o__Rickettsiales,f__Rickettsiaceae,g__norank_f__Rickettsiaceae,s__unclassified_g__norank_f__Rickettsiaceae,OTU3636,9,1.0E-5,35.294117647059%
d__Bacteria,k__norank_d__Bacteria,p__Proteobacteria,c__Deltaproteobacteria,o__Myxococcales,f__Haliangiaceae,g__Haliangium,s__unclassified_g__Haliangium,OTU3409,74,0.0001,64.705882352941%
d__Bacteria,k__norank_d__Bacteria,p__Epsilonbacteraeota,c__Campylobacteria,o__Campylobacterales,f__Arcobacteraceae,g__Arcobacter,s__unclassified_g__Arcobacter,OTU3605,20,3.0E-5,41.176470588235%
d__Bacteria,k__norank_d__Bacteria,p__Bacteroidetes,c__Ignavibacteria,o__Kryptoniales,f__BSV26,g__norank_f__BSV26,s__uncultured_soil_bacterium_g__norank_f__BSV26,OTU3611,236,0.00033,52.941176470588%
d__Bacteria,k__norank_d__Bacteria,p__Patescibacteria,c__Saccharimonadia,o__Saccharimonadales,f__norank_o__Saccharimonadales,g__norank_o__Saccharimonadales,s__uncultured_bacterium_g__norank_o__Saccharimonadales,OTU3527,922,0.00128,47.058823529412%
d__Bacteria,k__norank_d__Bacteria,p__unclassified_k__norank_d__Bacteria,c__unclassified_k__norank_d__Bacteria,o__unclassified_k__norank_d__Bacteria,f__unclassified_k__norank_d__Bacteria,g__unclassified_k__norank_d__Bacteria,s__unclassified_k__norank_d__Bacteria,OTU3587,17,2.0E-5,35.294117647059%
d__Bacteria,k__norank_d__Bacteria,p__Proteobacteria,c__Deltaproteobacteria,o__Bdellovibrionales,f__Bdellovibrionaceae,g__Bdellovibrio,s__unclassified_g__Bdellovibrio,OTU3604,2,2.76774e-6,5.8823529411765%
d__Bacteria,k__norank_d__Bacteria,p__Proteobacteria,c__Alphaproteobacteria,o__Rhizobiales,f__Xanthobacteraceae,g__Rhodoplanes,s__uncultured_bacterium_g__Rhodoplanes,OTU3465,839,0.00116,88.235294117647%
d__Bacteria,k__norank_d__Bacteria,p__Proteobacteria,c__Gammaproteobacteria,o__Diplorickettsiales,f__Diplorickettsiaceae,g__norank_f__Diplorickettsiaceae,s__unclassified_g__norank_f__Diplorickettsiaceae,OTU3644,180,0.00025,47.058823529412%
d__Bacteria,k__norank_d__Bacteria,p__Dependentiae,c__Babeliae,o__Babeliales,f__unclassified_o__Babeliales,g__unclassified_o__Babeliales,s__unclassified_o__Babeliales,OTU3521,9,1.0E-5,35.294117647059%
d__Bacteria,k__norank_d__Bacteria,p__Proteobacteria,c__Gammaproteobacteria,o__Betaproteobacteriales,f__Burkholderiaceae,g__unclassified_f__Burkholderiaceae,s__unclassified_f__Burkholderiaceae,OTU3542,5,6.91934e-6,29.411764705882%
d__Bacteria,k__norank_d__Bacteria,p__Chloroflexi,c__unclassified_p__Chloroflexi,o__unclassified_p__Chloroflexi,f__unclassified_p__Chloroflexi,g__unclassified_p__Chloroflexi,s__unclassified_p__Chloroflexi,OTU3617,3,4.15161e-6,17.647058823529%
d__Bacteria,k__norank_d__Bacteria,p__Firmicutes,c__Bacilli,o__Lactobacillales,f__Streptococcaceae,g__Lactococcus,s__Lactococcus_garvieae_subsp._garvieae,OTU3651,4,5.53547e-6,11.764705882353%
d__Bacteria,k__norank_d__Bacteria,p__Bacteroidetes,c__Ignavibacteria,o__Kryptoniales,f__BSV26,g__norank_f__BSV26,s__uncultured_soil_bacterium_g__norank_f__BSV26,OTU3423,63,9.0E-5,47.058823529412%
d__Bacteria,k__norank_d__Bacteria,p__Proteobacteria,c__Deltaproteobacteria,o__Myxococcales,f__mle1-27,g__norank_f__mle1-27,s__uncultured_bacterium_g__norank_f__mle1-27,OTU3621,23,3.0E-5,52.941176470588%
d__Bacteria,k__norank_d__Bacteria,p__Chloroflexi,c__Anaerolineae,o__RBG-13-54-9,f__norank_o__RBG-13-54-9,g__norank_o__RBG-13-54-9,s__unclassified_g__norank_o__RBG-13-54-9,OTU3619,2,2.76774e-6,11.764705882353%
d__Bacteria,k__norank_d__Bacteria,p__Proteobacteria,c__Alphaproteobacteria,o__Paracaedibacterales,f__Paracaedibacteraceae,g__Candidatus_Finniella,s__unclassified_g__Candidatus_Finniella,OTU3591,2,2.76774e-6,11.764705882353%
d__Bacteria,k__norank_d__Bacteria,p__Actinobacteria,c__Actinobacteria,o__IMCC26256,f__norank_o__IMCC26256,g__norank_o__IMCC26256,s__uncultured_Acidimicrobidae_bacterium_g__norank_o__IMCC26256,OTU3616,512,0.00071,82.352941176471%
d__Bacteria,k__norank_d__Bacteria,p__Bacteroidetes,c__Bacteroidia,o__Bacteroidales,f__Dysgonomonadaceae,g__Petrimonas,s__uncultured_bacterium_g__Petrimonas,OTU3523,2,2.76774e-6,11.764705882353%
d__Bacteria,k__norank_d__Bacteria,p__Acidobacteria,c__Acidobacteriia,o__Solibacterales,f__Solibacteraceae_Subgroup_3,g__Candidatus_Solibacter,s__unclassified_g__Candidatus_Solibacter,OTU3539,4,5.53547e-6,23.529411764706%
d__Bacteria,k__norank_d__Bacteria,p__Acidobacteria,c__Aminicenantia,o__Aminicenantales,f__norank_o__Aminicenantales,g__norank_o__Aminicenantales,s__unclassified_g__norank_o__Aminicenantales,OTU3453,21,3.0E-5,47.058823529412%
d__Bacteria,k__norank_d__Bacteria,p__Acidobacteria,c__Thermoanaerobaculia,o__Thermoanaerobaculales,f__Thermoanaerobaculaceae,g__Subgroup_10,s__metagenome_g__Subgroup_10,OTU3635,64,9.0E-5,64.705882352941%
d__Bacteria,k__norank_d__Bacteria,p__Proteobacteria,c__Gammaproteobacteria,o__norank_c__Gammaproteobacteria,f__norank_c__Gammaproteobacteria,g__norank_c__Gammaproteobacteria,s__uncultured_bacterium_g__norank_c__Gammaproteobacteria,OTU3546,3,4.15161e-6,11.764705882353%
d__Bacteria,k__norank_d__Bacteria,p__Fibrobacteres,c__Fibrobacteria,o__Fibrobacterales,f__possible_family_01,g__norank_f__possible_family_01,s__uncultured_bacterium_g__norank_f__possible_family_01,OTU3631,2,2.76774e-6,11.764705882353%
d__Bacteria,k__norank_d__Bacteria,p__Proteobacteria,c__Gammaproteobacteria,o__Piscirickettsiales,f__Piscirickettsiaceae,g__Candidatus_Endoecteinascidia,s__unclassified_g__Candidatus_Endoecteinascidia,OTU3648,5,6.91934e-6,17.647058823529%
d__Bacteria,k__norank_d__Bacteria,p__Chloroflexi,c__Anaerolineae,o__RBG-13-54-9,f__norank_o__RBG-13-54-9,g__norank_o__RBG-13-54-9,s__unclassified_g__norank_o__RBG-13-54-9,OTU3598,56,8.0E-5,52.941176470588%
d__Bacteria,k__norank_d__Bacteria,p__Dependentiae,c__Babeliae,o__Babeliales,f__UBA12409,g__norank_f__UBA12409,s__uncultured_bacterium_g__norank_f__UBA12409,OTU3630,44,6.0E-5,52.941176470588%
d__Bacteria,k__norank_d__Bacteria,p__Epsilonbacteraeota,c__Campylobacteria,o__Campylobacterales,f__unclassified_o__Campylobacterales,g__unclassified_o__Campylobacterales,s__unclassified_o__Campylobacterales,OTU3487,3,4.15161e-6,17.647058823529%
d__Bacteria,k__norank_d__Bacteria,p__Chloroflexi,c__Anaerolineae,o__Anaerolineales,f__Anaerolineaceae,g__unclassified_f__Anaerolineaceae,s__unclassified_f__Anaerolineaceae,OTU3562,48,7.0E-5,47.058823529412%
d__Bacteria,k__norank_d__Bacteria,p__unclassified_k__norank_d__Bacteria,c__unclassified_k__norank_d__Bacteria,o__unclassified_k__norank_d__Bacteria,f__unclassified_k__norank_d__Bacteria,g__unclassified_k__norank_d__Bacteria,s__unclassified_k__norank_d__Bacteria,OTU3524,3,4.15161e-6,17.647058823529%
d__Bacteria,k__norank_d__Bacteria,p__Acidobacteria,c__Holophagae,o__Holophagales,f__Holophagaceae,g__norank_f__Holophagaceae,s__uncultured_Acidobacteria_bacterium_g__norank_f__Holophagaceae,OTU3457,198,0.00027,47.058823529412%
d__Bacteria,k__norank_d__Bacteria,p__Planctomycetes,c__OM190,o__norank_c__OM190,f__norank_c__OM190,g__norank_c__OM190,s__uncultured_bacterium_g__norank_c__OM190,OTU3650,16,2.0E-5,35.294117647059%
d__Bacteria,k__norank_d__Bacteria,p__Proteobacteria,c__Gammaproteobacteria,o__Thiotrichales,f__Thiotrichaceae,g__Thiothrix,s__Thiothrix_defluvii,OTU3653,12,2.0E-5,41.176470588235%
d__Bacteria,k__norank_d__Bacteria,p__Proteobacteria,c__Deltaproteobacteria,o__Myxococcales,f__Haliangiaceae,g__Haliangium,s__unclassified_g__Haliangium,OTU3632,4,5.53547e-6,23.529411764706%
d__Bacteria,k__norank_d__Bacteria,p__Patescibacteria,c__WS6_Dojkabacteria,o__norank_c__WS6_Dojkabacteria,f__norank_c__WS6_Dojkabacteria,g__norank_c__WS6_Dojkabacteria,s__unclassified_g__norank_c__WS6_Dojkabacteria,OTU3554,223,0.00031,52.941176470588%
d__Bacteria,k__norank_d__Bacteria,p__Bacteroidetes,c__Bacteroidia,o__Sphingobacteriales,f__KD3-93,g__norank_f__KD3-93,s__uncultured_bacterium_g__norank_f__KD3-93,OTU3499,20,3.0E-5,35.294117647059%
d__Bacteria,k__norank_d__Bacteria,p__Bacteroidetes,c__Ignavibacteria,o__Kryptoniales,f__BSV26,g__norank_f__BSV26,s__unclassified_g__norank_f__BSV26,OTU3570,6,8.30321e-6,17.647058823529%
d__Bacteria,k__norank_d__Bacteria,p__Chloroflexi,c__TK10,o__norank_c__TK10,f__norank_c__TK10,g__norank_c__TK10,s__uncultured_bacterium_g__norank_c__TK10,OTU3549,3,4.15161e-6,5.8823529411765%
d__Bacteria,k__norank_d__Bacteria,p__Proteobacteria,c__Gammaproteobacteria,o__eub62A3,f__norank_o__eub62A3,g__norank_o__eub62A3,s__unclassified_g__norank_o__eub62A3,OTU3654,9,1.0E-5,17.647058823529%
d__Bacteria,k__norank_d__Bacteria,p__Proteobacteria,c__Gammaproteobacteria,o__Betaproteobacteriales,f__Rhodocyclaceae,g__Azospira,s__uncultured_Rhodocyclus_sp._g__Azospira,OTU3639,31,4.0E-5,58.823529411765%
d__Bacteria,k__norank_d__Bacteria,p__Proteobacteria,c__Gammaproteobacteria,o__unclassified_c__Gammaproteobacteria,f__unclassified_c__Gammaproteobacteria,g__unclassified_c__Gammaproteobacteria,s__unclassified_c__Gammaproteobacteria,OTU3561,5,6.91934e-6,23.529411764706%
d__Bacteria,k__norank_d__Bacteria,p__Proteobacteria,c__Gammaproteobacteria,o__Betaproteobacteriales,f__Nitrosomonadaceae,g__Nitrosomonas,s__unclassified_g__Nitrosomonas,OTU3473,100,0.00014,47.058823529412%
d__Bacteria,k__norank_d__Bacteria,p__Firmicutes,c__Clostridia,o__Clostridiales,f__Christensenellaceae,g__Christensenellaceae_R-7_group,s__uncultured_bacterium_g__Christensenellaceae_R-7_group,OTU3509,5,6.91934e-6,23.529411764706%
d__Bacteria,k__norank_d__Bacteria,p__Actinobacteria,c__Actinobacteria,o__norank_c__Actinobacteria,f__norank_c__Actinobacteria,g__norank_c__Actinobacteria,s__metagenome_g__norank_c__Actinobacteria,OTU3581,76,0.00011,64.705882352941%
d__Bacteria,k__norank_d__Bacteria,p__Bacteroidetes,c__Bacteroidia,o__Bacteroidales,f__Rikenellaceae,g__Blvii28_wastewater-sludge_group,s__uncultured_Anaerophaga_sp._g__Blvii28_wastewater-sludge_group,OTU3567,11,2.0E-5,17.647058823529%
d__Bacteria,k__norank_d__Bacteria,p__Chloroflexi,c__Anaerolineae,o__Anaerolineales,f__Anaerolineaceae,g__norank_f__Anaerolineaceae,s__uncultured_soil_bacterium_g__norank_f__Anaerolineaceae,OTU3642,3,4.15161e-6,11.764705882353%
d__Bacteria,k__norank_d__Bacteria,p__Verrucomicrobia,c__Verrucomicrobiae,o__Verrucomicrobiales,f__Verrucomicrobiaceae,g__Roseimicrobium,s__uncultured_Verrucomicrobia_bacterium_g__Roseimicrobium,OTU3566,59,8.0E-5,47.058823529412%
d__Bacteria,k__norank_d__Bacteria,p__Firmicutes,c__Bacilli,o__Lactobacillales,f__Lactobacillaceae,g__Lactobacillus,s__Lactobacillus_mucosae_LM1,OTU3489,2,2.76774e-6,11.764705882353%
d__Bacteria,k__norank_d__Bacteria,p__Proteobacteria,c__Gammaproteobacteria,o__Legionellales,f__Legionellaceae,g__Legionella,s__unclassified_g__Legionella,OTU3620,16,2.0E-5,47.058823529412%
d__Bacteria,k__norank_d__Bacteria,p__Latescibacteria,c__Latescibacteria,o__norank_c__Latescibacteria,f__norank_c__Latescibacteria,g__norank_c__Latescibacteria,s__unclassified_g__norank_c__Latescibacteria,OTU3510,17,2.0E-5,41.176470588235%
d__Bacteria,k__norank_d__Bacteria,p__Firmicutes,c__Clostridia,o__Clostridiales,f__Ruminococcaceae,g__Ruminococcaceae_NK4A214_group,s__metagenome_g__Ruminococcaceae_NK4A214_group,OTU3573,4,5.53547e-6,17.647058823529%
d__Bacteria,k__norank_d__Bacteria,p__Proteobacteria,c__Gammaproteobacteria,o__JG36-GS-52,f__norank_o__JG36-GS-52,g__norank_o__JG36-GS-52,s__uncultured_bacterium_g__norank_o__JG36-GS-52,OTU3645,768,0.00106,52.941176470588%
d__Bacteria,k__norank_d__Bacteria,p__Patescibacteria,c__Saccharimonadia,o__Saccharimonadales,f__norank_o__Saccharimonadales,g__norank_o__Saccharimonadales,s__uncultured_bacterium_g__norank_o__Saccharimonadales,OTU3572,3,4.15161e-6,11.764705882353%
d__Bacteria,k__norank_d__Bacteria,p__Proteobacteria,c__Deltaproteobacteria,o__Syntrophobacterales,f__Syntrophobacteraceae,g__Desulforhabdus,s__uncultured_bacterium_g__Desulforhabdus,OTU3502,9,1.0E-5,29.411764705882%
d__Bacteria,k__norank_d__Bacteria,p__Armatimonadetes,c__Fimbriimonadia,o__Fimbriimonadales,f__Fimbriimonadaceae,g__norank_f__Fimbriimonadaceae,s__uncultured_bacterium_g__norank_f__Fimbriimonadaceae,OTU3628,17,2.0E-5,35.294117647059%
d__Bacteria,k__norank_d__Bacteria,p__Proteobacteria,c__Gammaproteobacteria,o__Betaproteobacteriales,f__Burkholderiaceae,g__unclassified_f__Burkholderiaceae,s__unclassified_f__Burkholderiaceae,OTU3517,69,0.0001,64.705882352941%
d__Bacteria,k__norank_d__Bacteria,p__Dependentiae,c__Babeliae,o__Babeliales,f__Vermiphilaceae,g__norank_f__Vermiphilaceae,s__uncultured_bacterium_g__norank_f__Vermiphilaceae,OTU3646,402,0.00056,47.058823529412%
d__Bacteria,k__norank_d__Bacteria,p__Bacteroidetes,c__Bacteroidia,o__Sphingobacteriales,f__AKYH767,g__norank_f__AKYH767,s__unclassified_g__norank_f__AKYH767,OTU3583,10,1.0E-5,29.411764705882%
d__Bacteria,k__norank_d__Bacteria,p__Acidobacteria,c__Holophagae,o__Holophagales,f__Holophagaceae,g__norank_f__Holophagaceae,s__unclassified_g__norank_f__Holophagaceae,OTU3590,4,5.53547e-6,17.647058823529%
d__Bacteria,k__norank_d__Bacteria,p__Proteobacteria,c__Deltaproteobacteria,o__SAR324_cladeMarine_group_B,f__norank_o__SAR324_cladeMarine_group_B,g__norank_o__SAR324_cladeMarine_group_B,s__unclassified_g__norank_o__SAR324_cladeMarine_group_B,OTU3634,180,0.00025,47.058823529412%
d__Bacteria,k__norank_d__Bacteria,p__Planctomycetes,c__OM190,o__norank_c__OM190,f__norank_c__OM190,g__norank_c__OM190,s__uncultured_bacterium_g__norank_c__OM190,OTU3522,4,5.53547e-6,17.647058823529%
d__Bacteria,k__norank_d__Bacteria,p__Verrucomicrobia,c__Verrucomicrobiae,o__Pedosphaerales,f__Pedosphaeraceae,g__norank_f__Pedosphaeraceae,s__unclassified_g__norank_f__Pedosphaeraceae,OTU3515,7,9.68708e-6,29.411764705882%
d__Bacteria,k__norank_d__Bacteria,p__Proteobacteria,c__Deltaproteobacteria,o__SAR324_cladeMarine_group_B,f__norank_o__SAR324_cladeMarine_group_B,g__norank_o__SAR324_cladeMarine_group_B,s__metagenome_g__norank_o__SAR324_cladeMarine_group_B,OTU3596,348,0.00048,47.058823529412%
d__Bacteria,k__norank_d__Bacteria,p__Actinobacteria,c__Actinobacteria,o__Actinomycetales,f__Actinomycetaceae,g__norank_f__Actinomycetaceae,s__uncultured_bacterium_g__norank_f__Actinomycetaceae,OTU3600,6,8.30321e-6,23.529411764706%
d__Bacteria,k__norank_d__Bacteria,p__Proteobacteria,c__Deltaproteobacteria,o__Myxococcales,f__P3OB-42,g__norank_f__P3OB-42,s__uncultured_bacterium_g__norank_f__P3OB-42,OTU3559,18,2.0E-5,41.176470588235%
d__Bacteria,k__norank_d__Bacteria,p__Patescibacteria,c__Saccharimonadia,o__Saccharimonadales,f__norank_o__Saccharimonadales,g__norank_o__Saccharimonadales,s__uncultured_bacterium_SBR2013,OTU3516,2126,0.00294,64.705882352941%
d__Bacteria,k__norank_d__Bacteria,p__Proteobacteria,c__Alphaproteobacteria,o__Rhizobiales,f__A0839,g__norank_f__A0839,s__unclassified_g__norank_f__A0839,OTU3599,190,0.00026,82.352941176471%
d__Bacteria,k__norank_d__Bacteria,p__Proteobacteria,c__Alphaproteobacteria,o__Rhizobiales,f__Rhizobiales_Incertae_Sedis,g__Bauldia,s__uncultured_bacterium_g__Bauldia,OTU3603,65,9.0E-5,58.823529411765%
d__Bacteria,k__norank_d__Bacteria,p__Chloroflexi,c__Anaerolineae,o__Anaerolineales,f__Anaerolineaceae,g__Longilinea,s__unclassified_g__Longilinea,OTU3586,77,0.00011,47.058823529412%
d__Bacteria,k__norank_d__Bacteria,p__Spirochaetes,c__Leptospirae,o__Leptospirales,f__Leptospiraceae,g__Turneriella,s__metagenome_g__Turneriella,OTU3607,419,0.00058,82.352941176471%
d__Bacteria,k__norank_d__Bacteria,p__Proteobacteria,c__Alphaproteobacteria,o__Rhodobacterales,f__Rhodobacteraceae,g__Defluviimonas,s__uncultured_bacterium_g__Defluviimonas,OTU3528,1942,0.00269,94.117647058824%
d__Bacteria,k__norank_d__Bacteria,p__Patescibacteria,c__CPR2,o__norank_c__CPR2,f__norank_c__CPR2,g__norank_c__CPR2,s__unclassified_g__norank_c__CPR2,OTU3601,3,4.15161e-6,17.647058823529%
d__Bacteria,k__norank_d__Bacteria,p__Proteobacteria,c__Gammaproteobacteria,o__Xanthomonadales,f__Xanthomonadaceae,g__Arenimonas,s__unclassified_g__Arenimonas,OTU3622,1652,0.00229,41.176470588235%
d__Bacteria,k__norank_d__Bacteria,p__Patescibacteria,c__Parcubacteria,o__norank_c__Parcubacteria,f__norank_c__Parcubacteria,g__norank_c__Parcubacteria,s__uncultured_bacterium_g__norank_c__Parcubacteria,OTU3578,126,0.00017,52.941176470588%
d__Bacteria,k__norank_d__Bacteria,p__Patescibacteria,c__WWE3,o__norank_c__WWE3,f__norank_c__WWE3,g__norank_c__WWE3,s__unclassified_g__norank_c__WWE3,OTU3629,11,2.0E-5,35.294117647059%
d__Bacteria,k__norank_d__Bacteria,p__Proteobacteria,c__Gammaproteobacteria,o__norank_c__Gammaproteobacteria,f__norank_c__Gammaproteobacteria,g__norank_c__Gammaproteobacteria,s__metagenome_g__norank_c__Gammaproteobacteria,OTU3626,72,0.0001,47.058823529412%
d__Bacteria,k__norank_d__Bacteria,p__Bacteroidetes,c__Bacteroidia,o__Chitinophagales,f__Chitinophagaceae,g__Ferruginibacter,s__unclassified_g__Ferruginibacter,OTU3582,759,0.00105,94.117647058824%
d__Bacteria,k__norank_d__Bacteria,p__Actinobacteria,c__Actinobacteria,o__Solirubrobacterales,f__67-14,g__norank_f__67-14,s__uncultured_bacterium_g__norank_f__67-14,OTU3641,5,6.91934e-6,17.647058823529%
d__Bacteria,k__norank_d__Bacteria,p__Proteobacteria,c__Gammaproteobacteria,o__Betaproteobacteriales,f__Nitrosomonadaceae,g__Ellin6067,s__uncultured_bacterium_g__Ellin6067,OTU3647,1199,0.00166,70.588235294118%
d__Bacteria,k__norank_d__Bacteria,p__Proteobacteria,c__Deltaproteobacteria,o__SAR324_cladeMarine_group_B,f__norank_o__SAR324_cladeMarine_group_B,g__norank_o__SAR324_cladeMarine_group_B,s__unclassified_g__norank_o__SAR324_cladeMarine_group_B,OTU3584,22,3.0E-5,41.176470588235%
d__Bacteria,k__norank_d__Bacteria,p__Chlamydiae,c__Chlamydiae,o__Chlamydiales,f__Parachlamydiaceae,g__unclassified_f__Parachlamydiaceae,s__unclassified_f__Parachlamydiaceae,OTU3649,29,4.0E-5,47.058823529412%
d__Bacteria,k__norank_d__Bacteria,p__Acidobacteria,c__c5LKS83,o__norank_c__c5LKS83,f__norank_c__c5LKS83,g__norank_c__c5LKS83,s__uncultured_bacterium_g__norank_c__c5LKS83,OTU3594,9,1.0E-5,29.411764705882%
d__Bacteria,k__norank_d__Bacteria,p__Chloroflexi,c__Anaerolineae,o__Anaerolineales,f__Anaerolineaceae,g__norank_f__Anaerolineaceae,s__metagenome_g__norank_f__Anaerolineaceae,OTU3602,56,8.0E-5,47.058823529412%
d__Bacteria,k__norank_d__Bacteria,p__Synergistetes,c__Synergistia,o__Synergistales,f__Synergistaceae,g__JGI-0000079-D21,s__uncultured_bacterium_g__JGI-0000079-D21,OTU3618,14,2.0E-5,41.176470588235%
d__Bacteria,k__norank_d__Bacteria,p__Deinococcus-Thermus,c__Deinococci,o__Thermales,f__Thermaceae,g__Meiothermus,s__uncultured_bacterium_g__Meiothermus,OTU3627,429,0.00059,47.058823529412%
d__Bacteria,k__norank_d__Bacteria,p__Verrucomicrobia,c__Verrucomicrobiae,o__Chthoniobacterales,f__Chthoniobacteraceae,g__Chthoniobacter,s__uncultured_Verrucomicrobia_bacterium_g__Chthoniobacter,OTU3637,15,2.0E-5,35.294117647059%
